lg_country_code,report_date,sessions,transactions,successful_orders,gmv_eur,healthy_ns,total_availability_sessions
my,2025-10-23,1074911,221770,232096,1427776.75,877643,972365
cz,2025-12-11,140822,46729,45820,837049.7,115917,124555
mm,2025-12-11,122455,30125,33207,201842.77,108416,112678
kh,2025-09-17,149160,26121,29023,164731.48,125141,130814
hu,2026-04-05,85175,19810,18523,370144.54,51071,77009
hk,2026-04-05,352477,92779,84934,1738983.78,321313,333853
la,2026-05-26,36380,10446,11649,49426.12,29113,34376
pk,2026-02-17,963517,255125,252959,1142430.39,811340,856024
tw,2025-10-22,1493873,414547,445386,3586557.57,1323593,1400386
la,2025-11-18,33172,8655,9279,37881.93,27947,30229
cz,2026-01-22,131907,41640,41037,756505.3,109971,116890
mm,2025-08-21,125831,31093,34550,203042.31,104594,108715
cz,2025-07-14,114939,34840,34469,593229.58,88002,95882
bd,2025-07-14,296726,57985,65073,270427.82,219150,255811
t3,2026-03-25,1969032,622548,375860,3792304.46,1824356,1878318
no,2025-11-03,70561,15092,14414,503076.8,58477,62814
my,2026-06-09,974113,217624,249255,1503814.15,853791,895293
se,2026-05-28,175961,49832,44028,1305612.89,139195,165280
at,2025-07-13,131359,45978,38530,1141267.26,107254,115124
se,2026-03-11,163776,40028,36642,1112604.48,129887,148624
tw,2026-03-11,1219886,390747,423122,3304871.67,1125720,1149410
mm,2025-08-20,127175,31045,34433,201910.63,105919,110334
my,2026-01-23,865996,213899,243119,1534646.24,789228,814058
sg,2026-01-23,218843,66574,63370,1296542.56,205681,206231
sg,2026-02-15,247478,70099,70134,1566204.95,229822,230922
hk,2026-02-15,340798,94887,84074,1707847.38,316364,324196
bd,2026-01-08,288475,69216,73853,332384.23,240562,263316
sg,2026-03-10,237952,69005,65286,1258137.54,217828,218579
my,2026-05-24,1086432,240736,270820,1818453.49,965708,999855
my,2025-07-02,993487,199815,231552,1385082.09,852609,884323
se,2026-04-03,184204,48925,43946,1361674.99,145695,166776
t3,2025-12-13,1813866,607273,374564,3722495.15,1675952,1735149
tw,2025-08-23,1546573,464582,522849,4507622.8,1395427,1424435
la,2025-12-27,29346,9459,10456,43194.44,25080,27173
at,2025-09-30,101325,36639,31020,926887,82192,88803
se,2026-01-09,197894,55810,46808,1499762.93,163189,181497
hk,2026-03-22,409216,113812,102311,2121919.89,374420,386205
mm,2025-09-19,123779,30125,34213,204433.28,101174,107067
se,2026-05-11,143942,40909,36758,1045727.84,111215,132434
pk,2025-12-12,954916,263902,258204,1115406.86,842268,876850
hu,2026-05-25,147192,41871,36892,792371.14,95341,134930
hk,2026-05-25,387536,106567,94682,1949488.14,355506,367067
ph,2025-10-10,1323742,342858,386361,2505689.59,1122485,1222453
hk,2026-04-04,341847,88819,80517,1647634.19,308649,324187
sg,2025-12-26,204954,60767,59519,1211850.68,189031,190166
hk,2026-03-23,315552,81251,64381,1264082.17,288666,294641
no,2026-05-22,89511,22879,21413,897096.05,80470,83970
pk,2026-05-22,1123277,294350,290104,1406353.68,981587,1014210
tw,2025-10-27,1371482,400486,429012,3382474.6,1242993,1277553
cz,2025-10-27,128339,37877,37434,690214.6,90713,101216
tw,2025-07-19,1665883,491399,537205,4863069.73,1493682,1559279
bd,2025-10-13,276095,61573,66817,283151.25,221088,247209
ph,2025-07-30,1170366,300006,332459,2171851.47,973187,1049232
pk,2025-12-01,880749,231101,227010,980839.11,766489,796179
cz,2025-12-01,122547,37199,36787,652608.27,99089,107005
my,2025-08-11,966749,200338,230608,1303516.64,829093,862708
cz,2026-03-09,124956,35746,35461,633212.24,102491,109220
ph,2026-03-09,1189321,313167,341793,2116858.66,1037744,1091906
t3,2026-06-04,1947558,611318,378987,3783315.57,1809107,1870221
la,2025-07-18,35124,9289,10437,40804.8,28902,30196
pk,2026-04-02,1208085,245488,240245,1068953.08,824576,1111818
tw,2025-10-12,1643299,520331,565270,4823956.58,1516432,1547974
pk,2026-04-17,1135930,293291,292692,1347829.32,990111,1027323
mm,2026-03-21,138212,32424,37766,258110.8,114736,123683
mm,2025-07-07,126524,29879,34603,197248.44,102683,107713
kh,2025-10-11,146572,26370,29221,183879.9,119310,124727
sg,2025-10-11,260345,77986,79682,1641357.13,240511,241439
pk,2026-05-23,1144696,298886,295072,1465185.04,1001317,1030231
no,2026-05-23,101945,26504,24918,1053582.49,90897,95567
kh,2025-08-14,141269,26753,29023,162538.05,120230,124022
t3,2026-06-01,1983171,593387,360944,3608718.42,1830436,1907079
at,2026-06-01,103880,35810,30550,928753.42,82317,95116
t3,2026-04-27,1880610,611899,398091,3744107.91,1749155,1800105
bd,2025-12-17,249918,60350,65196,277092.58,202557,224242
kh,2025-11-21,137393,24847,26882,158773.03,118976,122565
no,2025-10-14,73569,15651,14750,517940.48,61903,66303
mm,2025-10-14,119122,29492,32677,196898.7,97876,105254
sg,2026-01-19,202071,59350,55538,1111577.23,187741,188125
pk,2026-01-05,948448,248039,244501,1068338.12,807932,855286
t3,2025-08-12,1813192,610504,386975,3618779.54,1580189,1665713
se,2025-08-12,144714,38051,32116,919551.89,106299,124935
t3,2025-11-09,1957244,646720,386859,3934744.7,1763580,1849009
se,2025-11-09,212574,62504,52150,1553242.27,153768,184897
hu,2025-07-06,117831,33962,30806,580336.37,80354,98007
at,2025-09-09,94087,32451,27761,807666.88,76255,82262
tw,2025-12-16,1240021,416742,445014,3441414.97,1169363,1181588
hu,2025-12-16,129311,41500,37501,682580.79,107277,116462
my,2025-11-24,1056597,209560,223891,1363990.31,850208,971579
hk,2026-03-19,334370,80927,65347,1308443.77,301906,308479
ph,2026-04-25,1410352,385546,428267,2701922.96,1244425,1309331
no,2025-12-30,75096,17223,17018,650159.69,63562,69132
hk,2025-07-09,342515,79903,66983,1312828.36,309425,315272
ph,2025-12-19,1325544,369309,411675,2798122.79,1090622,1221531
tw,2025-12-19,1268607,427424,460345,3637644.5,1192569,1209868
my,2025-12-19,889851,211879,236980,1524731.53,787432,827527
sg,2026-01-02,201168,59612,57756,1170067.11,186835,187757
t3,2026-06-28,1926281,588083,355003,3832233.21,1754620,1853202
se,2025-11-23,198336,64587,53701,1594510.53,152520,181399
bd,2025-11-23,273221,62832,67178,284022.05,222083,245910
hk,2025-12-04,296246,81218,63605,1242515.96,275754,281439
ph,2026-01-17,1258509,352153,385795,2542973.96,1085597,1182920
la,2026-04-26,35465,9871,10908,47374.3,27441,32686
la,2026-01-03,32759,10026,11078,46424.53,27258,30291
no,2025-11-26,78117,18109,17400,606878.67,67723,71687
hu,2025-09-25,124347,37932,33824,582037.3,95726,103969
kh,2025-09-25,144548,27574,30433,174575.98,118524,128192
la,2026-03-16,34262,8298,9578,41445.89,27296,31157
kh,2025-10-30,149344,26266,28471,159896.51,120668,124329
tw,2026-06-26,1365021,299652,315095,2601236.66,883660,1313751
at,2025-12-07,142750,50633,40055,1267007.66,120038,129976
sg,2025-12-07,260107,80968,81299,1681732.47,242761,245987
kh,2025-11-11,145546,25500,27874,156488.2,120679,124825
pk,2026-03-03,837119,210805,209297,978497.54,691863,757007
la,2025-08-03,37584,10240,11444,46607.9,31226,33911
ph,2025-11-25,1310618,333886,369636,2305829.14,1110876,1204150
t3,2026-03-18,1917217,533726,357845,3801800.46,1618681,1690078
mm,2025-07-21,130207,30638,34237,195265.15,105731,110963
se,2026-01-01,385382,105765,77300,2507786.17,274304,360878
t3,2026-01-01,2019097,499060,234104,2446846.81,1464027,1942080
at,2026-04-10,116959,40678,35331,1120054.34,99820,105245
pk,2025-08-06,925294,228057,227889,941467.1,763304,801582
cz,2026-03-14,143006,36367,42171,860631.64,113655,124610
my,2026-06-23,908877,196194,225571,1357564.33,369496,387887
bd,2026-06-23,312750,70594,75439,346485.3,120799,139416
at,2025-11-14,114537,42789,35532,1092418.05,94872,100884
se,2025-09-13,213288,62692,52078,1606554.29,166846,188519
t3,2026-02-07,1986645,626918,376645,3907664.71,1701257,1755049
la,2026-02-07,34122,10729,11824,51670.56,28884,31497
bd,2025-10-07,288300,64472,71158,298079.8,226062,259938
my,2026-03-29,1142918,244909,270549,1818415.31,920336,1032841
la,2025-11-13,32735,9131,9997,41319.17,28028,29870
t3,2026-05-03,2256909,644999,368428,3847359.52,2078331,2181533
kh,2025-09-26,148199,26765,29718,171474.55,119031,125251
my,2026-02-09,876596,207078,232219,1445648.1,792207,816713
at,2025-07-23,92446,31275,26810,792534.09,72969,79011
at,2025-10-31,107106,38925,32589,1043505,76628,83472
tw,2026-06-21,1482031,460293,498937,4273625.57,120239,131189
se,2026-04-08,163979,42894,39157,1156453.27,133664,150105
at,2025-10-20,94554,32048,27352,809269.87,76897,82708
pk,2025-09-29,859948,213888,217733,894051.62,726297,756828
my,2025-09-15,947871,187334,208207,1339634.07,811770,857718
pk,2025-09-28,1035442,263334,271629,1180744.98,889987,924758
bd,2026-06-22,320639,73672,77494,369132.87,242850,272107
mm,2025-11-15,121010,30778,34247,215830.87,101859,107432
la,2026-03-27,35757,9016,9877,42011.86,27295,32521
pk,2025-11-29,976415,266659,265239,1175862.89,857458,887894
hk,2025-11-29,323134,94549,81263,1678518.81,299320,307908
t3,2025-07-25,1819902,596514,368599,3454971.48,1576293,1660099
la,2026-01-25,33080,9971,11010,47421.35,27911,30779
hk,2025-12-11,291888,80389,63189,1256400.32,273074,278995
ph,2025-07-15,1193950,291129,331280,2167705.84,1016757,1080412
hk,2025-07-15,335563,78034,64754,1261794.38,302893,309523
no,2026-02-17,75875,16093,16293,614407.55,66289,69763
se,2025-10-22,167759,46798,39631,1152100.31,127316,143840
no,2026-05-27,81992,17611,16481,648583.44,69398,77439
no,2026-01-22,74654,17763,17923,646281.28,65418,69052
la,2025-07-14,34932,8957,10102,38679.92,28227,29900
no,2025-09-16,68748,15232,14439,517543.46,57120,61734
no,2026-02-04,76755,16195,16285,601067.18,67637,71153
bd,2026-03-25,327672,68174,72073,331357.42,219037,299297
sg,2025-12-24,227916,66732,66737,1450574.65,211413,212163
ph,2026-06-09,1233185,320375,349118,2153468.13,1055395,1134595
hk,2026-05-28,329763,86160,67086,1359499.51,304914,310457
my,2025-11-17,969633,198277,219398,1319346.1,847128,878533
kh,2026-03-11,102415,24520,26455,156324.15,89814,92404
hk,2026-03-11,316777,82502,65134,1277654.15,288701,296598
la,2025-08-20,34330,9582,10569,40315.82,29702,31223
tw,2026-01-23,1250107,426382,461038,3675584.97,1179776,1195023
bd,2025-10-25,287513,66118,71621,309782.39,232600,256701
t3,2025-10-25,1914817,626416,377173,3766295.6,1725596,1790799
bd,2026-05-24,318274,70803,75664,368219.23,253161,286457
hu,2026-04-18,126349,39607,36584,786394.32,107240,114952
at,2026-06-06,92960,32580,27297,860535.15,74571,84690
hk,2026-06-06,386664,99770,86548,1860113.87,334370,364140
bd,2025-09-05,295907,68833,76095,350872.25,223346,266060
se,2026-03-22,201033,58526,51539,1579695.51,152612,182752
no,2025-11-06,75892,17279,16268,576602.59,64992,68593
tw,2025-09-19,1402515,422397,457434,3775637.29,1285580,1318692
ph,2026-05-11,1343203,347254,380082,2328854.99,1160770,1238207
hu,2025-12-12,146817,49620,44100,834577.93,120769,133536
pk,2025-10-10,945997,221449,217466,904749.19,701544,853066
sg,2025-10-10,231166,67909,66803,1321914.61,212320,213309
bd,2025-11-05,292506,66060,70691,301091.84,237340,261274
hk,2025-07-16,342535,79814,65907,1287314.27,309565,315950
my,2025-11-30,1088597,229155,243865,1565748.45,911489,997141
la,2025-11-30,34253,9852,10933,46077.63,29337,31787
cz,2025-08-22,125802,39953,38927,693729.72,89815,97589
hk,2025-08-22,327812,81497,67031,1388131.65,294784,304033
pk,2025-07-01,908423,205972,214555,869122.07,745544,798900
my,2025-09-18,967541,202952,228940,1367307.11,845676,879159
la,2026-03-23,33416,8261,9114,36924.49,25063,30374
tw,2026-05-22,1256610,415083,442089,3537239.51,1161666,1173648
no,2026-06-03,77805,19160,18003,699829.31,66628,73586
t3,2025-10-27,1742321,556984,330450,3108140.56,1553733,1615279
hu,2025-08-26,105721,32856,29368,505984.97,80909,87121
pk,2025-07-30,906151,223624,223027,924049.72,740639,789140
my,2025-12-01,1014453,221082,241813,1467160.3,885426,926692
pk,2026-04-01,1077936,287854,284584,1275216.02,936963,976451
bd,2026-03-20,280697,49345,57864,342562.76,180743,251386
no,2025-07-05,83947,20953,20052,730019.67,68230,73502
t3,2025-09-07,1901525,616762,377718,3888794.84,1671716,1798886
la,2026-02-13,32164,9640,10621,44658.13,27097,29666
hk,2025-08-25,318618,77226,62902,1238268.18,284946,294561
mm,2026-02-14,136259,33013,36592,239580.13,116670,125504
tw,2025-07-04,1559779,448505,489841,4286795.42,1409479,1447357
sg,2025-10-26,283105,84032,85790,1766661.33,263129,264328
tw,2026-06-05,1352284,420311,451972,3712310.35,1221366,1282692
bd,2025-11-07,311668,72409,78392,356876.77,235912,278553
my,2025-07-07,1006920,200654,236333,1379114.99,863557,897502
pk,2026-04-13,1048385,270335,268529,1217566.07,906397,941413
tw,2026-01-04,1504938,501975,541348,4488994.38,1414753,1441914
pk,2025-10-11,981073,230348,229086,972929.27,727251,885891
t3,2026-05-23,1995811,615354,374171,3936390.67,1863401,1916692
my,2026-03-07,851030,181691,203123,1397310.72,741823,783234
hu,2025-12-17,136351,44143,39285,718281.25,113255,122802
t3,2026-01-18,2021895,568085,304197,3214305.9,1756273,1935660
tw,2026-05-20,1210588,385085,416044,3276326.68,1131536,1146779
my,2025-07-31,1024065,220065,249122,1527381.67,877378,908737
hu,2026-01-30,132562,42525,37282,716819.16,110465,120033
bd,2026-01-19,256099,60171,64791,280423.56,216375,233855
pk,2025-08-27,905246,220723,222170,924753.81,742026,798396
ph,2026-03-08,1343204,371613,406957,2654590.02,1158933,1237490
kh,2026-04-29,124179,28981,30932,183422.04,111209,114578
no,2025-11-09,115778,31527,29455,1067481.95,98987,106108
la,2026-06-17,34473,10594,11771,51841.41,29121,32563
bd,2025-12-16,283376,67298,74051,333500.22,231972,256735
kh,2025-10-17,151927,27156,29808,172764.66,120373,124527
tw,2026-05-07,1168414,386784,417376,3316492,1101010,1110720
no,2026-03-04,79030,16430,15632,591808.25,69675,72995
mm,2026-03-19,133750,29783,37207,244244.63,111396,118220
pk,2026-03-19,986349,165433,181232,951614.65,675550,887559
pk,2025-08-16,999171,244594,243474,1029190.04,828158,872676
mm,2026-05-21,136384,34435,37562,252162.65,114482,123545
no,2026-02-23,71361,15835,15212,568630.15,61283,65232
at,2025-12-30,106396,37129,31029,1004710.38,87031,95782
pk,2025-12-19,939311,256519,257071,1122431.86,811628,845790
ph,2026-06-28,1376532,374253,412088,2690626.74,1196952,1275451
sg,2026-06-28,293351,90676,91008,1986355.21,274704,275565
se,2025-10-02,167406,46304,39233,1144061.23,127907,145847
pk,2026-06-14,1176800,308162,305165,1479067.47,1024704,1063642
la,2026-06-15,35467,11000,12213,52608.73,29351,33192
ph,2026-03-05,1240577,341320,372787,2348302.7,1067236,1121494
bd,2026-03-31,307242,70483,76909,335123.1,246684,275606
se,2026-01-17,217516,63906,54367,1770946.74,181582,202110
mm,2026-01-17,116436,31211,34546,219542.29,101889,107092
cz,2026-04-26,124425,38252,37406,767516.58,99624,111322
my,2026-01-03,883701,207824,231820,1480495.05,791335,821426
bd,2026-06-11,315945,73396,78381,369428.96,244217,287831
no,2025-10-05,113605,30903,28940,1020176.92,95291,104595
pk,2025-11-26,899948,239881,234580,999895.34,798008,824259
kh,2026-02-10,107589,25506,27569,163582.46,96165,98819
ph,2026-03-16,1204154,280510,348970,2163415.98,1036731,1093760
t3,2026-02-21,1824263,522038,327067,3412753.47,1687714,1747415
pk,2025-11-11,915969,234892,234577,979225.54,794453,822264
se,2025-10-04,246070,72953,59642,1872290.29,191801,218664
cz,2026-03-03,123222,35767,35491,635127.12,72025,77894
kh,2026-03-17,136199,31019,35143,186726.17,118112,124033
ph,2025-08-03,1273345,336691,374667,2503142.32,1039620,1146176
se,2025-08-03,192629,58411,47061,1393458.42,135014,166885
tw,2025-11-25,1321095,410321,435877,3452862.99,1223226,1241153
ph,2025-09-23,1309914,308027,348732,2220429.39,1032405,1213418
tw,2026-03-18,1272376,369598,421758,3284995.25,1144297,1159414
bd,2025-08-02,301167,62932,67535,301100.24,216301,266160
hu,2025-08-02,110831,31757,27590,529599.03,84700,91865
pk,2026-01-01,1070647,259266,253860,1161953.51,873747,977572
no,2025-12-06,102594,27072,25804,968211.48,91386,95329
my,2025-11-10,1002512,211662,237353,1373193.14,879184,913610
at,2025-08-06,96700,33330,28143,830611.36,76164,82609
bd,2026-05-02,324922,69862,74259,352419.2,252401,295792
at,2025-10-07,95894,34443,29324,863120.63,78137,84057
hu,2025-09-12,132156,43401,39087,710320.57,103186,110696
cz,2026-01-12,139656,39264,37971,702526.35,110266,123794
t3,2025-12-09,1734216,563914,348022,3356177.99,1598189,1656899
se,2025-09-11,174073,48389,40547,1182926.34,132068,151304
la,2026-04-22,35351,8802,9529,37921.98,26559,33037
bd,2025-12-08,271316,65084,68182,287230.01,223349,246960
sg,2026-03-26,248022,72792,68867,1365573.02,227327,228739
sg,2026-06-21,293801,88912,89448,1980099.4,18793,18876
cz,2026-05-14,140361,44264,43514,815902.08,117439,125294
se,2026-05-14,199052,57260,50506,1502427.63,160247,185750
hk,2026-05-14,325649,83160,65549,1313305.95,300000,308069
la,2025-11-02,38614,10160,11238,49209.32,31587,35434
tw,2025-11-02,1725216,491594,527533,4526741.48,1532369,1619005
pk,2026-01-13,968160,247411,243164,1056584.54,826363,897665
kh,2025-07-27,128744,25617,27938,174984.11,101614,110358
hu,2025-10-20,106561,33219,30079,515944.94,87467,95502
la,2025-09-29,36290,8527,9359,37279.67,27455,32599
hk,2025-09-29,300401,75673,59335,1173530.63,271787,280664
sg,2025-10-09,220850,63841,61754,1189380.76,202160,202991
kh,2025-11-01,151163,26263,29138,184480.45,121619,125979
sg,2025-12-22,201647,58352,57211,1108355.37,185447,186154
mm,2025-08-07,127483,32417,35800,209056.83,105351,111373
t3,2026-02-06,1896946,609081,361094,3624118.28,1648502,1699435
kh,2025-09-14,141326,26901,29631,191682.34,117195,123638
bd,2025-07-25,309542,67083,72490,328282.56,219646,274512
at,2025-07-26,101343,33854,28417,893734.77,81704,87988
hu,2025-12-11,140115,47084,42031,759172.33,115724,127437
my,2026-05-12,987488,218616,253440,1532735.88,889190,916152
bd,2025-12-25,278011,68044,73946,346511.19,229141,250882
hu,2025-09-03,119784,36438,32986,572096.12,93125,100007
hk,2025-09-03,333184,80810,63939,1251699.92,303424,312027
mm,2026-02-03,119293,31252,34583,213468.67,106454,111102
ph,2026-05-26,1373836,355925,389484,2417393.48,1178713,1265052
sg,2025-10-22,203406,59965,57524,1105112.31,184989,186718
my,2026-05-27,1000918,174421,195609,1401227.79,747363,922892
la,2025-08-21,34294,9494,10538,40362.49,28812,31011
pk,2025-07-14,894326,194050,202938,816379.81,689496,780295
t3,2026-04-06,1889361,603243,368944,3694449.82,1758599,1809398
se,2026-04-06,187237,51902,46571,1408769.96,140066,171663
my,2026-02-04,856281,204924,231754,1432640.9,777170,804647
pk,2026-02-04,993097,267359,262401,1163752.51,874562,911331
sg,2026-03-25,243117,70866,66925,1317896.06,223668,224725
bd,2025-12-10,269089,66675,69739,296608.08,224015,247284
bd,2025-12-24,261636,62930,67650,306699.72,219432,235374
my,2026-02-18,925973,204983,233350,1700588.46,808238,863657
tw,2026-02-18,1394241,292889,311827,2841108.74,1140720,1345621
ph,2025-07-13,1247693,319942,364078,2518207.36,1050454,1122458
bd,2025-10-21,281240,63355,69369,290527.51,227960,255336
cz,2026-03-10,128014,37899,37945,686300.76,89826,96140
mm,2026-03-10,134567,34442,37931,243858.18,115605,122033
hk,2026-03-10,308942,81632,64670,1255160.07,283859,290692
hk,2025-07-17,342407,82142,67715,1332964.61,308995,315201
tw,2026-04-03,1437705,450377,492520,4114751.84,1333166,1369905
sg,2026-04-03,295418,90685,91617,1917958.52,274465,276576
pk,2025-12-27,955351,257088,258250,1164657.29,821884,854373
no,2026-01-09,90418,21014,20681,792958.47,79704,83895
kh,2025-09-05,145324,26492,29032,175323.09,122081,126701
sg,2025-11-06,222108,66293,63343,1224258.98,205338,205888
hu,2025-09-04,123483,32397,29623,513415.99,95413,102634
pk,2025-09-04,914644,228969,234349,985400.58,772459,811434
no,2026-05-11,69557,16584,15657,614433.5,60720,64083
t3,2026-04-30,1971416,635806,407171,3946425.4,1848514,1898531
bd,2026-04-30,315645,72267,76899,360798.27,255456,283360
sg,2025-08-22,231332,67936,67026,1338670.57,207148,208459
ph,2025-09-18,1236342,322222,364719,2312695.64,1073772,1139470
la,2026-04-19,37211,9765,10829,45751.13,25278,34677
sg,2026-06-07,295868,93689,93613,1967792.95,275663,276344
ph,2026-02-02,1150373,305050,333897,2043554.92,1008119,1078451
at,2025-07-30,97805,33888,28508,847199.53,77000,83451
bd,2026-02-27,263095,54375,58894,294145.83,206514,243022
ph,2026-02-27,1315669,367666,402649,2651253.11,1169275,1231440
la,2025-12-29,29351,9302,10217,41236.12,25221,27074
tw,2025-12-29,1203276,399509,426612,3290504.49,1127080,1143426
my,2026-03-09,778107,170563,190833,1260182.09,675065,714185
bd,2025-09-07,268495,60921,67095,282658.63,212553,239424
se,2026-04-02,191482,52198,46921,1429802.45,154940,175174
hk,2026-04-02,322303,85767,70883,1416958.66,297072,304144
se,2025-11-08,224928,67221,56039,1686984.4,174340,196179
mm,2025-08-25,124844,29950,33281,194874.09,102981,107767
sg,2025-10-12,268695,82390,84563,1731542.4,247459,248563
tw,2025-09-06,1546295,467817,512080,4354942.14,1417451,1455110
t3,2025-12-14,1852853,603685,374070,3855610.6,1684669,1764342
hu,2025-10-26,110513,32110,28138,537568.53,79115,99285
bd,2026-06-30,322410,72021,76972,358582.55,253189,291390
tw,2025-10-01,1323844,399633,432773,3423870.63,1220825,1242253
tw,2026-02-25,1241403,382602,413173,3240123.57,1147357,1183097
no,2025-10-11,97847,25040,23497,876105.3,84498,89505
bd,2026-05-23,306601,71829,77661,361521.4,251976,275432
la,2025-10-29,34598,9438,10345,40407.58,29761,31695
la,2025-09-20,34614,9865,10991,45350.75,29159,30915
no,2026-04-28,66184,15675,14964,587509.96,58282,61484
at,2026-04-28,93937,32612,28978,863541.6,79681,84249
hu,2025-10-15,124091,39296,35603,615165.23,103776,110678
at,2026-05-09,103684,37593,31236,988378.63,89758,94599
cz,2026-03-06,144778,44703,43887,837088.95,112754,120244
t3,2026-01-19,1936727,440749,176433,1644917.05,1273343,1857795
la,2026-01-19,31182,9473,10369,41892.23,26468,28897
hu,2026-01-19,110584,31788,27891,488120.9,87200,99814
hu,2026-01-05,122919,32390,26565,493643.3,84760,112274
t3,2026-04-14,1865473,627644,409557,3832927.35,1733089,1775875
bd,2026-06-17,307048,70859,76110,350280.88,244256,279764
kh,2025-07-06,134457,27135,30199,181709.64,113640,118131
la,2025-07-06,37578,8884,9923,41086.52,28550,31799
ph,2025-09-08,1219943,299125,334944,2132562.07,1018420,1106670
ph,2025-11-20,1290729,342682,379649,2351515.09,1126779,1194853
se,2026-06-13,209157,62677,53971,1649222.3,166918,197694
t3,2026-06-13,2153372,654910,383136,4031589.27,2008551,2076001
sg,2025-08-01,233631,66625,65967,1323605.76,207377,208338
se,2026-03-19,166833,39298,39709,1208352.41,134254,149799
at,2026-03-19,100174,30671,30369,910448.67,82398,87772
pk,2026-03-30,1153335,261494,254572,1115349.41,839532,1024661
cz,2025-08-16,121039,36847,35223,684465.66,85371,96587
bd,2026-02-23,246016,46356,50174,232106.68,191018,222470
kh,2026-01-02,104520,25406,27451,163829.16,92821,96788
ph,2025-11-23,1357670,358337,399166,2610803.73,1101302,1250610
my,2025-11-23,1072392,213964,228394,1490909.11,881675,985394
hk,2026-04-12,384994,112725,100677,2059463.47,357086,366467
cz,2025-12-04,132904,42372,41750,748879.36,109790,116980
hk,2025-10-16,300179,77444,60672,1230574.54,270983,279095
cz,2026-06-15,130671,39601,38669,712348.67,104638,117980
at,2026-06-15,97103,34408,29724,894555.94,77254,88744
sg,2026-04-11,299586,89883,89620,1860307.79,275951,282119
pk,2026-04-26,1180231,308478,308777,1446177.73,1015091,1062819
hk,2025-09-21,442729,106285,93679,2026343.88,375801,420031
se,2025-12-18,168450,51767,43795,1305933.89,137700,154101
pk,2026-01-03,1003273,267225,268988,1210033.29,865469,908663
la,2026-06-11,36049,10550,11698,51608.17,29579,33835
hk,2026-06-11,308788,82164,64612,1328174.57,283667,288700
pk,2025-08-18,914141,220075,220132,891606.74,750725,792947
hk,2025-08-18,330534,79042,64422,1264922.54,290340,305738
t3,2025-10-05,1961553,625529,377841,3909396.28,1758745,1860890
my,2026-03-02,801524,163739,180396,1197895.89,678561,740909
bd,2026-01-28,258854,61304,65911,279484.02,220984,238062
tw,2025-11-26,1284919,402680,429582,3367438.65,1196425,1214065
la,2025-09-25,33258,9437,10464,40349.32,29003,30452
tw,2026-03-16,1245832,369718,420136,3281587.03,1140278,1157098
hk,2025-08-04,341687,79449,64483,1231849.08,306731,314703
t3,2025-10-30,1723171,573740,353163,3276001.29,1533279,1586710
hu,2026-06-26,131613,43269,39715,819550.05,107780,119447
kh,2026-06-26,108796,25735,27949,168418.44,97289,99966
hu,2026-05-05,125282,41255,38216,747563.33,106826,114266
my,2025-12-07,945000,229092,251156,1589495.98,840167,889381
la,2026-05-30,36626,10929,12290,55484.77,29779,34358
se,2026-03-03,148539,40069,35813,1082817.02,74238,88437
cz,2025-10-19,124427,39237,38752,752317.86,88668,102701
la,2025-10-19,36716,10924,12197,50230.46,31082,34008
kh,2025-07-22,139004,26870,29304,162756.1,118476,122234
sg,2025-07-22,212951,57414,57404,1082931.24,187478,188382
no,2026-06-12,99606,26226,24618,1028857.29,85426,94872
pk,2025-11-25,907926,233655,230820,980450.21,789288,817078
at,2025-09-23,88382,31120,26627,781692.96,71888,77211
la,2026-03-18,35234,7255,8442,34063.35,24111,31111
se,2026-04-10,199797,57948,52226,1622314.57,167321,183764
no,2025-12-31,63197,11371,10934,431866.41,45305,56625
la,2025-11-10,35683,9502,10487,42874.67,29813,32345
ph,2025-12-21,1258051,350058,388894,2659293.28,1032905,1156007
kh,2026-05-02,113067,26514,28980,184063.19,100278,103646
pk,2026-03-14,900446,190838,230804,1106086.95,720317,798459
bd,2026-03-14,275110,47860,61529,313729.93,204960,244289
ph,2025-11-14,1359043,360049,400135,2606764.23,1130086,1244065
ph,2025-10-07,1217748,309251,345330,2129268.4,1043317,1120173
no,2025-10-07,73580,15697,14894,526812.66,61503,66220
bd,2026-02-08,256547,60190,65080,282440.62,216855,234998
my,2025-11-28,1136899,221583,235450,1528380.42,898948,1052534
tw,2025-07-10,1548390,440455,481322,4171578.22,1389469,1432783
my,2025-12-20,874823,215929,243608,1573836.82,781629,812155
t3,2026-05-17,2196283,656473,392814,4116153.3,1855978,1925578
cz,2025-08-30,115428,35237,34284,649625.89,83939,92786
la,2026-06-24,36470,11339,12562,54726.55,30588,33754
se,2026-03-15,194231,50603,51375,1589765.69,148947,178337
la,2026-01-27,30235,9106,9936,40343.87,26312,28331
hk,2026-01-27,304141,76702,61984,1199350.46,284622,290106
bd,2026-02-09,265088,61497,66151,295344.88,223864,242555
no,2025-07-23,69336,15752,14964,532072.83,55747,60948
t3,2025-08-19,1788111,600303,379746,3500662.9,1601417,1681747
la,2026-05-14,35599,9479,10444,45550.46,29975,32590
my,2026-05-29,1060907,215187,244884,1660862.39,874778,976950
my,2026-04-08,947480,213735,239815,1472798.72,826665,878452
at,2025-09-15,89899,31591,27106,794019.1,71922,77947
no,2025-10-09,76187,17176,16397,579805.46,64749,68992
bd,2026-01-10,270141,65358,70603,324015.2,226141,249232
hu,2026-01-10,160234,40111,30946,653253.57,114392,147054
pk,2026-03-13,906975,191970,223864,1054625.23,714248,801011
bd,2025-09-28,266587,60352,66871,284798.05,213516,239105
sg,2025-11-01,277754,79823,83454,1690834.29,255774,256763
mm,2025-12-22,137514,34152,38718,224251.08,114462,125757
hk,2025-11-15,352531,95612,81316,1677843.45,323938,333335
hu,2025-09-14,127956,37200,32204,621586.2,82102,109656
hu,2025-10-08,129901,39779,36000,623910.96,108472,116632
hk,2026-05-15,335576,86141,68068,1408687.75,306981,316853
bd,2026-04-09,319187,73293,78655,354436.45,260560,288902
la,2026-04-09,33894,8382,8964,36733.95,25851,31599
pk,2026-05-12,1087666,287307,285174,1289781.04,961803,993365
se,2025-09-17,162964,42393,36063,1050541.9,124792,142464
mm,2025-12-25,131594,29096,32267,212203.19,113552,120266
se,2025-09-03,166000,44196,37591,1073574.99,126803,144822
tw,2025-09-03,1330915,396923,433306,3440051.54,1223464,1245166
cz,2026-05-26,122817,36898,36299,672117.64,100073,111052
t3,2025-10-22,1788625,597387,360190,3395986.39,1602677,1662893
my,2025-11-18,983336,200588,222344,1323058.25,860643,889038
cz,2026-06-08,112050,34749,34132,622326.13,90007,100870
kh,2026-01-22,104734,25735,28122,175102.64,94944,97213
bd,2025-09-16,288615,62071,68975,280497.5,224262,258448
tw,2025-09-16,1346612,404882,438911,3522344.7,1235635,1255322
tw,2026-03-25,1272873,388890,422041,3286408.24,1175098,1189467
hu,2026-06-09,127228,41795,38678,750565.7,101909,115537
hu,2026-05-13,125106,41923,38794,748797.29,107576,113942
at,2026-05-28,99489,35292,29952,908528.47,82716,91000
mm,2025-11-17,113788,28520,31423,187492.47,96036,101355
no,2026-02-19,78199,17905,18088,702901.65,68292,72115
tw,2026-02-15,1402836,420149,458723,4051632.37,1295252,1343842
at,2025-12-27,92565,30814,25215,826708.88,75040,82368
mm,2025-09-30,125731,31236,35524,212824.96,103716,109309
hk,2026-01-09,303625,82621,66316,1347838.89,282154,287660
se,2025-09-05,217212,62650,51768,1567699.44,167015,189659
my,2025-09-05,1029003,218735,243158,1545903.56,891217,932828
sg,2026-03-22,314499,92669,95346,1996557.2,288348,290805
bd,2025-11-06,296527,69427,74347,327190.02,241890,266775
t3,2025-09-19,1769053,593677,375318,3542059.96,1596847,1661195
cz,2025-09-04,117496,28899,28529,482686.09,93257,100392
my,2025-09-04,986540,209396,233071,1408356.77,853688,893564
t3,2025-11-05,1853022,628451,379791,3580229.98,1694122,1751301
pk,2025-11-05,893496,236363,237230,1009963.22,770458,797475
ph,2025-07-16,1163682,287460,325873,2113457.73,966282,1054192
no,2025-11-19,75448,18437,17541,620701.14,64980,68606
bd,2025-08-22,309116,68897,74574,339745.16,220988,272517
tw,2026-04-04,1669072,436472,460599,3980931.97,1521935,1599956
kh,2025-12-26,93943,24367,26406,160010.84,84539,86700
bd,2025-07-30,291238,64328,69083,289021.16,220272,255394
la,2025-12-01,33266,8967,9975,41493.76,28126,30284
t3,2025-12-29,1738997,554144,338911,3197571.04,1544570,1653788
bd,2026-03-09,282803,56916,62001,312648.32,221719,255078
at,2026-06-04,134517,47086,37969,1146874.79,109185,124477
hk,2025-12-14,366702,106718,95107,1938483.84,342641,351553
my,2026-04-17,937398,225486,259984,1652488.48,832838,870702
hu,2026-03-21,131220,36501,35123,699910.96,110267,117237
hk,2025-12-28,342390,91869,82061,1675579.2,315965,325676
ph,2026-04-13,1249893,335942,370275,2247460.37,1094266,1151991
la,2026-04-13,35645,8499,9119,40293.56,23972,33181
sg,2026-04-13,242902,72993,68137,1290434.4,223577,225797
kh,2025-07-03,136665,27023,29404,165547.97,116680,120180
mm,2026-02-25,124113,31105,34170,212360.07,107587,112814
pk,2025-11-22,979752,261323,260517,1143715.51,859018,888331
at,2025-10-11,103695,37104,30469,958682.28,86009,92099
cz,2026-06-01,130664,37775,36943,683014.28,103317,118073
hk,2025-08-13,328777,78133,66227,1273126.68,292347,301492
cz,2026-04-28,117017,36103,35775,655806.29,97573,103724
hk,2026-05-09,362352,96749,84194,1772904.4,332783,345443
cz,2026-05-20,126099,40339,39465,725768.29,104694,111680
tw,2025-07-31,1449225,424170,455759,3916055.32,1298014,1336085
cz,2026-01-30,151621,47042,45989,900888.85,125451,133725
mm,2025-10-28,118957,29698,32709,194076.03,101257,108129
cz,2026-03-08,135908,39843,39083,791961.67,107826,120110
hu,2026-04-29,126876,40246,38153,718417.39,108733,114955
hu,2025-12-02,132938,40926,36900,672430.41,108062,119478
at,2026-06-17,100971,35167,30201,900160.5,81080,92389
sg,2026-06-17,236887,69269,63276,1261270.54,219207,220151
hk,2025-07-20,441786,27898,15819,317017.44,87435,418464
se,2025-07-06,188389,55002,45170,1315364.03,137021,162460
tw,2025-11-24,1309268,404223,430150,3390172.26,1214151,1230962
mm,2025-10-03,132814,31874,36094,232362.02,106345,116260
tw,2025-10-03,1353918,423699,459362,3735422.28,1247954,1267840
ph,2025-07-20,1371886,318160,351817,2410497.04,1004070,1217872
cz,2025-10-17,145409,46985,46410,858918.71,107165,117681
mm,2026-03-30,137102,31682,34807,233691.69,108696,123024
pk,2025-07-09,935236,205556,214707,868921.79,746470,821222
la,2026-01-02,34141,9881,10882,46273.54,26951,31772
at,2026-01-02,106482,36671,30665,972878.83,88132,95443
sg,2025-11-23,267039,81542,82091,1699892.17,243446,249057
at,2025-12-04,118865,42755,35391,1083494.79,100343,106608
mm,2025-07-08,123599,29814,34737,202083.34,99989,104217
bd,2025-08-29,294476,67577,74232,339224.32,219881,261891
pk,2026-03-31,1151778,281395,278026,1233316.51,885639,1021082
hu,2025-09-21,108256,33955,30295,579248.11,74300,91932
hu,2026-05-08,151925,50601,46262,982782.03,128573,138737
bd,2025-12-18,253432,62858,67993,294325.65,205489,227610
sg,2025-12-18,200212,61550,58883,1168142.5,184851,185653
se,2026-06-29,193399,48344,39046,1128698.92,121089,155080
bd,2026-01-03,256837,59510,64756,292476.08,206840,231963
no,2026-01-03,86647,20354,19906,779947.95,75886,80259
pk,2026-06-11,1168576,277793,266499,1257707.39,917273,1053313
kh,2025-08-15,154343,29368,32239,187344.02,131287,136994
se,2025-11-26,177498,50662,43126,1270406.28,144995,161551
kh,2025-11-26,133909,24700,26469,151846.6,117003,120059
bd,2025-11-26,285283,64986,69496,297871.58,238791,261180
my,2026-02-10,861272,206081,234361,1448361.78,780414,804171
ph,2025-09-10,1213273,302296,340232,2158631.87,1029105,1113783
kh,2025-08-04,137230,27072,29479,164565.34,116237,120620
t3,2025-08-04,1796493,589952,369255,3449028.22,1553064,1645077
sg,2025-11-11,226198,62392,61631,1139779.2,207270,208479
ph,2026-01-14,1128373,314692,342830,2155228.81,996909,1059524
at,2025-10-04,107901,38154,30843,974155.18,88445,96436
bd,2025-10-04,265032,60974,67474,297644.6,206701,238599
cz,2026-03-17,130294,32534,37876,681087.35,105833,113256
at,2026-03-17,99495,29402,29489,885355.25,81245,87280
ph,2026-03-17,1231419,281261,350906,2182010.98,1061172,1118236
kh,2025-08-03,136033,26901,29583,183307.8,115185,119724
pk,2026-01-29,943234,251689,249745,1076072.12,835087,863267
hk,2025-07-22,320638,75016,61712,1183446.81,286703,293058
mm,2026-01-15,111162,29196,32204,193243.72,97864,101874
my,2025-10-18,1062955,227386,249333,1597579.15,908928,955951
kh,2026-05-31,113705,27499,30025,190248.75,100279,103988
bd,2026-05-31,286662,60910,65483,317025.75,199462,261627
ph,2025-09-27,1341328,352102,401824,2620875.91,1151105,1241736
kh,2025-11-10,137720,24593,26668,150666.79,113778,117682
at,2026-01-26,98776,33107,28742,860007.14,81196,87270
hk,2025-08-06,328861,80875,65446,1271029.32,287890,301120
mm,2026-05-02,142178,33715,36919,256185.36,117943,131077
kh,2026-02-08,109054,27084,29431,189784.67,97428,100399
mm,2025-07-24,135910,34083,38013,220301.61,109366,118932
hu,2025-07-24,115208,34351,30991,530001.36,88529,94624
bd,2025-07-10,314852,62209,68426,304794.75,225491,272168
no,2025-07-10,69881,15783,14924,529948,54546,59169
la,2026-04-21,35143,8409,9109,35746.28,26923,32933
hk,2026-03-15,403961,104732,100462,2112394.78,361957,379945
tw,2025-11-27,1301737,415536,443320,3506945.72,1215731,1230487
se,2025-09-26,225401,68076,56848,1751922.32,175172,198300
la,2025-09-26,33675,8765,9646,38710.11,27474,30122
ph,2026-06-10,1288951,337288,367728,2286539.42,1107592,1185846
pk,2026-02-09,928515,241342,238708,1044157.35,778696,836466
pk,2025-07-23,915035,216218,217900,873057.33,752724,803478
t3,2026-02-20,1694207,493769,311340,3141552.87,1563189,1621753
kh,2025-10-06,142354,24976,28209,158414.89,119425,123607
la,2025-10-31,35628,9858,10855,45230.39,23552,25325
t3,2025-12-08,1737867,550928,333958,3227882.94,1586143,1654201
ph,2025-08-19,1200952,299938,332254,2090779.88,1008241,1085606
mm,2026-05-29,141614,34286,37258,256740.38,113662,130781
at,2026-05-29,105688,39615,33509,1056728.79,85949,96953
bd,2026-02-05,250670,60151,64897,287877.13,212180,229619
ph,2025-07-12,1289291,325496,369110,2579642.49,1087823,1173737
at,2025-11-16,142271,51291,40837,1231897.69,119022,126890
hk,2026-01-10,332159,94946,83054,1699255.03,313202,319602
ph,2026-05-01,1453866,394322,435792,2739470.19,1281487,1353742
tw,2025-08-07,1400290,427159,459766,3843830.05,1262433,1288241
t3,2026-06-22,1938464,607357,365658,3688981.87,1649854,1713956
bd,2025-11-15,282672,65127,69849,297655.35,225121,252409
hu,2026-03-27,141269,44389,40462,769987.2,106407,114237
mm,2025-09-14,134347,30829,34693,218122.41,98507,118373
hk,2025-09-14,412724,108778,96869,2042219.36,374657,389672
cz,2025-10-08,122446,37602,37676,663156.53,97517,104624
sg,2025-07-25,227264,65955,65439,1283128.98,201329,203820
pk,2025-07-26,950147,231776,231869,981596.47,782419,831479
se,2025-07-29,163368,44084,36340,1062403.17,114562,140072
hk,2025-07-29,346255,75529,59143,1161990.7,276018,317214
hu,2025-10-23,145238,38186,31581,616314.26,106403,132070
hu,2026-05-26,114296,37271,34443,673251.65,92570,103428
at,2026-02-17,101501,35066,30229,904202.91,83811,89993
cz,2026-05-27,130483,39518,38669,709558.02,105990,117271
tw,2025-12-10,1269623,409765,436256,3446813,1202967,1219483
la,2026-02-18,33069,9672,10604,44080.44,27758,30582
ph,2026-05-28,1381716,360447,393808,2451927.31,1178728,1272203
sg,2025-07-13,266272,77181,83869,1740605.24,243508,245014
la,2026-04-07,35853,8730,9399,38605.24,27555,32947
se,2025-09-02,158924,42198,36101,1032577.75,119628,138587
hu,2025-08-09,122762,37153,32584,629995.89,93971,103367
at,2025-10-25,105581,35663,29397,935495.7,82189,88360
bd,2026-03-10,286488,57197,62904,310704.45,222954,257602
la,2025-07-17,34598,8853,9843,38950.04,28317,29605
my,2026-04-18,1019853,240066,273133,1796122.71,895206,950295
tw,2026-01-09,1289154,434804,468598,3776094.27,1209551,1227643
kh,2026-01-09,94838,23597,25437,152217.76,85983,88367
tw,2026-06-06,1461766,475074,515842,4431369.75,1329786,1374228
hu,2025-09-05,141905,44521,40043,737324.93,108447,118234
cz,2025-10-24,144347,46184,45201,845554.77,103636,113941
pk,2026-03-22,1151113,260903,256633,1247380.84,917645,1040120
no,2026-03-22,129170,34597,33237,1278861.14,111019,119875
la,2026-02-16,33282,9230,10056,41464.66,26315,30478
tw,2025-11-19,1346591,411824,441411,3546750.71,1242594,1271103
no,2025-11-30,131379,36896,34620,1264508.46,114238,122526
kh,2026-01-21,107324,26853,29185,181143.92,97460,99899
at,2026-04-04,97657,30714,26535,862115.85,81697,87587
at,2025-12-26,114708,37105,28633,901040.56,93927,103658
pk,2026-02-02,894212,240365,238730,1055483.24,786589,824079
tw,2026-02-02,1309518,412001,441014,3457480.49,1204172,1251106
hu,2025-10-27,104429,31965,28776,502758.47,84295,92540
sg,2025-07-19,253453,73429,77535,1605801.12,231616,233039
sg,2025-07-30,219511,61193,59566,1149825.46,193171,194554
sg,2026-04-01,252034,74506,69447,1356736.41,232546,234159
ph,2025-07-05,1347120,334051,378782,2604439.39,1127564,1221177
hu,2025-09-07,120072,36867,32509,622374.4,81695,101803
hu,2025-11-08,143138,42095,36604,740651.03,108596,122562
no,2026-02-14,117106,27062,26968,1126807.67,103449,109930
at,2025-10-26,140004,48362,38816,1183385.12,108201,117608
my,2026-02-28,811794,172468,192502,1339109.92,718899,754852
bd,2026-04-17,321505,77367,84034,391233.56,255260,291414
bd,2026-06-19,317200,75224,80799,398727.16,242280,285765
la,2025-10-11,36700,10714,11839,49127.1,30995,33460
kh,2025-08-28,141247,26488,28811,168424.44,121168,125320
no,2026-03-07,95179,23437,22242,894164.75,84745,88433
ph,2025-12-17,1284239,353689,392349,2557639.47,1094537,1185167
pk,2026-02-11,941825,256448,252988,1097286.85,830652,861138
t3,2026-05-09,2146137,677074,417583,4250487.42,2012358,2068303
tw,2026-01-19,1230792,407221,439535,3435713.61,1148005,1170953
t3,2026-01-05,1882004,621493,387024,3602392.66,1697187,1793756
sg,2026-01-05,187103,57201,53218,1060928.64,172765,173411
hu,2026-04-14,122254,40354,38224,726821.05,104763,110860
la,2026-04-14,32512,5961,6093,27266.93,18382,30202
hu,2026-03-08,125068,36819,33003,671522.95,94465,113322
pk,2025-11-09,995938,267516,269365,1166297.3,849891,885434
kh,2026-01-16,107825,27352,29481,183017.38,97416,100426
no,2026-01-16,100058,22989,22559,854337.37,88069,93448
at,2026-01-16,119545,42619,36359,1132075.47,101713,108122
hu,2025-09-08,110324,33641,30781,531815.27,82454,91668
mm,2025-10-17,122210,30299,33764,206011.84,103045,110389
la,2026-03-30,34323,9055,9973,40984.84,26307,31155
hu,2026-03-30,115253,33460,31563,559016.17,94797,102878
t3,2025-07-09,1844966,583374,379369,3492915.9,1591046,1673383
bd,2026-01-02,272586,64326,70016,326351.25,214807,247259
no,2025-10-02,73687,17198,16274,574926.91,62428,66691
sg,2026-04-12,314448,95439,95127,1977234.85,287943,294918
la,2025-07-08,35546,9052,10234,39645.02,28897,30666
tw,2026-06-14,1705899,438446,455028,3925180.18,1432247,1637200
my,2026-06-14,1009403,235374,260547,1719927.76,867636,932764
ph,2026-06-15,1225853,325137,353638,2156403.98,1054826,1124174
la,2026-04-11,34785,9978,10945,47416.8,26210,32376
at,2026-01-17,111954,39453,33078,1064304.49,95410,102052
se,2026-04-26,225457,68217,61967,1836982.93,176873,210532
kh,2025-09-21,127860,23904,26572,178860.91,97403,112415
cz,2025-12-18,150810,49398,48746,905398.57,122826,132486
la,2025-12-18,28265,9042,9905,40159.69,24727,26305
cz,2025-08-18,115785,35378,34719,603425.92,81394,89691
hu,2025-11-26,130214,39157,35355,617358.38,110906,117860
sg,2025-11-26,216691,63837,61330,1200246.04,201617,202152
sg,2025-09-25,217218,64058,62799,1206539.47,199153,199773
ph,2026-05-04,1290444,345744,379344,2257960.94,1128658,1194636
hu,2026-02-10,120510,39083,35687,658190.95,102210,109593
pk,2026-02-10,954581,250435,246081,1062753.48,803568,866222
pk,2026-06-25,1196855,251269,244133,1251795.95,970281,1091165
bd,2025-08-04,303406,61831,66040,289558.08,215094,264497
sg,2026-06-26,251533,77442,73170,1538680.64,233778,234436
no,2026-01-14,79717,17292,17266,608486.7,69760,74015
hk,2026-01-14,302781,79450,62390,1218702.53,283588,288843
t3,2025-08-17,1835173,553064,358080,3581369.99,1561813,1686177
bd,2026-03-03,265928,54885,59445,282353.58,213007,242231
pk,2025-10-19,968238,261410,261989,1111422.63,841930,871636
mm,2025-07-22,128776,31759,35656,203465.7,106172,111435
t3,2026-06-12,2054085,652180,397087,4038843.54,1911833,1974384
hk,2026-05-19,314903,80864,63400,1258819.79,288008,296458
hk,2025-11-25,303786,77861,60466,1190380.66,276832,284386
la,2025-09-23,32956,9033,10047,38752.66,28013,29543
ph,2025-10-18,1370051,361217,405687,2675623.43,1156222,1262691
pk,2025-10-18,940001,253920,252628,1083599.71,821988,850567
sg,2025-10-18,251266,74737,76046,1565034.57,232550,233393
tw,2025-08-02,1653113,456771,494436,4437491.81,1493591,1541812
hk,2025-07-21,352219,79772,66347,1303778.84,314180,323228
hu,2025-09-27,107578,33811,29563,572640.14,84584,91454
sg,2025-09-27,265979,78690,80979,1681715.4,247207,248068
sg,2025-12-21,233545,72357,73475,1508356.92,217273,218033
tw,2026-05-02,1363518,448801,488760,4081985.5,1287434,1302958
hu,2026-05-02,113870,33474,30936,661395.68,94747,103877
hk,2026-06-23,304301,79714,62502,1305292.49,124553,127725
hu,2026-02-07,129334,40357,35850,755394.06,107536,116758
sg,2025-10-07,215573,62068,60132,1157050.64,196927,197696
la,2025-09-12,34216,9449,10535,41686.96,29131,30695
at,2025-07-10,104707,35541,31020,916044.32,83615,88993
t3,2025-08-31,1880384,614687,381224,3848230.29,1658190,1779938
la,2026-05-17,38017,11297,12621,57120.97,31901,34889
kh,2026-02-09,108917,25434,27680,160144.74,97473,99931
t3,2025-07-23,1856768,591479,367360,3451064.65,1611767,1696969
my,2025-07-23,944352,194136,219762,1295056.66,811716,844414
ph,2026-02-20,1318309,346651,378507,2416367.55,1154751,1224939
mm,2026-04-22,142267,34032,37351,239970.8,113157,130195
sg,2026-04-22,245635,72004,66741,1280924.98,224947,228783
ph,2025-12-08,1245103,352818,382637,2414208.99,1077582,1157284
kh,2026-03-26,108497,25820,28306,162412.83,95762,98392
cz,2026-03-01,132113,37768,37241,752943.87,106029,117621
t3,2026-06-21,1976095,602014,362513,3909461.46,129013,134595
kh,2026-02-05,109953,25790,27756,165357.58,99207,101531
tw,2026-05-29,1253701,420279,454333,3676364.12,1165255,1187765
at,2025-09-29,98943,34438,29287,871878.46,80164,86652
hu,2025-11-16,127429,37665,33639,641785.08,91004,110006
se,2025-10-09,164356,45345,38699,1125811.44,126674,143050
hu,2025-10-09,137527,43262,39188,700822.81,114302,123617
mm,2025-10-09,130865,30296,33777,205331.08,104575,115991
pk,2025-10-09,893913,233160,234581,964375.71,760541,798397
cz,2026-03-13,153827,38395,44739,857132.68,121388,132930
sg,2026-03-13,265620,71463,74057,1496910,238802,240132
hk,2025-08-08,331665,81989,67361,1335028.68,298180,307616
se,2026-05-01,232131,67411,59931,1809782.55,187879,217134
tw,2026-03-12,1220456,397423,433131,3431368.43,1121593,1138563
se,2025-11-01,242834,71123,60081,1829736.51,187605,212143
la,2026-06-22,35831,10899,11926,51595.13,29503,32416
t3,2025-11-15,1947605,641877,386299,3858496.1,1766458,1835808
tw,2026-03-27,1319707,410719,445503,3567170.01,1211372,1231014
my,2026-03-27,1182809,249023,277318,1893318.41,926652,1077040
bd,2025-09-14,305245,59677,64312,266347.2,215594,276351
my,2026-05-15,1019931,223210,255311,1636016.41,904855,943156
ph,2026-04-20,1259603,341185,376274,2284178.06,1106291,1166508
cz,2025-11-29,138025,43386,42375,868049.45,112776,122217
pk,2025-07-29,905294,222969,222454,912614.29,745473,785603
t3,2025-09-17,1729929,567466,369024,3407843.93,1565724,1629402
ph,2025-09-03,1340452,314170,351307,2235773.96,1144388,1224823
se,2026-05-27,191559,51085,45058,1338022.49,148489,179731
hk,2025-08-21,327975,80017,64681,1287736.62,294196,303869
sg,2025-08-21,213978,63331,61720,1196748.91,194029,194769
cz,2026-04-06,131275,32863,31704,617957.83,89929,117564
kh,2026-03-25,109225,25540,27871,158815.61,96497,99189
mm,2025-12-10,130106,30078,33055,200637.66,114802,120089
bd,2026-02-18,263630,63384,67725,326398.69,220563,242003
cz,2026-04-07,116919,34446,34566,618034.45,96786,102768
tw,2025-09-01,1340515,392906,424911,3394916.53,1226027,1251180
kh,2025-08-20,152592,29700,32341,172311.12,131982,135880
ph,2025-08-20,1228513,315747,350583,2245198.72,1036039,1111505
hu,2025-08-20,135596,35241,28860,554660.5,86120,116262
sg,2026-01-08,203377,61459,57066,1129435.9,188048,188450
pk,2025-07-02,911750,207651,217728,885681.54,756669,801850
cz,2026-04-03,123143,35182,34703,705313.26,99953,106877
tw,2025-12-13,1522525,479402,515261,4320696.11,1401944,1468210
la,2026-06-06,38273,11640,13067,60652.71,31124,35917
tw,2025-09-05,1347002,413438,448990,3684858.41,1236616,1257462
sg,2025-10-24,230814,66091,64213,1270631.51,203440,212458
se,2025-12-12,191949,63694,52921,1649370.76,162831,176824
se,2026-02-16,153244,38403,34382,1064884.53,119018,139197
la,2025-11-05,37298,8743,9417,40800.52,29925,33715
at,2025-11-30,150915,56161,44528,1368676.64,128101,136894
mm,2025-07-01,124052,30069,34436,198297.36,101649,105955
bd,2025-09-18,283878,65610,72078,302792.71,228010,255440
tw,2026-04-19,1436464,477741,520450,4340511.44,1350209,1373257
hk,2026-06-07,415085,114256,101822,2189662.72,360307,394990
ph,2026-05-22,1458497,381216,419394,2622347.42,1279440,1347535
hu,2026-06-03,130062,41223,37839,758630.05,106031,117705
hk,2025-07-19,368914,89196,79190,1723807.95,335752,344530
hu,2025-10-13,110273,34228,31221,540259.94,88746,98051
hu,2025-07-30,108027,32591,28890,490418.12,82199,87820
my,2025-07-30,990955,206283,234151,1397646.64,844367,878768
no,2025-07-30,71607,16492,15515,562148.53,57749,62299
hu,2025-12-01,119532,35210,32200,570041.35,97909,107684
t3,2026-04-01,2021989,632638,371241,3795615.13,1890619,1938966
my,2026-02-27,777661,163754,182525,1245292.15,689027,726417
t3,2026-04-15,1984552,669631,429215,4025827.71,1696882,1736255
mm,2026-04-15,126823,22206,23520,173635.8,88787,117112
tw,2025-07-05,1688345,489472,542293,4937022.24,1529386,1572729
mm,2026-06-04,136044,33912,36974,253730.88,111639,125284
la,2026-06-18,35789,10993,12165,53108.66,30101,33694
kh,2025-09-07,135334,26342,28935,180512.14,113889,118957
tw,2026-02-13,1311194,423750,457857,3827844.66,1203992,1249611
hu,2025-07-18,130229,39085,35559,620636.26,101515,107120
tw,2026-04-02,1253410,395189,428811,3404140.93,1164153,1185991
hk,2025-11-08,356254,97933,83317,1737805.62,328057,336978
se,2025-10-12,194993,59594,49356,1465903.6,145090,172294
la,2025-10-12,36900,10832,11952,49438.96,31248,34021
ph,2026-04-16,1338646,365386,404664,2470722.33,1175651,1238717
cz,2026-03-21,145044,41381,42732,876809.09,119027,127615
sg,2025-08-10,278398,81165,84260,1733631.82,252158,253987
hu,2026-06-05,144063,48770,44436,930986.21,117672,130388
at,2025-11-07,116338,42385,35459,1087419.91,95873,102197
hk,2025-07-28,315332,75558,62298,1184934.22,281428,287443
sg,2025-08-24,281281,81730,84651,1760178.3,254227,256529
ph,2025-11-22,1367832,362939,404573,2667762.69,1154502,1260336
cz,2025-11-22,141409,44561,43342,880267.84,115439,125339
no,2026-01-04,104605,26304,25085,932986.18,88654,97473
mm,2025-10-11,129318,31848,35621,222477.14,103946,114057
mm,2026-05-23,138304,35064,38483,269776.73,115231,125943
se,2025-08-28,185982,49742,42271,1202435.45,141006,160846
hu,2025-08-14,124624,39825,35640,616444.9,95114,103139
mm,2026-04-27,135393,32835,35954,238534.88,110396,123415
sg,2026-04-27,243913,71301,66916,1278692.94,224715,226692
cz,2026-02-11,134546,41279,40848,759434.87,112134,119084
mm,2026-02-11,126159,33235,36627,232179.75,109686,116510
sg,2026-02-11,206793,60622,56943,1136212.02,194885,195436
ph,2025-09-20,1368205,343499,389844,2637953.28,1090063,1263080
tw,2025-09-20,1562204,498073,544955,4678448.75,1449313,1477782
kh,2026-04-28,113156,26794,28854,167501.59,100714,103763
se,2026-06-16,168413,43701,39074,1140816.46,130088,158203
ph,2026-05-09,1573537,398757,442089,2898020.42,1379169,1464365
sg,2026-01-18,255059,81249,81451,1729776.01,240438,241000
sg,2026-03-06,256477,72786,69013,1400554.25,234486,236295
sg,2026-06-02,244098,71662,65372,1286515.04,224865,226536
bd,2025-10-28,285945,64577,70498,291533.33,232727,255234
bd,2025-08-27,287156,64067,69703,287228.25,229097,254328
kh,2026-01-05,100753,24239,26305,152022.87,90368,92939
cz,2026-04-14,128244,39943,39826,737740.98,107297,113972
ph,2025-08-12,1123560,291939,323990,2035813.14,952962,1017683
t3,2026-01-16,2005602,653835,384959,3833571.31,1850548,1920097
se,2026-01-16,211479,60121,50948,1638083.84,178072,195643
t3,2025-12-16,1709932,567613,351836,3295179.1,1569394,1626662
mm,2025-11-20,121649,30189,33243,199023.89,105656,110459
my,2025-08-01,1047764,217587,244632,1518748.04,888107,931183
cz,2026-05-21,127278,41017,40134,740418.53,105462,112904
se,2025-10-16,159675,45092,37971,1103045.5,122095,138092
se,2026-03-05,157133,43893,38927,1177461.2,125795,142266
cz,2026-03-05,127783,38781,38334,694788.91,105759,111947
tw,2026-05-08,1241282,402340,436295,3535691.81,1164448,1181122
pk,2025-12-18,917400,254899,254338,1095436.84,794937,824501
at,2026-06-29,127490,41531,33026,1032252.1,86114,99417
ph,2026-01-03,1197805,320698,349976,2322395.8,972251,1110649
hu,2026-06-11,146969,46504,42554,837793.3,116750,133549
ph,2025-08-18,1167431,296722,329012,2044894.91,981510,1050898
la,2025-10-05,36448,10352,11577,47551.61,30867,33430
pk,2026-03-02,824437,205171,204292,954067.96,678829,741548
sg,2026-04-23,249237,74542,69105,1335381.07,230681,232302
cz,2026-01-28,124897,38779,38397,697873.03,103810,110073
sg,2025-08-15,241247,69010,68455,1360336.22,218632,220274
se,2026-02-24,162008,43400,38241,1151606.43,131707,148124
no,2026-02-24,74723,16004,15890,598156.6,65307,68841
ph,2025-11-26,1256716,336862,373247,2315891.29,1094685,1167226
hk,2026-02-10,298497,81182,64428,1239986.54,278269,283365
at,2026-02-10,100157,34766,30164,894382.5,84179,89801
no,2026-06-25,78434,19593,18405,723797.2,66442,74234
sg,2026-03-16,249563,62804,65037,1296176.61,225881,227404
my,2026-06-26,1040898,229621,264095,1761557.82,909828,959328
ph,2026-02-21,1359695,362722,397739,2606896.3,1202717,1263113
kh,2025-10-04,140148,26023,29168,181782.91,118112,122799
hk,2026-03-17,307731,74803,63127,1247193.8,279233,286634
sg,2025-08-03,278541,81563,84462,1735479.87,251465,252513
sg,2025-10-19,258511,77590,79677,1649226.43,238029,238881
at,2025-07-22,89287,29719,25632,751968.88,69958,75455
bd,2026-01-15,270440,63941,68422,309147.42,232688,250589
bd,2025-09-24,293239,64151,70375,283605.21,229549,264253
la,2025-09-24,32905,9143,10083,39174.4,28327,29971
bd,2026-03-18,269632,47610,60018,326977.84,192269,236417
sg,2025-07-21,221162,57665,58318,1108581.63,196232,197308
ph,2026-01-01,944370,172924,180644,1230812.97,459672,881399
ph,2026-05-31,1435059,383402,418397,2674972.43,1195909,1324071
hu,2025-12-06,135848,42711,36943,760116.11,108505,122919
kh,2025-12-06,98291,25780,28027,174392.41,89128,91697
hu,2025-08-06,117718,36550,32661,575171.34,90266,96821
la,2025-08-06,37140,8922,9801,38900.19,30751,33105
ph,2026-05-02,1399694,381321,420798,2625579.84,1226205,1300384
at,2026-05-02,104652,35570,30742,978312.49,89583,95200
tw,2026-03-14,1473364,450367,520589,4333985.21,1349544,1378821
t3,2025-09-13,1837703,622607,395435,3871915.34,1671015,1739822
no,2026-03-28,85518,21884,20986,838482.7,74671,77965
pk,2025-10-07,885875,227571,228668,943701.91,741907,792596
t3,2025-11-28,1758282,585039,359536,3494790.67,1620892,1672134
se,2025-07-10,142335,38335,31818,920818.46,103604,119100
sg,2025-07-10,213772,59415,61160,1175163.07,189885,191045
hk,2025-12-20,322643,84581,73659,1519271.04,300133,307354
cz,2026-03-29,125796,38253,37898,760941.97,100408,110746
pk,2026-06-24,1167420,268977,260864,1325364.55,865923,937939
no,2026-03-15,122044,30799,32379,1238912.07,105168,113086
my,2025-08-05,999392,207048,232545,1367632.96,849417,884339
tw,2025-09-26,1294246,410507,443900,3654899.83,1195601,1213518
bd,2026-06-10,308275,68840,73039,336399.74,236200,280863
cz,2026-02-09,122234,36252,35934,654277.48,100645,107369
la,2025-12-09,25359,8149,9458,38255.72,22432,23599
t3,2025-10-31,1804079,601862,365997,3484042.06,1438369,1492921
mm,2025-12-08,132170,29735,32557,196503.75,115722,121298
hu,2026-03-26,129100,40013,36712,664006.04,85165,91160
at,2026-05-14,151069,52449,41848,1284792.4,131696,139335
hk,2025-11-02,395431,113124,99968,2059163.3,360542,372104
se,2025-07-27,196618,59043,47044,1388319.82,135262,170073
bd,2025-10-20,287224,64139,69581,291978.84,231019,259209
ph,2025-09-15,1230630,307553,346103,2190981.9,1036491,1124332
t3,2026-03-13,1893020,535029,363172,3728159.6,1597341,1668014
kh,2026-03-13,110739,25691,29392,173395.87,96011,99226
la,2025-09-28,36663,10680,12047,49680.88,30776,33205
bd,2025-11-01,336725,58933,61854,262131.31,215734,304157
kh,2025-08-07,139551,26391,28763,161247.67,118550,122126
mm,2026-03-27,140307,32758,36220,254273.27,109830,126768
cz,2026-01-11,136886,39640,38076,783051.27,105083,121939
hk,2026-01-11,374237,109902,98495,2016846.47,350299,359330
t3,2025-11-29,1879840,600570,364033,3782853.17,1738692,1793257
kh,2025-07-29,130919,25474,27596,157368.49,105119,110974
at,2026-03-24,91834,32291,28076,834927.65,66608,71842
pk,2025-09-17,890399,224576,229892,931550.39,755449,780941
no,2025-12-25,69740,11599,10768,391916.14,45514,61123
no,2025-11-04,73169,16015,15146,526005.12,61987,65899
sg,2025-09-03,219948,63562,61971,1222264.86,199022,199726
cz,2026-02-03,122723,36401,36106,652874.93,102767,108831
se,2026-02-03,154389,40758,35896,1108280.08,125221,141505
my,2026-05-26,1088836,222749,255526,1732426.29,927561,1002230
t3,2026-05-26,1746965,505275,305591,3318392.17,1592842,1664722
hu,2025-10-22,126804,40012,35845,664333.33,105499,113276
bd,2025-10-22,287405,64472,69276,293053.92,231250,257426
pk,2026-06-08,1083036,280650,275619,1299026.91,929066,974787
hu,2026-06-08,117773,38269,35659,688682.09,93594,106533
my,2025-08-21,978219,198271,221401,1324119.04,846647,877757
sg,2025-07-14,206398,56689,58265,1132478.83,185898,187168
ph,2025-07-14,1151647,276326,313614,2014682.26,973961,1033652
sg,2025-09-16,211130,61039,59752,1142960.98,189980,190808
bd,2026-05-13,324958,70149,75478,337230.27,265378,294060
se,2026-05-13,195803,54587,47672,1398896.61,160781,182898
la,2026-02-19,33358,9770,10795,45758.11,27799,30991
kh,2026-02-19,120070,29512,31938,197970.92,106561,110675
bd,2025-08-09,294247,63088,68114,302414.02,213757,253680
se,2025-08-20,157422,41717,34800,997741.94,119601,136884
pk,2026-03-10,900296,223764,224170,1024110.13,728096,807498
at,2025-07-17,98325,33301,28748,842691,78138,83776
ph,2026-05-24,1444061,387393,425424,2714954.04,1252674,1330116
mm,2026-05-24,134480,33882,37213,267538.5,113608,122558
la,2026-05-24,38606,11458,12889,59623.73,32877,35640
my,2026-04-03,1013451,228909,259651,1684427.25,883501,931686
hu,2025-08-23,102816,31096,27087,516483.37,78190,86274
t3,2026-01-09,1993642,651801,389776,3823129.16,1810969,1902040
kh,2026-06-06,109735,25885,28258,179615.59,96617,99679
pk,2025-09-19,918021,232810,237234,983593.89,776452,812707
bd,2025-12-12,278140,70125,73926,338281.41,219563,255505
bd,2026-05-25,310988,69100,74428,381201.47,238392,279373
kh,2025-11-05,135594,24324,26541,172058.34,107871,114156
tw,2025-11-05,1364358,409904,441222,3546218.45,1251344,1274303
la,2026-04-30,31855,8851,9713,41667.99,25889,29382
pk,2025-07-16,972037,194088,199286,815010.79,681834,857184
t3,2025-11-19,1728113,572970,355306,3344713.45,1572998,1626754
cz,2025-11-30,129744,40024,39172,785914.73,101841,114663
hu,2026-04-04,91260,25059,23717,491579.49,72148,81367
t3,2025-07-19,1762693,569472,368710,3510277.99,1534324,1618055
se,2025-12-29,163583,48238,40742,1250649.1,122777,148983
ph,2026-04-15,1334200,361095,399360,2480057.08,1170321,1237773
pk,2025-07-05,997590,182747,181377,777047.08,664284,866484
hu,2026-03-09,111028,34495,31751,579522.02,91710,99625
cz,2025-07-18,125114,39597,38580,692665.61,97294,105406
sg,2025-07-18,226998,64483,65685,1313693.17,205669,206854
mm,2026-04-02,144987,35884,39587,266210.27,120794,131921
t3,2025-11-08,1946261,652220,394838,3907576.89,1780303,1841965
cz,2025-08-25,114239,35088,34551,588130.15,79889,87513
hu,2026-02-14,150020,43087,37410,794120.19,123456,137275
t3,2026-02-14,2102838,683797,389024,4052844.07,1972009,2030390
hu,2025-09-06,120200,37468,32735,641633.84,91570,101405
at,2025-09-06,97390,34268,28148,887333.81,74918,80975
mm,2025-07-04,121436,30105,34655,202562.91,99261,102790
sg,2025-07-04,233923,63275,65164,1298881.39,209280,210896
ph,2026-01-07,1132063,315260,343901,2132357.93,982107,1049098
kh,2026-03-21,111986,25325,28256,183357.63,97187,100229
hk,2025-08-10,400006,105976,95865,1944134.26,360937,374430
tw,2025-11-07,1402967,425007,457730,3735322.17,1285621,1312830
ph,2025-10-01,1284658,326303,370864,2312275.02,1086077,1182733
pk,2025-10-01,891444,229301,235612,987713.71,761870,791752
sg,2025-10-01,226474,63421,61145,1193127.41,206567,208568
ph,2025-07-03,1262297,298728,336467,2203377.44,1053534,1142233
my,2025-11-22,1028172,218452,241423,1566894.47,896046,938765
at,2025-12-03,112903,40205,33805,1021074.78,95070,101125
ph,2025-12-03,1247468,349593,382655,2392467.1,1087767,1154943
my,2025-08-14,972404,206705,230563,1365268.65,837718,868250
no,2025-11-21,96486,24636,23271,875864.17,85462,89253
hu,2025-11-21,152975,45250,38553,718129.97,123218,138471
sg,2026-06-16,230954,68411,62121,1234848.36,213814,214537
pk,2026-05-09,1286588,328033,326781,1540147.38,1142702,1178817
se,2025-07-31,157856,44602,36412,1056505.44,113153,132890
cz,2025-10-28,159022,43341,41868,804076.75,108708,129841
kh,2025-10-28,147262,26133,28476,158594.63,120330,124469
no,2026-03-08,119825,32760,30913,1179423.33,103954,111526
cz,2025-12-02,124890,38679,38206,679279.85,102157,109024
pk,2025-07-06,1014248,159059,150000,638059.31,563099,858975
tw,2025-09-09,1304209,399367,432282,3454446.02,1202117,1220282
la,2025-11-24,33321,9226,10147,41080.74,28469,30393
ph,2025-10-03,1434166,344706,390336,2520814.95,1081650,1330633
bd,2025-10-03,272006,62013,68591,317008.23,203655,244673
pk,2025-07-20,962443,233167,239010,995253.65,794041,843621
t3,2026-05-07,1966014,631114,391953,3817401.82,1841376,1892379
sg,2026-03-04,230490,65512,61407,1225136.61,213686,214671
mm,2025-08-16,134028,33435,37278,226062.85,110176,117099
tw,2026-05-21,1236548,398634,426057,3362653.94,1141058,1152728
hk,2026-05-21,321096,83012,64880,1309345.31,291414,302258
mm,2026-04-25,134963,33596,36908,250997.95,108873,123250
ph,2026-01-02,1228572,267115,285245,1892613.55,771272,1149304
my,2026-01-02,915510,210233,234331,1487436.66,806120,852734
la,2026-06-28,38396,11974,13407,61898.45,31187,36408
at,2025-10-02,101776,37507,31210,929946.55,83802,89671
pk,2026-04-12,1219022,316874,318309,1472460.77,1030939,1104430
se,2026-04-12,199943,59514,53338,1606978.05,154977,184718
at,2025-09-22,87609,30483,26193,766641.67,69860,76493
sg,2025-09-22,209052,60473,59991,1126646.72,191063,191917
at,2026-04-11,102505,34698,29958,976425.38,87060,92176
t3,2026-04-26,2003355,649251,404854,4164085.91,1863792,1931832
hk,2026-05-08,334957,86247,68283,1414100.81,311895,317432
sg,2026-05-08,271420,78049,73182,1452918.42,235033,255039
no,2025-11-12,70903,16394,16780,598263.64,61917,64265
my,2026-06-29,1192409,246732,263032,1638996.7,914604,965559
sg,2026-06-11,246173,73220,66298,1331375.45,224174,225962
kh,2025-08-18,144443,27859,30400,167371.54,123340,127407
tw,2025-10-05,1549704,464767,505730,4384826.02,1414302,1461438
cz,2026-05-04,117668,34889,34458,619025.84,98087,104653
tw,2026-05-04,1189145,382620,411997,3247145.72,1110610,1132230
no,2025-08-04,70826,14832,13933,504000.46,55850,60973
bd,2025-11-11,291962,65577,71290,295484.62,237921,260869
se,2026-03-17,144445,32759,33714,1012601.78,112483,128510
mm,2025-10-19,124817,30686,34374,218412.79,102425,113751
la,2026-01-29,30650,9387,10330,42242.73,26641,28573
sg,2026-01-29,213931,63225,59237,1172500.12,199291,199673
ph,2026-01-15,1195567,334384,365773,2315319.84,1056172,1122241
la,2025-11-25,32357,8960,9809,39655.91,27364,29358
la,2025-10-18,36120,10866,12137,50467.18,31291,33488
at,2025-08-02,104155,35828,29425,917786.37,82231,90342
sg,2026-05-06,236182,71951,66452,1297467.3,220303,220944
sg,2026-01-01,250530,73566,75134,1602938.29,228761,236477
hk,2026-04-10,312692,84914,68437,1372452.77,290075,296253
se,2026-02-22,198652,59220,50922,1608191.48,152997,181818
my,2026-06-27,1048130,235742,270625,1813820.43,920085,964085
my,2025-08-06,980917,204494,228825,1365456.87,830087,863767
se,2025-11-14,208186,62271,51482,1582101.81,163900,180876
mm,2025-09-13,133087,32485,36891,228344.91,110027,116821
la,2025-10-07,35962,8815,9610,39900.97,26820,31745
sg,2026-02-08,268834,81333,81697,1749568.35,251808,252524
pk,2025-11-28,938098,253812,250225,1087869.18,828934,856912
no,2026-01-12,78915,15998,16008,573564.57,67205,72747
at,2025-11-13,104043,37971,32063,950508.51,84893,90402
pk,2025-11-13,818291,218072,238328,998565.13,705295,728995
sg,2025-11-13,223973,63631,61232,1194556.04,203596,204867
kh,2026-05-03,110453,26516,28947,183388.62,97839,101468
t3,2025-11-27,1700728,569805,352917,3319830.49,1568140,1618605
at,2025-11-27,112049,42043,34972,1064166.1,94171,100224
cz,2025-08-05,110729,33314,32473,568701.11,78155,84651
pk,2026-01-27,936337,238589,236407,1022164.18,803453,867791
kh,2026-01-27,106818,26365,28141,166592.68,96915,99029
hk,2026-05-18,302207,78493,61374,1220036.03,278722,283791
ph,2025-07-23,1398858,272417,298041,1924229.27,982946,1275951
hu,2025-12-09,127625,41692,37465,667460.75,105790,115346
hu,2025-10-06,106438,33913,30904,542117.51,80276,88969
ph,2025-10-31,1320228,355625,397814,2643413.24,913466,977444
se,2025-10-31,217274,65057,54591,1668561.72,153401,170772
at,2025-12-23,103430,35309,29425,962371.24,84312,91453
t3,2026-03-26,1950571,620860,379914,3862281.07,1499683,1550141
se,2026-01-13,148421,38886,33967,1024555.18,118405,135470
se,2025-07-12,174492,48767,40218,1205528.29,133306,150852
t3,2025-09-29,1726664,548827,334988,3170161.06,1565007,1635781
la,2025-11-16,36777,10300,11398,48616.79,30893,33813
se,2026-03-13,196560,50341,51386,1637831.16,162810,178848
hu,2026-03-13,142648,36443,41834,780174.58,115840,126142
bd,2026-03-13,291617,49793,65035,338231.9,212088,255470
bd,2026-03-12,276664,54879,63154,315080.72,209512,245901
pk,2025-12-22,918258,242293,238925,1036600.19,773927,822920
sg,2026-06-22,244389,67189,61503,1234761.51,204854,207960
tw,2026-04-20,1161136,384045,414531,3217083.98,1090167,1103231
no,2025-07-25,75077,17780,16794,611875.42,61237,65743
se,2025-07-26,187495,56155,45370,1365079.45,137201,161916
kh,2025-07-11,136085,26507,29199,164575.31,115617,119338
pk,2026-04-09,1127595,294234,292062,1310490.6,980358,1018938
sg,2026-04-09,252120,75666,70356,1360127.95,232209,233771
hk,2026-02-17,304484,58396,52325,1180472.07,260974,289547
sg,2025-11-18,220278,61638,58291,1130751.53,201738,202256
hk,2025-07-14,327641,77110,63887,1255429.95,294229,301043
hu,2025-09-16,117271,35622,32489,557859.3,90861,97500
mm,2026-04-06,142443,34224,37457,253276.9,116045,128792
at,2025-12-24,67553,15500,10791,342817.04,44157,59755
tw,2025-11-03,1417695,411032,438449,3527738.29,1277348,1313559
cz,2026-05-13,134016,41105,40291,748475.88,112075,119686
pk,2026-02-18,973962,258981,257455,1214797.99,824842,875826
my,2026-05-28,1071534,208282,238469,1624310.91,879329,989318
bd,2025-07-13,286377,57218,63949,268603.3,206662,246854
my,2026-04-07,972708,213922,244119,1511079.14,850173,893505
cz,2025-11-17,135381,40322,39725,778590.21,105973,117245
t3,2026-03-11,1822321,552599,349991,3506816.13,1484080,1547100
tw,2026-02-19,1499123,337024,364200,3270296.31,1284016,1443959
bd,2025-09-01,279048,61819,67840,293748.6,222189,249935
ph,2025-10-21,1217450,320430,356738,2192106.17,1061189,1120712
pk,2026-02-15,1103415,298478,297603,1354908.05,950941,992285
at,2026-03-10,101738,34460,30170,896927.63,71696,76713
tw,2025-07-17,1435887,424096,460842,3929474.81,1270361,1302655
kh,2026-04-18,116905,27797,30025,185684.63,100773,109197
at,2026-03-22,137632,47923,40088,1217493.91,115052,123126
bd,2025-09-19,296459,68516,75508,334919.06,222031,267620
no,2025-09-04,72368,13179,12401,444771.14,61308,65452
pk,2026-05-25,1119173,280147,274366,1378033.17,960437,1003167
my,2026-05-25,1105353,245216,276412,1810616.84,964172,1014437
no,2026-02-16,76285,15631,15774,589368.18,65838,70152
hk,2025-10-10,312683,79164,61896,1283467.29,284187,292702
sg,2026-02-01,273438,82213,83737,1782060.12,255327,257104
pk,2026-06-03,1138742,281061,270104,1281958.99,930062,1026714
mm,2025-07-19,132173,32131,36482,223921.4,107349,112952
pk,2025-10-13,884755,225076,224749,920065.74,748824,789618
my,2026-04-15,888245,213779,246591,1502649.19,800322,830426
se,2025-08-11,147238,37798,31972,921292.29,103615,124515
hk,2026-06-04,325277,86595,68957,1391599.18,301255,306289
sg,2026-06-18,237782,70689,64609,1301344.31,219124,219899
kh,2025-07-18,138938,27135,29587,171865.15,118437,121855
la,2025-12-15,28479,9182,10016,39603.74,24786,26471
la,2026-04-02,34830,9025,9894,40870.2,28004,32334
hu,2026-04-02,142420,44420,41822,862150.13,116339,128548
bd,2025-10-12,272113,61293,66588,282319.29,216275,243303
at,2025-12-14,146284,54805,43768,1361198.16,124908,133262
la,2026-01-07,29359,8600,9430,39193.87,25084,27243
sg,2026-01-07,197792,60005,55846,1115254.46,183661,184121
t3,2026-03-21,2097380,557999,311693,3506169.45,1743396,2014246
t3,2025-08-10,1865812,603082,367051,3721655.88,1611051,1744625
hk,2025-11-07,323645,84896,67005,1381370.44,294496,301838
bd,2025-10-01,275883,60559,67185,316680.64,212680,246996
no,2026-02-25,74042,16985,16562,634840.64,64889,68198
at,2026-01-04,129114,47076,37651,1162433.88,108164,117083
t3,2025-08-28,1778179,608404,390758,3608441.43,1602029,1674257
tw,2025-08-14,1406177,427667,463982,3837986.41,1271789,1294752
sg,2025-08-14,223200,64198,65049,1220652.4,200443,201591
se,2026-04-27,161402,43440,40306,1165218.51,126949,148594
cz,2025-12-17,141332,46943,46263,849801.63,115210,123703
mm,2025-10-29,124259,30450,33309,201670.53,104145,111227
cz,2025-10-29,123394,36962,36557,650592.59,89539,96569
hu,2026-02-11,133381,41570,37518,687311.25,113178,121883
t3,2025-09-20,1830968,603669,383354,3776607.12,1645746,1713630
cz,2026-06-16,124950,39407,38765,717303.87,101657,112729
bd,2025-10-14,279042,62489,68621,289465.9,225360,250946
no,2025-07-31,76341,17942,16889,612031.26,62188,66608
at,2026-01-30,128175,46719,39821,1276454.28,109011,115665
ph,2026-01-19,1153227,306530,333792,2048638.66,974098,1072237
mm,2026-01-19,111928,29212,32103,195876.87,98247,102592
la,2025-08-27,36652,8471,9237,36037.92,30074,33686
la,2026-03-08,37970,10577,11731,53449.5,29940,35011
at,2026-01-31,117077,41979,35773,1167958.54,98780,105428
se,2026-01-31,227874,69129,58939,1935773.4,188530,210200
sg,2025-12-16,203531,58048,54478,1081037.96,187923,189323
kh,2025-10-03,148210,25349,27785,164011.14,119432,123945
sg,2026-06-13,273802,82500,81083,1738715.48,256104,256622
cz,2025-08-01,124450,38211,37365,681568.31,88043,96067
pk,2026-04-25,1168055,305248,304244,1423912.53,1022256,1057496
la,2025-12-30,28900,8868,9709,40410,24966,27040
mm,2025-12-19,124784,29702,33007,210584.05,108201,113235
cz,2026-06-28,140888,38907,36755,766097.41,95486,128628
t3,2025-11-23,1878096,611285,376734,3886995.56,1709200,1789260
la,2025-11-23,35437,10003,11020,47288.33,30021,32807
la,2026-04-12,34358,9509,10391,45321.81,25152,32021
se,2025-09-22,144159,37435,32423,932075.47,102517,124783
kh,2025-12-04,136261,26209,28092,158567.24,117285,120950
cz,2025-10-16,133387,41491,41277,725009.22,98496,106658
sg,2025-10-16,215843,62554,60355,1167161.25,196970,197738
mm,2026-03-05,128781,32733,36048,228053.09,104789,113998
hk,2026-03-05,316827,85108,66739,1305744.27,284875,290877
sg,2026-04-26,319484,97353,97422,2017521.37,297253,299722
la,2025-09-21,36486,10173,11330,46948.11,30473,33267
bd,2025-11-12,296039,68978,73824,314536.62,242159,264736
cz,2026-01-03,130600,38821,37599,771599.16,106233,116246
hu,2025-10-05,113550,35766,31515,612505.3,77718,96672
ph,2026-02-24,1190546,314649,343745,2134252.15,1060667,1113760
hu,2025-09-10,135407,41110,36345,635498.01,102237,113832
hk,2026-02-21,355290,88124,76947,1678217.44,326669,338394
no,2025-11-11,72467,15678,14683,503780.29,61406,65306
kh,2025-08-17,138615,25898,30403,184059.84,116653,121179
tw,2026-05-30,1422045,474051,514867,4341719.67,1320172,1350076
sg,2025-10-04,256840,78632,80226,1659784.16,237754,238947
no,2026-03-03,67547,15657,14926,565189.34,37063,39880
my,2026-04-24,986370,227890,263097,1700442.66,884647,918014
pk,2026-04-24,1123153,293804,292165,1349984.15,989231,1022649
ph,2025-09-24,1224189,310438,350755,2216745,1056305,1126342
se,2026-03-18,157573,36456,37343,1128075.02,124391,140409
la,2026-01-01,36329,6897,7311,32976.96,21521,33903
hk,2025-12-31,343129,85270,71130,1596556.64,313804,328075
at,2025-12-21,134990,49654,39619,1252924.54,113390,121574
cz,2026-05-02,121298,34566,33678,685240.44,100635,109144
hk,2026-05-02,362468,94371,81643,1687722.26,338476,345220
t3,2026-03-14,1910811,532524,368153,3947606.94,1625932,1702554
sg,2026-03-14,295337,78456,87132,1846799.01,270188,271501
tw,2026-06-23,1247784,392895,420378,3360970.38,469231,485447
my,2025-11-14,1008308,211218,232688,1436110.99,871812,913078
cz,2026-02-07,141906,41895,40774,855512.44,117082,125416
tw,2026-02-07,1451208,480866,520134,4347107.93,1350899,1387492
cz,2025-11-28,145479,46805,45780,871606.29,119698,128388
hu,2025-11-28,149487,46550,40895,754163.98,123381,135052
at,2025-11-28,125660,46323,38201,1198822.48,105853,113042
at,2026-05-17,132944,48345,38983,1170836.94,114825,122256
bd,2025-08-30,280063,63570,69773,304100.47,220259,247977
se,2026-05-03,206828,65318,58982,1751894.84,162026,193801
my,2026-03-15,914814,171494,209445,1498168.27,746822,818111
my,2025-11-27,1033140,218778,237339,1463913.45,872684,951876
ph,2025-11-27,1284702,349033,387702,2446966.38,1122759,1192046
sg,2025-08-05,224480,62832,61488,1196724.47,193899,199498
my,2026-01-27,833746,203757,236611,1408495.84,766187,784360
my,2026-02-20,711544,133025,148441,1042588.91,612002,656017
bd,2026-02-20,254545,44415,48124,245096,191477,232277
tw,2026-02-20,1515814,363878,392739,3481456.82,1301405,1456695
tw,2025-12-08,1245190,413984,440521,3463829.88,1169175,1187678
at,2025-08-19,88444,30386,25665,746951.57,69671,76214
la,2025-08-19,33764,9419,10404,39929.53,29200,30532
la,2026-03-01,38344,10392,11402,50521.32,28748,35744
no,2026-03-01,120305,32968,30983,1187333.23,104734,112682
cz,2026-01-13,144119,41781,40625,757959.25,116549,127676
tw,2025-11-16,1559587,489960,537782,4530410.67,1437547,1475530
mm,2026-01-10,116294,31259,34489,218916.89,102470,107212
pk,2025-08-08,958495,237042,236015,984079.63,784555,838811
my,2025-09-28,1090468,223481,245273,1522648.54,897043,995724
bd,2025-08-07,294986,65647,70417,306547.79,225761,256631
at,2026-02-06,116671,42914,36600,1146508.48,98377,104551
my,2026-01-11,882826,208875,234424,1500334.34,781430,830357
sg,2026-01-11,248582,80473,80069,1708035.29,234305,234967
la,2026-05-15,35454,9667,10609,47194.01,29541,32587
pk,2026-04-20,1034475,265915,264196,1175732.48,900400,933831
no,2026-01-25,128037,33111,32766,1192164.98,111140,120052
ph,2025-10-23,1249360,335649,372454,2305636.43,1088919,1147636
bd,2026-03-24,307551,65625,70507,321593.14,210017,280818
no,2025-12-11,78755,21551,20365,737748.41,69027,73104
la,2025-07-15,34855,8493,9553,37431.32,28381,29796
at,2025-11-04,98046,34305,29320,874971.56,79178,84991
bd,2025-09-03,277000,62615,68699,299044.9,223828,249676
kh,2025-10-22,156412,25341,27782,157095.36,118295,122057
pk,2025-10-22,880502,229220,229095,945874.48,768058,793704
kh,2025-11-18,145488,26287,28116,164814.15,125377,130674
bd,2026-06-08,300383,67733,72048,326937.65,232256,273271
se,2026-06-08,148574,39062,34716,1014797.57,111385,139112
no,2025-08-21,71280,16847,15743,549719.29,58960,64132
se,2026-02-18,158898,43383,38349,1193531.63,129055,144749
hu,2026-02-18,122100,39999,36406,640916.18,104529,110809
cz,2026-02-18,134006,41516,40907,754035.92,110975,118211
kh,2026-04-07,118936,27202,29702,172049.19,105465,108354
kh,2025-11-17,140835,25582,27634,154983.23,121485,125478
hk,2025-10-21,303813,78097,60863,1191529.69,273405,282238
pk,2026-01-08,988360,264659,261524,1135705.45,854864,900651
hu,2026-05-24,124061,33611,29853,650160.73,82536,113771
hu,2026-04-03,125758,33044,29838,601468.94,93416,111880
my,2026-06-20,983172,225124,258205,1644361.23,855121,889024
ph,2026-04-18,1351138,375566,416723,2670525.51,1189046,1251886
hk,2025-09-30,323248,79982,62002,1251087.89,292540,302831
at,2026-01-20,101037,34831,30054,899855.67,84750,90311
my,2026-01-09,886044,209766,236887,1498080.26,783117,829273
pk,2025-09-05,971330,240794,248066,1075348.48,818674,860392
hu,2025-11-06,132404,42218,38142,677996.53,110829,118618
hk,2025-11-06,311887,81673,63659,1264621.88,285351,291943
la,2026-05-11,33609,9549,10545,44228.7,28488,30795
sg,2025-11-05,224349,65172,61964,1183851.85,204787,205349
mm,2026-04-30,147031,33453,36625,259552.66,116007,136119
tw,2025-07-16,1425642,416937,458202,3900538.18,1277705,1312018
ph,2025-11-19,1264993,330871,365786,2253809.57,1096935,1166601
no,2026-04-04,71171,16016,15642,636035.64,61023,65356
my,2025-07-01,992250,202079,236356,1395734.46,852466,883735
la,2026-05-22,35366,9628,10486,45606.37,29558,32358
sg,2026-05-22,258246,80441,76033,1519331.07,238977,239559
hk,2025-10-27,299709,77371,60709,1178098.23,267886,274785
pk,2026-01-06,972583,257240,254721,1109446.88,842156,881606
cz,2025-07-30,113934,35014,34179,596843.82,88184,95629
tw,2026-04-01,1252285,382827,415733,3275117.81,1155808,1178966
hu,2025-08-11,120743,36577,32928,569255.15,89918,100164
se,2025-07-05,200983,58245,47622,1428002.79,154316,174339
se,2026-06-04,170470,48789,42780,1253291.92,134366,159916
cz,2026-02-13,165964,50218,49315,976456.38,139243,147828
bd,2026-02-13,287440,63065,67299,328543.06,214794,266775
hk,2026-02-13,312059,83120,66764,1391329.62,288531,295243
cz,2026-02-14,183625,51881,50115,1094086.71,151839,165038
kh,2025-10-12,140210,26406,29313,186442.45,116051,120941
bd,2026-04-16,302170,71881,77895,346041.04,251521,273601
hu,2026-04-16,127873,42471,40252,770824.36,109791,115802
mm,2026-04-17,156217,23694,24901,180237.66,105587,145719
tw,2026-04-17,1194936,402424,436172,3444079.58,1122518,1134043
bd,2026-03-21,174036,22476,24624,117747.06,103386,151594
pk,2025-11-07,938281,248060,249107,1076354.15,806287,836609
no,2025-11-07,87755,21298,19886,745957.25,75773,79429
hu,2025-10-01,122786,37395,34159,599883.61,96330,102901
bd,2026-04-13,303090,70183,76028,342212.03,250756,272631
la,2025-07-03,35305,8017,8920,34497.91,25698,29036
t3,2025-11-22,1858892,618687,380897,3817311.18,1712497,1767959
bd,2026-01-04,260315,60375,65408,291511.48,210212,234481
pk,2026-01-04,1024740,277516,280274,1252363.46,885891,928724
ph,2026-05-23,1475128,385915,423715,2720070.18,1272983,1361509
kh,2026-05-23,112512,28125,30642,185849.21,100280,102740
kh,2025-12-03,138570,26833,28610,165381.69,119418,122894
pk,2025-08-28,916617,224441,227525,946438.87,760232,810127
at,2025-08-14,96141,33059,27936,840661.93,76360,82979
se,2025-12-17,156133,46699,39827,1171861.09,127956,142601
my,2025-09-20,971852,208048,231827,1436156.62,845458,880752
sg,2026-04-28,244801,73050,68342,1309840.1,226320,227317
la,2026-02-26,32494,9422,10362,43934.94,27507,30236
t3,2025-10-28,1881119,608113,363773,3521259.64,1689286,1750958
se,2026-01-19,148396,38730,33712,1028880.67,114763,134604
tw,2025-08-27,1399319,422532,457495,3694544.67,1268946,1300646
se,2026-04-14,141366,39374,36423,1068750.31,115618,130273
pk,2026-04-14,1057560,276317,275868,1237169.1,926826,957780
hk,2026-04-29,334832,83689,66278,1319630.38,303577,315870
kh,2025-11-09,137930,25997,28149,175996.01,113021,118029
la,2025-07-20,35480,9236,10406,42337.6,28573,30177
kh,2025-07-20,135283,27201,30019,185976.75,113593,119188
my,2025-09-09,946883,198345,230740,1288385.61,827124,857975
ph,2026-01-16,1270160,347565,379682,2441809.31,1075067,1192092
cz,2025-12-16,140280,45195,44446,809155.55,113842,122918
my,2025-09-08,937629,199168,220454,1292424.44,811870,842491
la,2025-11-20,31779,8719,9614,39989.05,27250,29068
cz,2025-11-24,122896,38302,37890,669476.36,98253,106766
hu,2025-11-24,117754,33881,30271,524355.86,96990,105914
kh,2025-11-24,137571,24757,26891,151155.4,119131,122769
my,2026-06-13,1007417,236095,277469,1738919.05,892824,932136
hk,2026-05-07,321482,83771,65440,1307594.25,298969,304085
mm,2026-05-07,140736,34242,37518,249607.92,115484,128793
hk,2026-03-04,321207,84120,67269,1308452.28,290559,304499
tw,2025-08-16,1531377,476377,516962,4468156.66,1407920,1434197
t3,2025-12-04,1725613,564270,350469,3360861.75,1594421,1643633
t3,2025-07-08,1787871,564027,372007,3399813.6,1541381,1623113
at,2025-08-29,108987,39325,32192,1002455.14,82275,89939
ph,2026-06-14,1353051,361382,394208,2577024.58,1142495,1242516
t3,2026-06-15,2006975,622329,382180,3793722.23,1765547,1835496
hk,2026-06-15,321625,80052,61943,1247864.98,279723,302866
kh,2026-03-05,107174,26174,28451,168090.9,92714,95518
la,2026-05-08,33665,9702,10809,47002.19,27930,31017
pk,2025-10-05,1002775,252487,257630,1113100,834767,895022
no,2026-05-04,66180,15410,14461,565105.91,57783,61348
pk,2026-05-04,1080445,249001,241611,1114375.1,827079,986145
hu,2026-06-25,127238,40523,37485,738924.42,104221,115337
la,2026-05-05,35390,7810,8459,34818.07,29106,32866
t3,2025-12-07,2005663,593554,338262,3617185.96,1818010,1922308
se,2026-02-21,213758,64834,56065,1844135.14,176852,196850
no,2025-10-04,98593,24115,22749,841196.11,85760,90715
mm,2026-04-24,141493,33411,36427,246857.8,112322,129832
la,2026-04-24,33048,8810,9649,40150.43,25101,30611
hk,2026-01-15,304417,79637,62567,1230963.69,284930,290262
kh,2025-09-24,138856,25820,28421,182425.77,111029,123930
t3,2025-11-25,1725491,532123,322452,3089537.04,1581394,1635156
my,2025-09-23,897638,191388,215747,1224655.99,788217,815902
ph,2026-05-06,1365400,360076,396911,2410381.05,1195841,1271730
sg,2026-02-22,258284,68776,68667,1522705.69,239033,240134
se,2025-12-06,217502,68837,56653,1777977.08,180327,200388
se,2026-06-27,197584,60684,52384,1611012.45,152139,184988
kh,2025-12-21,92032,22761,24833,156530.17,81656,83939
mm,2026-03-28,138070,33513,37082,255409.56,108688,124034
my,2025-09-12,955127,202852,224360,1370699.13,824664,867211
bd,2025-11-28,296186,69040,74119,340984.6,227369,269545
pk,2026-03-29,1221122,293593,291409,1330284.28,932362,1087161
at,2025-08-31,141972,50158,38976,1199541.21,109241,119040
sg,2026-05-17,310649,96770,97669,2053605.62,287758,288758
sg,2026-05-03,311743,95478,96087,2002470.77,291818,292957
ph,2026-03-15,1349349,329909,412676,2729811.48,1158581,1229138
pk,2025-08-05,927714,225567,225759,940310.15,764336,802421
bd,2026-05-18,303010,68166,73606,327577.93,250920,272243
at,2026-05-18,89868,31784,27492,818078.66,75248,80872
la,2025-10-06,34818,9238,10110,40141.3,28993,31317
no,2026-03-26,75006,18147,17252,665431.48,48855,51848
hu,2026-05-14,131937,44469,41013,793415.65,113975,120559
pk,2025-11-02,998778,266262,268592,1188491.64,860195,891797
kh,2026-05-29,120605,30012,31606,183964.21,107287,110530
t3,2026-02-05,1836356,588762,350546,3456306.88,1616687,1665157
ph,2025-10-20,1216545,322549,360344,2206882.14,1049114,1113735
la,2025-10-20,33936,9275,10166,40012.69,29004,30995
mm,2025-11-16,119068,29696,33103,213015.14,98989,106114
hu,2025-09-15,103406,31819,29377,498069.91,77807,85630
la,2025-10-09,35409,9696,10604,42121.32,28546,32414
mm,2026-03-13,133527,29414,36050,237803.58,110673,118221
hk,2026-05-01,392753,106374,94288,1980183.15,365386,374611
tw,2025-09-28,1524585,487337,530740,4615838.47,1411330,1442286
la,2026-02-06,32162,9736,10758,45075.2,27564,29620
no,2025-11-15,102048,26598,25183,934799.65,88582,93449
hu,2025-11-15,136225,41040,36242,714776.64,107783,116578
no,2026-03-27,90758,23241,22188,893806.63,76823,79947
at,2025-09-14,136549,49451,38849,1166570.32,113987,122479
pk,2025-09-14,1025493,260307,266561,1135125.11,881064,915718
at,2026-05-15,107855,37066,31198,978785.1,92730,97848
se,2026-05-15,195515,54598,47305,1412304.24,164783,182293
t3,2026-04-20,1865731,595397,387450,3713776.15,1748150,1795193
hk,2026-04-20,306289,81042,63919,1240766.08,283168,288511
my,2025-07-29,986068,203887,232570,1364210.39,844635,875752
la,2025-09-17,34254,9337,10282,39416.38,29283,31183
bd,2026-04-05,308377,71326,77190,346050.89,252673,278212
mm,2026-04-05,142597,35255,39084,278207.02,116387,129449
ph,2025-11-04,1265359,283003,312398,2015516.85,986805,1159419
no,2025-09-03,70282,15431,14445,515778.88,58729,63168
at,2026-05-27,99875,32562,27746,838965.24,82423,90899
mm,2026-06-08,136809,33465,36270,248446.6,111722,126341
my,2025-11-03,1011920,215750,237267,1409169.85,863768,898969
kh,2026-02-18,128522,30208,32650,209524.15,113270,118335
pk,2025-09-02,927341,206055,208310,861800.35,690839,823682
se,2026-02-19,158462,45213,39822,1238392.32,128845,144361
kh,2025-07-17,137496,27223,29724,167837.71,117483,120628
no,2026-05-24,115545,31206,29102,1165643.86,99873,108879
t3,2025-07-02,1756689,568757,371352,3369318.46,1538027,1615191
at,2026-04-03,103094,35353,30639,972537.52,84992,90624
at,2026-06-20,101166,35352,29834,956207.39,80601,91371
sg,2026-04-18,296684,88746,88773,1839443.07,275056,278059
t3,2025-08-23,1807311,616162,393462,3755650.56,1622928,1700196
sg,2025-08-23,260860,74922,79627,1667074.27,233796,235278
at,2025-09-05,107172,39069,31833,983532.95,81693,88626
t3,2026-05-11,1960842,621443,395021,3792273.82,1825927,1883078
tw,2025-12-12,1307763,436012,467355,3753182.81,1235534,1255857
bd,2025-10-10,323313,70731,76532,360435.29,234069,293856
no,2026-04-30,79625,19725,18863,785124.32,70590,74573
pk,2025-11-19,883779,237782,234442,985564.27,782674,809302
bd,2026-01-21,255473,62097,66805,289095.39,218804,236296
kh,2025-09-18,153139,27970,30328,179640.13,126074,135781
la,2025-12-26,29262,9174,10037,40996.72,24809,26952
bd,2026-06-07,296623,67742,72344,332534.44,226295,269364
la,2026-06-07,38816,11798,13290,61509.21,31852,36644
at,2026-03-23,93524,31648,27884,829117.19,76119,81827
my,2026-05-22,1030660,226966,262668,1729876.16,916776,947158
la,2026-02-02,30738,9102,9949,40092.12,26105,28454
my,2025-10-27,987244,207056,228184,1325694.39,847701,882327
hu,2026-01-06,136024,34327,27302,514574.05,97946,124162
t3,2025-07-30,1798704,596112,372505,3500533.01,1548888,1632965
ph,2025-12-01,1262662,333261,368259,2300724.13,1053363,1160640
hu,2026-02-27,136462,45947,41851,799649.24,117576,124284
bd,2025-12-29,273214,64545,70254,303499.57,220608,245819
ph,2025-12-15,1260462,334815,370468,2311805.61,1014393,1167810
at,2025-12-15,105146,37672,31972,965288.87,86974,93588
no,2025-11-08,95136,23644,22280,835241.57,83112,87021
tw,2025-08-25,1422105,432949,466093,3784266.31,1290091,1316505
kh,2025-07-04,137283,26960,29503,169507.18,116951,120266
hk,2026-06-19,354068,95935,85840,1871535.31,317028,331877
la,2025-07-28,35060,8992,10027,38691.94,28704,30558
sg,2025-07-07,215685,60529,63768,1217934.2,191337,192541
t3,2026-04-13,1894901,621427,405984,3800999.96,1770006,1818489
at,2026-04-27,95324,30599,27284,807731.66,80364,85248
kh,2026-03-07,112313,27557,30172,187929.21,99616,102554
my,2025-08-13,969252,189166,236130,1318975.05,821923,855151
la,2026-05-09,36356,11038,12310,54588.94,30502,33314
at,2026-05-20,97884,33169,28174,835983.5,82791,88141
at,2026-01-05,109606,36702,30955,979247.15,88913,97854
se,2026-06-17,169744,45757,40364,1188802.02,132479,159494
bd,2026-01-31,262419,62818,67775,304994.69,221276,240012
no,2025-07-20,105774,27176,25170,929435.75,80350,91965
my,2025-07-06,1116462,223244,261682,1652679.02,953756,1000155
sg,2025-07-06,269631,78671,85728,1766496.26,244325,245799
tw,2026-02-12,1318735,428395,460706,3743959.13,1227359,1254685
t3,2026-02-12,1939042,622038,361252,3502639.6,1792749,1856461
no,2025-09-09,68596,14739,13886,486769.19,57707,61766
no,2026-03-30,72817,15793,15585,599909.21,61698,65672
hu,2025-08-16,118941,36260,31578,603348.95,89725,99851
la,2026-04-25,34006,9895,10939,47373.95,27443,31384
hu,2025-07-09,129794,38587,35634,619791.06,99832,106538
cz,2025-12-05,152947,47656,46519,885391.66,124496,135289
kh,2025-07-08,134297,26061,28676,158698.86,114292,117859
mm,2026-06-14,139630,35371,38685,280551.88,112096,129288
at,2026-03-05,105357,37804,32401,966093.1,88065,93613
no,2026-03-31,70107,15963,15704,618076.43,59817,63337
at,2026-04-26,131494,44810,37197,1134870.31,113716,120201
pk,2025-11-12,894462,234724,232728,974154.8,773552,801117
no,2025-09-25,71760,16852,15919,573359.05,60960,65207
se,2026-05-04,147118,40846,36830,1048289.78,114598,135731
pk,2026-03-16,865668,184365,216577,1033560.06,682657,769132
mm,2026-03-16,133650,30184,37875,247965.56,113640,120392
at,2026-06-26,101468,37216,31601,990426.79,82044,93360
t3,2026-05-05,1925450,612656,382386,3721000,1801225,1854945
ph,2025-08-17,1328400,321715,382365,2544090.56,1029549,1173534
bd,2025-08-17,278715,57472,67111,278401.7,207717,239359
no,2025-10-19,123018,34359,32101,1147022.75,103301,111945
t3,2026-01-15,1982551,651235,399928,3818660.17,1817340,1885593
sg,2026-01-15,200246,61249,57671,1141438.72,188573,188939
hu,2026-06-12,141080,48179,44476,911187.28,115619,127983
hk,2026-06-12,321978,84582,66971,1427410.53,296285,303495
la,2026-05-19,33693,9741,10871,46479.27,29073,30972
se,2025-11-25,171253,49815,42559,1267147.71,134396,154216
hk,2025-10-18,346851,94165,80963,1714818.3,317544,327910
no,2026-01-01,150659,33341,29137,1101249.04,112602,141189
la,2025-12-31,28837,7465,8136,36181.03,21926,26686
pk,2025-09-27,961690,245714,254817,1099713.85,827403,856925
se,2026-05-02,190313,56581,51064,1553487.27,156950,177597
cz,2025-11-14,148901,48516,47524,907526.79,118417,128129
la,2026-03-28,38155,9843,10745,45998.91,29006,34654
mm,2026-02-07,125131,34086,37675,243840.45,108866,114839
bd,2025-07-24,298640,64839,69267,295384.87,225736,264708
no,2025-09-12,91047,22550,21042,809118.58,78428,83340
bd,2026-03-29,303693,70445,76091,325942.93,238256,272224
my,2026-05-17,1075297,232672,264934,1735741.71,955266,987909
no,2025-08-30,100194,24525,22827,861935.82,85367,91672
no,2026-06-24,76759,18436,17288,683542.96,64127,71396
hk,2026-06-24,312978,81416,64145,1337692.98,277870,283008
sg,2026-06-24,242663,69351,62849,1283406.63,213121,217602
se,2026-01-12,145444,37610,32795,993514.59,110511,132554
se,2025-07-23,153789,41123,33601,976685.25,110592,132036
hk,2025-07-23,327301,77255,63241,1214204.49,294316,300059
my,2025-09-11,941616,202394,224737,1329753.91,819681,855044
kh,2025-12-08,92324,24958,27018,150907.97,82952,85797
t3,2025-12-23,1749154,570979,349477,3302462.74,1597172,1651099
hk,2026-05-29,346543,89053,69238,1465995.7,319569,326138
my,2026-02-05,888709,217320,245792,1535586.82,808190,833960
bd,2025-09-29,268045,61000,67416,286532.89,212866,239457
ph,2025-11-16,1391663,368885,410813,2662692.91,1134120,1274088
pk,2025-09-15,862665,213785,216498,869468.07,727654,759250
at,2026-01-10,114923,38956,31167,1014182.5,95990,104231
la,2025-08-08,37148,10032,11241,43391.56,31353,33063
t3,2025-11-01,1953214,649274,392666,3934526.56,1782087,1842361
ph,2026-06-22,1351149,324618,348691,2145352.14,1019351,1078838
hu,2026-01-11,134707,35290,28211,578583.14,89515,123449
hu,2026-05-15,145295,48465,44247,912008.16,124314,132563
se,2026-03-24,158576,43924,39003,1158088.5,104944,120601
at,2025-09-17,91117,32418,27410,803456.53,73744,78799
at,2025-07-15,95986,32203,28328,827741.56,75765,81738
se,2025-07-15,142529,37235,31373,915562.95,103172,122411
t3,2025-12-25,1773832,585473,360613,3438238.17,1633725,1686714
se,2026-02-17,157057,39437,35042,1076639.57,127002,142953
tw,2026-01-22,1292176,427149,460991,3660197.3,1211485,1239815
ph,2025-08-21,1328902,342802,381966,2438656.16,1130189,1207418
se,2025-07-14,145584,36715,30912,902855.32,102466,122327
pk,2025-09-16,886629,220066,224233,910998.19,752610,780048
cz,2026-02-04,126240,38007,37634,686813.84,104550,110899
at,2026-03-25,98571,34056,29274,880399.77,81426,86875
no,2026-06-09,78537,17987,16979,666668.06,66758,74446
my,2026-05-13,973729,214722,245826,1506352.48,863458,893794
tw,2026-04-07,1315363,396420,431130,3399681.88,1218603,1249044
cz,2025-08-20,119883,36553,35909,623308.39,86762,94039
no,2025-08-20,71996,16602,15502,535250.61,60377,65631
bd,2026-02-15,258113,60303,64302,288668.75,216127,235206
la,2026-02-15,36945,10262,11278,49509.66,27812,34379
mm,2025-10-25,127866,31737,35289,222095.47,107385,115747
t3,2026-01-08,2035386,618561,340135,3262641.44,1781217,1936961
kh,2025-07-02,135799,26755,29193,162907.96,115870,119656
no,2025-12-13,106911,30259,28552,1061144.46,94196,99889
bd,2026-01-09,281002,68359,73701,348795.91,222805,258019
cz,2026-01-09,162901,47289,44787,888247.53,127105,144706
mm,2026-01-09,111442,29612,32669,201906.61,97391,101780
ph,2026-05-10,2101859,476939,532203,4220305.58,1527591,1967654
pk,2026-04-30,1106444,291500,288438,1347482.59,965240,998058
ph,2026-04-30,1414215,383964,422568,2657142.26,1228234,1307598
kh,2026-04-30,121807,29740,31803,192700.49,108131,111526
se,2026-02-01,216308,64023,54666,1738273.3,168785,200159
tw,2026-02-01,1575390,472688,512770,4301559.27,1433632,1510921
mm,2026-02-01,132312,32766,36142,235331.75,110060,122040
bd,2025-11-19,277317,63810,67802,286145.75,228783,252453
hk,2025-11-19,305111,80274,61750,1214475.92,279794,287122
la,2026-04-04,36938,10662,11841,52686.84,29913,33908
no,2025-10-27,67232,14541,13809,482761.73,55960,59937
at,2025-07-19,91784,30848,26201,805632.17,73452,79156
sg,2026-01-06,197402,57788,53773,1064814.77,182596,183065
ph,2026-03-20,1315717,326888,393414,2530266.19,1148654,1204599
tw,2026-03-20,1221696,384354,431006,3437475.5,1123587,1136209
cz,2025-12-29,132058,39668,38975,767237.13,103922,115718
pk,2026-02-13,1011349,269349,267271,1184983.25,883623,919815
se,2025-12-15,138895,40934,35364,1040324.97,107512,125810
at,2026-04-02,107803,37303,32377,1007116.57,90247,96226
cz,2025-11-08,134723,40733,39502,799229.93,106945,117040
my,2026-02-14,956504,229295,259832,1822990.12,862791,894823
hu,2025-10-12,119509,37240,33014,634917.49,86852,107352
my,2025-10-12,1078064,221179,246261,1485361.84,891525,973297
la,2025-10-26,35559,10428,11535,48832.35,30353,32947
ph,2025-10-26,1356245,364392,407924,2619296.78,1126820,1254032
cz,2026-06-30,123437,36485,35664,665521.04,98569,110945
hk,2025-07-07,338633,78892,65718,1262508.52,306334,311646
hk,2025-07-03,331124,77735,64386,1233618.32,300230,305496
kh,2026-02-25,117773,28232,30045,175910.41,105066,108235
sg,2026-01-04,238559,74177,74598,1569287.94,222956,223598
la,2026-05-23,36462,10830,12079,55450.5,31028,33366
bd,2025-12-03,286977,65425,69143,303913.77,238923,262690
hk,2026-06-01,315786,81517,65121,1301212.39,291824,297304
pk,2026-03-07,918370,229692,231656,1118573.99,753106,827082
bd,2025-10-29,292688,65425,69977,295129.17,233446,259449
la,2026-02-11,32269,9693,10653,43783.94,27701,30022
ph,2025-10-14,1236460,322638,359796,2281345,1072190,1136528
at,2026-04-29,105075,36997,32506,980291.03,89618,94609
bd,2025-11-09,279867,64724,69122,287361.98,224463,248976
tw,2025-07-06,1683231,341686,379615,3539812.35,1159343,1216306
kh,2025-09-08,137579,25595,27861,155908.89,117217,121146
hk,2025-09-08,381914,70872,53860,1104401.5,264222,361378
no,2025-10-03,85537,20470,18994,703028.98,73796,77949
tw,2025-08-01,1491111,441947,475203,4137728.12,1335482,1375743
t3,2026-03-19,1875478,485033,315263,3610279.82,1683083,1776091
ph,2026-05-21,1444194,370500,407059,2524102.79,1267330,1334357
my,2026-04-25,1098539,242080,277644,1854276.7,981865,1021329
my,2026-02-23,688589,137393,152964,995103.25,600205,631323
se,2025-12-30,168317,49482,41792,1307503.15,132413,154078
hu,2025-12-19,148454,48780,42847,838178.88,121082,133988
at,2026-04-12,133487,46679,39203,1207234.22,113964,121113
no,2025-07-08,66300,14031,13417,475699.87,52491,56957
hk,2025-07-08,332406,78134,66037,1272483.46,301271,306436
t3,2025-08-29,1773497,611969,392120,3653608.51,1594516,1666784
hu,2025-08-29,124606,40122,35690,644481.82,95002,103424
hk,2025-08-29,345634,86340,70702,1471692.27,312066,322550
hu,2026-06-15,121482,38439,35770,700746.89,96027,109857
at,2026-03-31,109899,36575,31638,985949.04,90523,97225
bd,2026-01-17,259169,62269,67060,302160.38,221441,239644
mm,2026-04-26,136874,33566,36882,259122.6,109480,125817
t3,2025-09-21,1858876,602964,376993,3829823.88,1660994,1761561
tw,2026-01-03,1492195,498389,538028,4448037.3,1402182,1431262
hk,2026-01-03,328414,91072,79129,1609874.74,306685,313760
ph,2026-06-11,1353823,358643,391780,2511267.75,1150194,1239946
my,2026-06-11,954623,216843,258455,1514124.87,837016,874297
se,2025-10-05,209122,63170,52231,1560259.26,154508,184945
kh,2026-03-02,110122,26226,28478,165425.34,97294,100397
t3,2026-01-28,1902128,616891,385166,3596454.13,1747503,1810283
cz,2025-11-26,130611,40965,40528,735122.44,107666,114895
t3,2025-11-26,1689808,567369,351428,3327140.09,1558339,1609587
tw,2025-09-10,1325377,397053,431529,3477266.57,1218677,1241967
la,2025-08-04,37620,10204,11369,44605.45,31446,33275
bd,2026-02-21,252334,45565,49212,236745.51,193606,229299
hk,2026-06-26,335741,86762,68650,1476689.2,297814,317310
tw,2025-12-07,1495659,498199,532997,4475309.3,1410361,1437585
tw,2025-11-11,1488964,358903,384061,3129351.93,1367479,1410090
sg,2026-04-24,265723,80827,76717,1520122.72,247707,248928
hu,2025-10-19,114079,36198,32113,617360.39,84540,102748
ph,2026-05-19,1363652,348492,380669,2339857.19,1181792,1255037
bd,2025-11-25,274261,61285,66323,283767.86,224935,245831
mm,2025-09-23,134850,31239,35154,203911.94,111249,118724
mm,2026-01-01,119427,29071,32269,215139.68,102295,109654
at,2025-12-31,91457,24529,18277,616723.47,65076,81695
mm,2025-09-27,123709,30870,35337,217451.19,102720,108568
bd,2026-06-27,308636,69599,74822,352837.61,244107,280007
hk,2025-12-21,341409,88198,77952,1613927.44,317084,325392
hu,2026-01-26,98105,29838,27242,485211.6,79721,88061
bd,2026-01-26,253169,59729,64472,275566.23,213105,230165
bd,2025-11-14,303241,70944,76088,341886.69,233129,271789
la,2025-09-13,35455,10118,11319,46259.07,29820,31686
at,2025-09-13,101090,35460,29309,913581.88,83573,90029
pk,2025-12-20,969240,261581,262400,1163562.91,822676,872626
no,2025-12-20,88725,23223,23285,887007.75,78357,82268
se,2025-08-31,233224,68768,57398,1692336.06,170256,205481
my,2026-04-21,966351,213847,246251,1505466.6,856042,900238
at,2025-08-30,107450,37106,28874,916254.87,80706,89346
la,2025-08-05,37721,10078,11220,43327.59,31844,33715
sg,2025-09-26,236846,68938,68541,1354954.73,217282,218048
ph,2025-09-26,1436974,338687,384844,2532189.22,1157050,1329233
my,2026-06-10,970757,215922,245269,1494074.99,850500,891326
pk,2025-09-11,935713,225109,228933,953219.84,801636,835597
pk,2025-12-08,881399,243118,233960,994268.22,767898,800937
no,2025-08-19,68228,15090,14089,491717.2,56641,61434
la,2026-06-21,37386,11574,12916,58556.36,46,1171
hu,2025-11-02,109501,32014,28614,553424.59,80445,97786
tw,2025-07-27,1603427,492865,535033,4786216.29,1452604,1492566
se,2025-10-20,153237,40419,34498,998204.4,112001,132359
mm,2025-10-20,137762,32055,36136,225363.21,112434,126831
hk,2025-10-09,307080,76782,59820,1190938.22,279329,287492
sg,2026-01-10,234707,74625,74186,1580356.63,222403,222987
bd,2025-08-08,312146,68051,73541,335546.19,217775,274742
at,2025-11-01,168505,56296,43277,1350584.35,136172,150488
my,2025-12-22,856553,213769,243927,1517109.61,766820,793436
se,2026-06-22,155551,42126,36923,1068922.77,111000,139138
mm,2026-02-06,123392,32442,35863,223655.21,107724,112478
hk,2026-02-06,322643,85428,68892,1397155.7,299819,305273
ph,2026-03-27,1340481,373602,413891,2713739.06,1160534,1231291
kh,2025-11-29,135290,24729,27062,171576.09,114524,119163
hk,2025-07-26,353478,88568,79393,1614388.1,321197,328015
cz,2025-10-23,134734,41844,41007,733123.62,98287,106477
bd,2025-07-15,314337,54807,61730,250059.03,213882,273636
hk,2025-11-18,305975,78357,59851,1168983.62,278403,285950
se,2026-01-22,168792,48125,41492,1277998.74,138060,155096
at,2025-07-14,100427,31854,28358,832627.2,78630,85397
mm,2025-07-14,117020,28007,32517,185050.04,94678,98773
at,2026-02-04,110201,38831,33426,1000820.4,92921,99186
sg,2025-11-03,226512,63385,60662,1177198.1,204175,205791
sg,2026-06-09,249675,71285,64840,1278533.5,229601,232280
no,2026-05-13,84246,21236,19885,821331.71,73912,78453
kh,2026-05-13,127701,27823,29835,173984.47,114274,116788
t3,2026-02-18,2050941,655380,364655,3664768.17,1910299,1972388
mm,2026-04-07,139586,33410,36590,249422.32,114941,126159
ph,2025-09-02,1363891,316512,353287,2211091.44,1137889,1240331
hk,2025-08-09,357941,92601,81786,1660596.13,319273,330586
t3,2026-02-15,2126853,684183,387855,3995073.87,1965696,2044946
se,2026-02-15,204254,60941,52408,1658092.11,158069,187921
mm,2026-02-15,122071,31164,34355,217890.29,102766,111339
cz,2025-07-17,122849,38253,37510,656713.09,95218,102840
pk,2026-04-03,1274564,242824,227757,1085467.33,806888,1176347
kh,2026-06-20,101834,25175,27374,174902.03,89666,92335
hk,2025-08-23,356706,87430,81102,1689308.47,316363,327455
my,2025-12-27,833509,196851,221880,1454524.41,737571,769969
t3,2026-01-20,1913065,590615,351477,3501128.02,1677543,1833538
no,2026-01-20,74284,16942,17105,605580.65,64424,68362
la,2025-11-06,36321,9093,9933,41498.75,30206,33377
my,2025-11-06,986803,218023,241994,1441871.11,873231,901114
mm,2025-12-12,128667,30328,33445,207728.8,114097,118559
tw,2026-05-25,1237550,393810,422954,3322638.6,1146356,1168751
at,2025-11-05,106330,37219,31327,934867.44,86859,92932
cz,2026-02-01,127499,37567,36827,748488.78,100124,112477
cz,2025-07-01,109817,32853,32459,559208.58,85098,91971
mm,2025-09-18,122769,29841,33867,197117.69,101976,106551
cz,2026-04-19,140626,42626,41526,863836.14,111830,126381
hu,2026-06-07,124013,39261,35955,769177.38,91943,112931
no,2026-06-07,120942,34277,31898,1260861.95,103368,115889
hu,2026-03-23,108971,31232,29423,519302.12,90351,97246
cz,2026-03-23,122057,34039,34349,607977.66,99989,106319
sg,2026-03-23,266664,71609,71211,1410225.86,240768,245667
hu,2026-05-22,132325,43154,39742,818463.81,112574,119906
sg,2026-02-02,207334,60061,56416,1126675.87,193797,194261
mm,2025-10-27,120491,29393,32348,191394.6,102222,108789
at,2026-01-06,136019,48980,39672,1216967.97,113475,122886
kh,2026-01-06,98531,23776,25716,150730.08,88470,90958
no,2025-08-26,74014,14907,14035,494875.85,61541,66342
cz,2026-04-01,130357,38204,38311,702890.05,107644,114632
hu,2026-03-20,139057,38740,40763,748245.06,99907,105870
no,2026-02-27,88412,23354,22232,897129.1,78805,82440
my,2025-12-29,854841,205237,232714,1461849.95,760647,789463
no,2026-06-04,79134,19967,18733,743921.48,67569,74996
tw,2026-06-18,1246987,396759,427463,3462775.23,1141363,1179051
kh,2026-06-18,105661,27309,29063,180671.58,94591,97232
t3,2025-07-18,1782065,569545,359185,3342514.14,1545830,1628494
sg,2025-12-15,212904,58375,55045,1095437.53,194349,198404
la,2025-08-25,35219,9418,10442,41406.91,28470,31894
t3,2025-10-12,1970293,621111,372064,3854164.99,1765056,1869946
hk,2025-10-26,389648,109556,96686,1968514.71,355279,367315
la,2026-02-28,35611,10562,11659,50801.44,28568,32871
bd,2026-02-28,249831,52058,56578,272631.78,199900,229055
pk,2025-08-10,1009267,252365,253054,1071017.09,839378,882458
my,2026-06-05,1040809,235875,265685,1729704.78,877530,951478
cz,2025-12-28,130540,37150,36039,739911.22,98484,115147
my,2025-12-28,844235,197570,221672,1453923.76,745402,780126
hu,2025-12-28,107268,31617,28020,575161.7,74754,97147
la,2026-06-19,34580,10882,12033,52909.7,28617,32174
se,2025-08-24,212479,65496,53636,1578123.61,154808,186054
se,2025-10-01,171481,44647,38030,1107140.46,131235,151022
se,2025-07-07,152793,38509,32534,930964.87,107006,126157
pk,2025-07-03,937780,210742,219519,903696.79,774783,827180
pk,2026-02-25,787702,188321,187393,847180.32,656193,714947
kh,2025-11-22,135992,25576,27804,175535.26,117552,120970
mm,2025-12-03,152005,34675,39189,227923.83,130897,138261
bd,2026-06-01,305474,67349,71981,335647.67,221018,279030
ph,2026-04-27,1313086,345689,379827,2307838.69,1150644,1213368
pk,2025-12-17,909852,250614,248051,1052226.51,787904,817528
t3,2025-10-29,1840478,599220,361401,3474072.44,1657007,1716219
pk,2025-08-13,1005634,201440,232569,956947.53,788122,841617
pk,2025-11-21,928274,250256,247244,1060705.39,816124,845749
at,2025-11-21,111916,40815,33850,1043994.05,94117,100198
bd,2026-02-26,254098,51568,55530,268119.33,204395,234678
mm,2026-02-26,126330,32759,35977,222108.31,110721,116592
t3,2026-03-06,1892779,588886,376451,3740928.24,1618227,1677574
t3,2026-06-02,1949294,592167,369761,3682201.26,1807999,1873434
no,2026-01-19,76322,16192,16419,588379.8,65820,70058
my,2026-01-19,774682,186353,207935,1256592.84,704009,722850
la,2025-08-12,36921,9709,10773,42030.02,31260,33154
kh,2025-12-02,136952,25538,27205,156666.37,117538,120989
bd,2025-09-09,279833,63012,70409,288399.95,224887,252364
pk,2025-11-20,884089,239657,236716,1002886.84,778653,807182
my,2025-10-03,1061648,216297,238834,1472328.32,876738,966948
sg,2025-07-20,271735,79055,83622,1733550.48,247309,248837
cz,2026-05-07,134633,42339,41286,807644.84,111040,120267
pk,2025-10-17,917355,243950,244307,1036315.49,795661,825700
my,2025-10-17,1064546,221292,239106,1487514.97,871092,960526
sg,2026-05-07,255501,76208,70610,1372405.18,238506,239293
no,2025-08-16,91834,22761,21172,788842.12,76444,81907
hk,2026-04-25,354652,96820,82913,1708913.07,328348,337137
my,2025-07-08,1003471,202443,237695,1379947.44,865898,896912
la,2026-06-14,37362,11909,13284,59821.6,30954,35349
no,2026-06-15,77586,18229,17230,682696.26,64187,73311
t3,2026-03-05,1836881,566018,367445,3594072.02,1704418,1761356
hu,2025-11-12,126134,40243,38501,668297.65,100765,106333
hk,2026-06-29,350110,84467,63771,1307916.34,285361,291903
mm,2026-06-11,134087,33192,36089,248828.54,111243,123160
my,2025-08-18,951031,193829,215659,1265867.14,821615,852454
at,2026-03-02,105867,34182,29467,897378.65,88277,94766
hk,2026-01-28,302778,78157,62668,1203676.12,282473,287593
la,2025-08-15,34818,9537,10588,41712.17,29188,31137
tw,2025-08-15,1428991,435680,470345,3931920.57,1300454,1322029
at,2026-05-04,97835,34199,29613,881311.46,82802,88041
sg,2026-02-10,208698,59777,56775,1114337.01,194777,195315
hk,2025-09-10,325706,78776,62637,1245590.81,296230,304926
hk,2025-10-30,299803,78849,62922,1231072.55,270874,277413
at,2025-10-19,136231,49247,38653,1171932.42,113933,122021
se,2026-01-15,166246,44401,38349,1177222.8,135631,152714
sg,2025-08-02,258140,76379,78264,1601476.18,232734,233719
my,2026-05-06,1007508,220304,263781,1552886.66,898467,935803
mm,2026-02-22,123811,31944,35247,226972.02,104868,112417
pk,2026-06-23,1134668,273148,266246,1313609.24,509710,540307
cz,2026-06-23,121272,37571,36812,679969.15,50256,53690
se,2026-06-23,152696,41848,37120,1067630.61,60508,74769
tw,2025-09-13,1556496,493792,539289,4614956.33,1447341,1470051
cz,2025-10-07,116610,35050,34981,608846.24,92664,99678
mm,2026-02-08,124505,33033,36512,235940.16,106907,114737
la,2026-02-08,34637,10541,11676,50296.81,28712,32057
hk,2026-02-08,379300,111658,100097,2022545.42,353317,362926
no,2025-07-24,70882,16001,15148,539496.15,56881,61591
at,2025-07-24,101507,33810,28557,850878.38,81000,86997
la,2025-12-20,29609,9552,10604,44858.39,25335,27549
ph,2026-03-29,1278072,356558,395692,2533006.8,1099965,1165919
kh,2026-03-29,105479,25548,28085,180462.13,92564,95785
sg,2026-03-29,315371,92013,92483,1929618.26,286483,291422
tw,2025-08-31,1568173,487500,534957,4597184.48,1442737,1479024
hk,2025-08-31,411530,110956,100090,2080163.59,371571,388189
cz,2026-05-17,131497,41179,39843,813314.8,104383,117100
ph,2026-05-03,1396677,385080,424760,2646776.13,1214541,1294385
at,2026-03-15,143226,43080,41529,1263723.94,119565,128318
la,2026-02-09,32051,9529,10370,42380.57,27418,29603
at,2025-12-09,106382,37867,32278,975811.05,89114,95531
kh,2026-02-20,114873,27869,30258,181861.07,101175,105049
kh,2025-08-19,150800,28486,30999,168111.2,129248,133513
la,2025-12-23,27718,8699,9595,38575.67,23839,25586
my,2026-03-26,1163078,244065,274079,1898745.64,926472,1060651
sg,2026-01-13,195018,59131,54978,1082853.06,182968,183313
my,2025-07-12,1037752,210996,253907,1540603.75,892149,927775
pk,2025-11-16,994235,265824,266446,1150748.06,854545,892744
la,2026-01-24,31375,9644,10717,45626.67,26705,29577
bd,2026-01-24,250511,61363,66250,291012.4,214027,232812
la,2026-03-12,31924,8913,9885,42853.68,25720,29295
se,2026-01-11,186413,55050,46360,1448322.05,142432,172271
ph,2025-09-14,1372317,340240,386217,2560149.38,1052833,1262207
t3,2026-01-25,1885771,588386,357449,3617948.64,1712159,1809075
t3,2025-07-11,1782087,576910,374848,3472156.78,1536527,1615455
cz,2025-07-11,132431,40648,39927,721648.25,103495,111421
hu,2025-07-29,109237,30927,27588,470069.88,82728,88687
mm,2025-10-23,128498,31739,35192,211285.44,109783,116056
hk,2025-10-23,303169,79704,61555,1221277.85,272474,279641
hu,2025-07-15,118818,33613,31624,531239.56,92015,97865
la,2026-04-05,38369,10468,11470,49687.74,29250,35581
mm,2026-05-26,138788,34710,37915,260295.58,113953,127853
ph,2026-01-22,1215733,330801,363292,2246259.83,1085845,1141794
at,2026-06-09,105506,37345,31759,950608.64,85269,96925
hk,2026-05-13,313997,81146,63784,1258109.48,287752,293095
no,2026-02-18,76430,16583,16847,644891.96,66894,70580
hk,2026-02-18,320718,69283,60664,1346894.22,286080,306792
mm,2025-09-02,125937,30457,34221,203073.88,103824,108574
la,2025-11-17,34354,9125,9998,41212.15,28217,31086
at,2026-03-11,101319,34483,30615,915145.92,84481,89514
la,2026-03-11,32600,9265,9898,41784.57,26195,29664
no,2025-07-17,68707,16000,15026,543901.31,54902,61100
t3,2026-05-24,1925758,572497,345706,3705489.33,1786511,1851296
kh,2026-05-24,111902,28347,31083,192927.31,99901,102547
cz,2026-04-18,134509,41173,39948,833848.57,111410,120769
ph,2025-12-27,1293581,345319,379396,2564353.67,1043536,1191980
pk,2025-09-30,897583,204522,204552,826518.45,674914,788577
se,2025-11-06,173655,47585,40680,1159143.22,132895,149803
hk,2025-09-19,340019,83726,67685,1423302.7,308406,318800
mm,2025-09-04,128892,31997,35994,207372.57,107494,112304
at,2026-05-11,102736,36129,29458,879045.37,87802,93154
sg,2026-05-10,345929,101629,104246,2246543.37,323052,324693
hu,2025-07-16,123362,35525,32991,553625.76,96068,101579
kh,2025-11-30,134510,25625,27924,178744.08,114607,119114
bd,2026-03-23,270182,48372,52349,247498.72,183928,243080
mm,2026-05-22,137961,33915,36973,254336.07,115067,125438
se,2025-10-27,177344,46968,40298,1163779.52,127694,151837
bd,2025-08-26,288082,60878,67310,278338.06,230472,254485
se,2025-07-30,154691,41675,34516,1004590.83,112479,132458
kh,2026-04-15,98651,22602,23253,159848.91,75482,92725
at,2025-08-11,90588,31529,26840,790037.92,70665,78009
sg,2025-07-05,249970,72822,78418,1615177.12,226660,227975
sg,2026-06-04,254528,76125,69281,1379917.46,232427,236345
t3,2026-06-18,2010724,628246,384896,3889675.22,1856515,1919621
se,2025-07-18,161777,44737,36060,1074689.26,121448,139272
my,2025-07-18,991416,204895,236187,1419059.11,849386,884173
tw,2025-07-18,1466346,448607,488524,4239010.78,1317934,1357060
bd,2025-12-15,259169,63170,68642,296035.55,212663,233895
my,2025-12-15,846043,202378,225117,1388028.46,758378,789435
se,2026-02-14,243279,68142,58519,1975093.47,201402,226383
sg,2026-02-14,255765,73842,74515,1644252.59,240843,241650
la,2025-12-14,30086,9805,10880,46666.83,25890,28363
kh,2025-12-14,108112,25516,27927,177321.98,96785,99295
tw,2026-01-07,1316156,415345,447797,3543812.13,1226227,1254479
sg,2026-04-17,262429,79496,77093,1487719.57,241814,243590
tw,2026-03-21,1433933,457761,506686,4195568.52,1326265,1346252
la,2026-03-21,36158,9546,10816,47463.13,27239,32838
pk,2025-07-07,923733,197688,204820,843283.61,728828,794352
sg,2026-02-25,220325,54724,49352,1016958.76,204110,205951
hk,2026-02-25,306905,81737,65443,1270301.48,285041,290878
mm,2025-11-22,127645,31355,34671,219699.73,109507,115427
bd,2025-10-11,288211,64833,70723,313525.39,225768,259280
cz,2025-12-03,129925,40156,39552,706488.93,108051,114656
tw,2026-06-01,1154298,381449,410411,3252138.22,1073399,1091106
la,2026-04-27,33345,8318,9040,36567.18,25282,30679
la,2026-03-07,35170,10556,11674,52425.97,28886,32165
my,2025-10-29,988550,211503,234517,1380060.86,854058,885483
ph,2025-08-13,1177998,276727,331853,2096043.35,981604,1049878
my,2026-02-11,878896,208244,233026,1485190.56,790530,828259
pk,2026-01-18,1016163,273976,277151,1240965.21,887043,931800
bd,2026-04-14,331771,74842,81077,375935.42,269592,303070
my,2026-03-08,856590,180161,199003,1372301.61,735257,788264
sg,2026-04-29,249670,75024,69752,1360296.81,231892,232787
mm,2026-04-29,140122,34853,38030,262151.92,114685,127742
hk,2025-11-09,402018,114971,100730,2095070.87,365937,379160
ph,2025-12-02,1274116,345023,378461,2358003.75,1101598,1168894
my,2026-06-17,1026465,232527,258921,1670088.1,900977,949046
t3,2026-01-31,1972185,607939,375269,3747828.53,1798844,1860868
ph,2025-07-06,1279673,322806,367350,2485364.47,1069078,1148059
t3,2025-07-06,1835394,566289,365330,3660891.92,1567036,1679444
cz,2026-02-12,143218,43755,43194,810197.63,119022,126335
hu,2026-01-16,152196,44350,37535,701941.39,119385,138738
bd,2026-03-30,306897,69972,76092,330912.47,245262,275564
se,2026-05-21,164567,48427,42645,1241535.98,134453,152189
my,2026-05-21,1032485,224485,258826,1671978.74,924529,948587
ph,2025-12-30,1293720,333039,367490,2525569.4,1089121,1195631
kh,2025-07-09,135781,26372,28890,160736.23,115743,119157
at,2026-06-28,139389,50259,40296,1248613.09,112570,129917
no,2025-11-23,125763,34995,33029,1181282.27,108719,116946
hu,2026-06-14,133877,42495,38820,831898.8,97707,122213
my,2026-04-11,965592,230526,270198,1705655.58,860159,906080
kh,2026-01-17,105969,27534,29917,196194.91,95583,98910
hk,2026-01-17,341579,94497,82130,1698614.81,322275,329062
hu,2025-12-18,140732,47124,41997,779801.65,116443,126718
mm,2026-01-03,111458,28865,31828,199222.74,96530,100984
se,2026-04-23,160810,47630,43605,1265572.9,127991,141312
hk,2025-11-26,295073,78768,61420,1209498.13,271655,278570
bd,2025-09-25,285327,65075,71428,308951.41,226234,256435
at,2026-06-25,96440,33983,28962,872137.68,77748,88223
mm,2026-02-21,129899,33372,36942,234555.1,112831,118789
pk,2025-12-07,1007357,284754,279538,1241800.61,885174,922419
ph,2025-11-11,1257542,318746,354103,2269622.95,1069447,1154390
pk,2025-08-17,1006677,240203,251328,1047750.14,823692,870181
la,2026-03-03,33670,9473,10355,43969.58,27621,30996
pk,2025-07-22,913027,212871,215251,861122.62,746764,796790
se,2025-07-22,144560,39199,32460,946676.33,103341,123667
pk,2026-05-19,1076378,282151,275801,1259714.95,938722,972308
my,2025-11-25,998409,209928,232937,1424231.71,868940,908445
ph,2025-08-02,1291156,344874,383883,2593807.1,1061057,1164622
tw,2026-01-01,1651836,469387,513501,4390436.7,1496882,1592644
mm,2025-12-31,141243,33426,37485,260940.44,122100,130337
bd,2025-12-06,273021,66069,69225,304569.01,224036,248539
cz,2025-12-06,144507,45152,43619,888327.38,118393,128672
no,2026-06-27,92461,25145,23653,946629.9,79085,87701
tw,2025-08-06,1406972,418592,452903,3777809.99,1248561,1282704
kh,2025-08-06,136649,26349,28565,161963.63,114298,118183
hk,2026-03-14,359360,90173,84966,1779824.87,328014,337972
mm,2026-06-23,133545,32715,35826,248504.03,47735,51989
sg,2026-06-23,236037,69763,64632,1289591.12,110169,110771
hk,2025-11-14,320401,83934,65031,1337445.84,292471,300148
t3,2026-03-28,2186065,658581,383573,4162168.14,2015310,2083177
pk,2026-02-07,1015866,269643,266773,1210407.28,828164,915169
kh,2025-10-07,144957,25402,27886,158142.91,119313,123509
hk,2025-10-07,390826,102650,89671,1851011.21,350668,371196
pk,2026-02-08,1037574,275434,273954,1246928.1,830128,940106
t3,2025-07-10,1803990,580101,376974,3437907.07,1557811,1636508
se,2025-12-20,195203,64348,53273,1661759.75,162305,179454
tw,2026-03-29,1502534,473068,516664,4309586.94,1378972,1405219
mm,2026-05-17,132541,33832,37077,262349.02,112631,120125
se,2026-05-17,197448,60754,52808,1543052.34,154539,184654
tw,2026-05-17,1446322,471140,512827,4319706.94,1351351,1371820
tw,2026-04-21,1164498,391760,422858,3283436.86,1097176,1108436
my,2026-01-12,786242,190034,212839,1277057.17,714180,734914
mm,2025-11-13,123205,31211,34928,209898.42,103541,109160
bd,2026-05-03,311400,69125,73705,341342.98,246650,282541
mm,2025-11-27,119666,29181,32237,196551.18,103436,108333
la,2026-06-10,36066,10611,11692,50915.14,29353,33974
kh,2025-07-23,140208,27114,29315,162007.28,119824,123849
at,2025-09-11,95163,33396,28268,827228.56,77628,82979
hk,2025-12-08,308732,85209,68068,1320024.93,285934,293074
hu,2025-08-19,116653,35182,31327,564675.09,88273,97274
hk,2025-08-19,328075,79554,64716,1257133.92,291491,304535
se,2025-11-02,227513,69421,57742,1684132.11,164519,198152
ph,2026-01-13,1091168,301362,328092,2045239.85,971814,1022644
ph,2026-04-08,1281883,342856,379089,2352887.24,1117143,1180323
my,2025-10-09,993976,212922,235159,1390088.51,864169,896256
bd,2026-05-01,350706,75700,81407,411935.82,264723,320276
t3,2025-09-28,1849935,603033,379553,3849901.5,1669852,1765969
mm,2025-11-01,145638,29472,32622,205133.7,114185,131020
ph,2025-11-01,1362398,343878,386606,2637493.48,1077525,1249535
se,2025-12-22,165922,49280,40704,1241238.05,126876,151453
kh,2026-06-22,101461,24595,26435,151840.76,85101,87015
sg,2025-10-08,213508,62763,60916,1167164.23,194843,195671
sg,2026-01-25,260529,82555,83100,1753059.21,245598,246132
hu,2025-07-11,135715,40607,37821,668810.83,105504,111736
no,2025-07-29,75593,16236,15129,550767.66,61474,66717
tw,2026-03-24,1270473,389279,420848,3264848.4,1179825,1191253
bd,2025-09-17,276659,62831,68687,278371.18,220675,246869
hu,2025-12-25,62298,7491,6140,127598.85,26477,57899
sg,2026-04-05,315310,92917,92611,1933840.65,289832,294521
hu,2025-11-04,119121,36491,32877,588191.21,99005,106321
kh,2025-09-03,145892,26891,29180,169312.87,122899,128407
la,2026-02-03,30763,9221,10121,40980.63,26843,28671
sg,2026-05-26,259037,73382,70607,1389224.8,234681,239992
my,2025-10-22,1085230,224010,242434,1491035.88,895930,980344
no,2025-11-18,73266,16868,16122,562706.45,62929,66579
sg,2026-04-06,248518,72391,67118,1291533.55,225542,230231
la,2026-02-04,30855,9351,10284,41916.62,26897,28469
tw,2026-02-04,1244433,408594,439210,3425737.48,1171113,1188220
t3,2025-12-10,1737853,574893,353237,3378161.66,1600997,1661695
hu,2026-03-11,128864,38201,36424,668731.68,109335,115306
tw,2025-08-09,1534016,475881,516469,4575492.63,1379737,1411828
at,2025-08-20,90887,31873,26762,784646.42,72269,78443
at,2026-01-23,117860,41878,35559,1113171.54,100601,106531
mm,2025-10-21,122091,29692,33700,196538.98,104071,110732
hu,2025-10-25,104614,30932,27158,526560.25,86557,93683
no,2026-03-10,68030,15573,15038,570731.06,46776,49859
pk,2026-05-24,1162980,300563,299498,1492102.49,1014189,1044811
se,2026-06-20,235616,65965,55121,1744564.49,161539,220052
hu,2026-06-20,119002,38646,35160,778045.02,92462,106041
my,2026-06-06,1062456,244764,276485,1831764.54,906727,965424
hu,2026-03-22,119293,34546,32476,617098.27,91478,106844
at,2025-09-19,96773,35829,30095,906662.16,79847,85515
t3,2025-09-04,1838378,602321,384405,3652297.11,1661687,1734403
hu,2025-10-10,149889,47119,41649,777498.64,121478,134720
cz,2026-04-30,129568,38793,38376,730642.09,106960,115333
la,2026-02-01,34301,10243,11372,48748.94,28773,31839
la,2026-01-21,30929,9407,10423,42528.35,26824,28964
mm,2026-01-21,122110,30629,33771,203719.57,108412,112947
at,2025-09-18,91516,33472,28220,827574.33,74734,79950
hu,2026-04-19,119069,38043,35326,738809.17,93358,108695
t3,2026-03-23,2006786,621921,364066,3688435.29,1829525,1918869
my,2026-03-23,1047469,185841,200621,1551583.28,771953,953533
bd,2026-05-22,322300,75401,81687,392728.37,254708,290318
bd,2026-02-02,254678,60444,65873,291705.21,216795,234412
mm,2026-06-03,134211,32866,35713,246671.87,106724,123773
hk,2026-06-03,322784,84751,67525,1364707.62,298595,303848
at,2025-10-27,95611,32317,27706,824601.42,71392,77272
kh,2025-07-19,136666,26766,29324,178546.68,115238,119808
my,2026-01-06,895729,211920,237863,1471248.28,807237,832094
no,2026-01-06,67295,14539,14543,521940.29,57751,61798
no,2025-12-01,78020,17327,16544,588759.45,67202,71467
pk,2025-12-29,924964,241341,237117,1036117.94,781645,824595
ph,2025-12-29,1279090,339800,375097,2514176.38,1056296,1172434
kh,2026-06-04,120081,25126,27107,159656.73,106987,109971
my,2026-02-13,943790,220917,247427,1695441.65,829973,880446
no,2025-07-18,70216,17274,16279,595237.09,56631,60658
no,2025-12-15,77840,18616,18637,654646.66,67010,71664
hk,2025-12-15,297197,77975,61732,1199652.4,274707,280982
sg,2025-11-08,276794,82488,82868,1692440.41,256964,257692
my,2026-01-07,887698,212499,236009,1503863.2,799586,826653
se,2026-03-21,218252,60554,54056,1715101.4,177544,198921
mm,2025-12-28,117834,27392,30206,191217.62,97132,107538
pk,2026-06-19,1159401,284476,278655,1360396.96,984091,1035347
sg,2025-11-07,239211,71546,69289,1368345.6,219707,220262
hk,2025-08-24,392886,104488,94412,1972420.65,355275,369239
cz,2025-10-01,119574,36388,36510,638340.53,94612,102147
hu,2025-07-07,125283,35931,32973,575527.6,92160,102596
hu,2026-02-25,125535,38096,35220,625175.73,108078,114250
se,2025-11-22,219866,69229,57114,1776667.92,179941,201727
at,2026-05-23,91316,30457,25481,816704.12,77282,82408
se,2026-06-01,158060,42143,37404,1103907.14,117786,147760
tw,2025-10-29,1337359,393744,424420,3362852.45,1213704,1243612
bd,2025-08-13,287908,47538,67920,287902.41,207746,236826
tw,2026-05-09,1418847,457576,499603,4261569.1,1324825,1355309
hk,2026-01-18,381351,108404,96821,2016412.33,357154,366329
tw,2026-01-30,1281929,435072,471314,3686109.25,1211198,1223630
se,2025-08-27,181997,48135,40891,1171879.85,138503,158505
ph,2025-11-09,1327023,259308,284874,1936247.87,837823,1219645
at,2025-12-02,113039,38913,32754,995867.39,93906,100531
mm,2026-06-17,127754,31775,34560,236985.84,106709,117863
cz,2026-01-31,136327,41128,40042,825041.54,111570,120187
la,2026-01-31,33268,10463,11596,50328.33,28271,30609
bd,2026-02-12,317419,52245,52957,253871.11,197728,294145
se,2026-02-12,162830,45642,40269,1239919.85,132469,148339
se,2025-09-09,156013,39954,34474,985245.57,118082,136312
pk,2025-10-03,932191,242726,250058,1061495.5,798111,831443
hk,2026-06-13,359412,96122,83787,1795065.06,328131,342296
kh,2026-05-07,107434,25239,27311,160322.95,95644,98150
hu,2026-03-04,121055,38355,35060,650715.21,103483,109442
sg,2026-03-30,253739,72379,68115,1330537.85,231216,233001
t3,2026-04-25,1932317,635970,413023,4083084.85,1813146,1861365
se,2026-02-23,145613,39863,35638,1074864.72,111788,131446
my,2025-12-05,960966,224350,244254,1539284.28,851141,892283
pk,2025-12-04,920580,251534,246765,1055568.54,822479,850411
my,2025-08-29,1018776,217234,243049,1514326.28,875516,918748
pk,2026-03-05,861705,217736,218147,1013252.65,706793,772712
hu,2026-03-05,130488,41092,37370,704684.34,111626,118018
no,2026-03-05,75888,17058,16110,613652.25,66465,69568
pk,2026-04-11,1219399,308327,305776,1419085.72,1023496,1107808
kh,2026-04-11,99152,28851,31613,202747.05,91227,94014
tw,2025-09-21,1610089,497180,544797,4716913.55,1475724,1524411
sg,2025-11-12,224358,64510,61677,1180530.7,204450,205893
kh,2026-06-29,121230,26740,27560,160095.72,97924,100339
no,2026-04-23,69600,17626,17080,663996.33,58555,60863
kh,2026-04-23,108790,27289,28714,161903.18,97049,99949
sg,2026-02-24,210196,54913,50924,1023820.83,194943,197443
la,2026-02-10,31410,9274,10287,41314.41,26545,29159
kh,2026-06-25,105878,25453,27472,163184.97,95107,97485
sg,2026-06-25,245130,72957,67448,1397678.3,226548,227757
hu,2025-10-30,119518,38111,34120,599828.78,100038,106201
sg,2025-10-30,231946,67162,64992,1264381.57,212472,213310
se,2026-06-26,214905,63968,54988,1674007.68,165807,202541
pk,2026-02-21,839166,182260,185078,872176.53,685814,742729
hu,2026-01-14,128812,38193,33258,610677.5,103089,117388
ph,2025-10-04,1363143,356084,404932,2664865.55,1147825,1261476
pk,2025-08-03,1001327,249154,249396,1071682.33,824572,872107
ph,2026-06-12,1392302,370161,405980,2651920.78,1202160,1286065
bd,2025-09-23,278727,62081,69537,275192.29,223942,251674
cz,2025-10-18,136816,42338,41576,824692.32,100727,113354
mm,2025-08-02,135001,34033,37826,229593.23,109865,117673
cz,2025-08-02,113392,33599,32537,625494.95,80459,89831
hu,2025-07-21,109563,31609,28881,489978.89,82604,90107
cz,2026-05-06,122991,38563,37979,702795.69,103011,109521
sg,2026-04-10,259857,80718,76506,1536960.68,240403,243548
bd,2025-12-31,345161,82623,91308,463064.29,282125,318750
pk,2025-12-31,1103089,269008,271377,1244655.79,879978,1009010
la,2026-02-22,36123,10260,11367,49628.52,28539,33526
t3,2026-05-31,2130595,601734,330254,3530445.94,1916382,2051788
se,2025-09-27,231150,70398,58773,1810200.03,178010,204950
no,2025-09-27,88466,22483,21094,796862.25,76588,81352
hu,2025-11-10,124780,37153,33897,590496.38,95021,105260
tw,2026-02-08,1533139,486243,525197,4490405.69,1416820,1470799
mm,2025-11-28,136956,32337,35775,219602.27,118228,123908
at,2025-12-20,112519,40369,33377,1086958.51,94428,101048
hu,2026-03-29,124366,36632,32779,646236.12,94330,111671
cz,2025-08-31,119887,36007,35293,666683.67,82345,96631
no,2026-05-17,102590,22636,20231,794323.55,79821,96094
ph,2025-08-30,1367985,342969,385425,2584906.43,1035807,1247398
mm,2026-06-24,139076,33558,36442,256337.65,116270,126749
ph,2025-11-13,1181666,318375,366071,2319672.5,1012947,1076333
my,2026-05-03,1107532,240882,270747,1778484.29,961638,1027610
hk,2026-05-03,439947,108961,94177,1925560.16,339681,420476
no,2025-11-27,83185,19921,18916,671748.67,73024,76580
tw,2025-08-05,1427800,420293,452439,3807364.35,1275585,1310735
kh,2025-08-05,137959,26725,29132,165541.25,116046,120265
at,2026-02-09,100212,35291,30768,912503.51,83002,89280
pk,2026-05-18,1041449,274768,270291,1238174.74,909791,939495
la,2025-07-23,36691,9097,10123,38974.79,30128,32225
se,2026-02-20,198930,61419,53139,1730790.88,166514,182479
sg,2025-10-06,227959,62216,60350,1193462.49,208126,209113
my,2025-07-27,1059664,217457,245536,1538149.42,903549,945408
t3,2026-04-08,1992526,641775,380947,3820316.62,1865170,1912039
mm,2026-03-12,132729,33329,37792,244224.55,113647,119749
ph,2025-09-28,1326901,347172,397042,2605737.53,1118720,1225496
tw,2025-11-01,1607277,481385,522474,4435731.51,1455362,1502419
no,2025-12-22,69199,16101,15927,608379.97,58819,63307
at,2025-08-07,94314,33566,28228,837416.29,74892,81257
ph,2025-11-15,1411076,370496,413929,2740711.86,1159396,1293778
kh,2025-07-26,130312,25849,28125,171200.14,104115,112882
bd,2026-01-25,251864,59541,64148,275647.75,214330,232103
no,2026-04-09,70329,14267,14019,543873.27,61482,64660
mm,2026-04-09,134909,33064,36312,249285.72,113318,123423
cz,2025-07-29,109947,33057,32384,562298.62,84701,91764
kh,2026-03-24,108707,24779,27056,153599.67,95973,98514
t3,2026-05-12,1961138,624533,397045,3803639.23,1834696,1887189
no,2026-05-12,71027,17393,16347,649544.3,62393,65904
cz,2025-07-15,122972,37192,36688,638313.32,95549,103414
mm,2025-07-15,120445,28675,33448,193601.12,98670,102426
t3,2026-04-05,2138055,657024,382674,4196875.68,1988121,2056167
pk,2026-04-05,1187635,314833,316262,1472579.98,1018281,1072936
at,2025-10-22,99381,32737,25521,753902.31,77395,82860
t3,2025-08-21,1802061,611399,387354,3590650.06,1617962,1694557
hk,2025-12-24,331426,80055,66277,1508561.73,306154,313694
pk,2025-11-17,860319,224351,221358,925673.79,736637,768530
t3,2026-02-19,1677825,482224,306422,3125539.42,1545333,1607313
ph,2025-09-01,1365323,318325,355124,2206434.25,1070016,1247141
ph,2025-10-25,1331506,363791,406319,2630169.06,1146367,1227487
hk,2025-10-25,344570,95272,82162,1679755.58,315019,323800
cz,2026-01-08,129478,40664,40261,736322.03,106728,113929
mm,2026-01-08,110616,29233,32213,195459.52,96967,101058
mm,2025-07-17,127465,31890,36298,213610.63,102928,108456
cz,2025-07-02,113721,34170,33770,585053.97,88368,95237
hk,2026-04-03,331393,90236,81854,1662410.59,305610,314364
kh,2025-08-23,141818,25814,29375,178744.69,118845,122696
tw,2025-09-30,1269936,399957,431995,3449425.29,1167968,1188093
cz,2026-06-06,120051,37156,35922,736859.53,96655,108390
ph,2026-06-06,1379548,366574,401151,2591598.44,1171889,1258729
t3,2026-03-22,2315339,630398,344460,3891943.27,1954391,2226285
kh,2025-09-19,157565,29635,32472,202145.74,132483,138866
tw,2026-05-11,1177896,381803,412589,3247672.84,1101424,1115044
no,2025-12-12,98161,27684,26111,986470.33,86933,91559
se,2026-05-25,184584,49677,43891,1305410.9,138894,173219
bd,2026-02-16,268919,62402,66930,300399.82,223742,244437
hu,2026-02-16,124775,36128,32765,573127.27,102282,113048
no,2026-05-10,121107,33718,31168,1240208.28,107244,114526
hk,2026-04-30,341968,84339,66401,1371462.09,315975,321061
se,2025-11-19,165140,46754,39390,1154378.31,130190,146699
no,2025-08-22,89098,21306,19732,735123.1,75684,80866
la,2025-09-18,33960,9276,10258,39277.88,29496,30924
at,2026-04-19,142504,50238,41457,1277085.3,124199,130733
bd,2026-04-19,293996,68811,74237,323173.15,244045,266962
no,2025-12-26,85753,19195,18443,684465.72,68847,79964
t3,2026-06-07,2131481,650365,384671,4122089.28,1967926,2054867
my,2026-02-02,938772,226442,254346,1647564.22,852140,882011
pk,2025-07-19,948958,227592,231508,975957.58,789072,832789
my,2025-07-19,1033773,216790,249520,1556435.52,887759,922316
ph,2026-04-01,1324278,350188,388481,2508186.23,1144601,1222507
mm,2025-07-05,126610,31315,36413,216664.79,102626,107985
hu,2026-02-13,146278,47283,42669,831135.19,123790,132803
bd,2025-07-18,312353,66382,71831,326808.94,221512,278363
bd,2025-12-14,252732,62416,67863,291579.41,206460,228506
cz,2026-01-07,126187,38534,38122,693357.07,103938,111022
at,2026-02-28,114492,38670,32091,1050323.66,96280,103253
pk,2026-03-21,1135764,236716,238792,1172459.38,878466,1026520
kh,2026-06-05,113303,25186,27376,162673.75,99665,102754
bd,2025-12-28,259470,62406,67789,292239.83,209342,233223
se,2026-06-30,173557,46110,40535,1177634.45,130858,161850
no,2025-10-01,72665,17009,15953,557362,61072,65711
la,2025-07-07,36580,9030,10179,39258.15,29326,31187
hu,2025-11-22,137523,39383,33245,663522.81,107319,124727
cz,2025-10-11,133569,41476,40673,804152.28,105421,116337
hu,2025-10-11,132777,40312,35062,695356.12,106407,119174
sg,2025-08-28,218022,64676,63469,1222124.64,196023,196661
no,2026-04-27,66705,15146,14652,572358.95,58440,61669
kh,2026-04-27,107554,25035,27275,155429.83,95208,98277
mm,2025-12-17,124770,29496,32492,198770.61,108884,113247
hk,2025-09-20,391652,95525,83379,1757489.31,347852,371700
sg,2025-11-21,232738,68730,66195,1319376.13,215435,216101
hk,2026-04-28,308083,78884,62686,1222860.14,284058,289514
kh,2026-05-20,115318,26929,28879,165372.7,102958,105508
no,2026-05-20,78155,19362,18233,719330.59,69069,72852
cz,2026-02-26,126015,39229,39005,707234.59,104805,111239
no,2026-02-26,74596,18925,18030,687963.5,65637,68876
ph,2026-01-30,1282783,351510,384795,2474117.75,1120778,1201563
hk,2025-10-28,304494,79024,62677,1240884.39,274332,281610
at,2026-01-19,98408,33903,29510,884211.3,81521,87478
hk,2026-01-05,283893,77198,60482,1175703.05,262077,267915
tw,2026-04-29,1246890,389405,420684,3237789.25,1152387,1186584
tw,2025-12-02,1277779,407783,435130,3413589.67,1187185,1201279
no,2026-06-17,93151,22367,20833,814073.3,79504,88669
la,2026-02-12,32266,9599,10533,43246.86,27214,29897
cz,2025-09-09,114577,34189,33782,588144.03,90556,97883
at,2025-11-20,109460,37299,31119,919573.35,92087,97739
my,2025-11-20,1004877,212555,236953,1480246.2,889537,921979
hu,2025-10-03,138921,45573,40591,757978.21,108074,117123
sg,2025-10-17,228447,67334,66076,1301748.07,210070,210713
la,2025-08-16,35343,9934,10967,44869.68,29972,32050
t3,2025-08-16,1820249,615772,381009,3684256.77,1614738,1699812
bd,2026-05-21,315679,72750,78481,367496.22,259638,283259
kh,2026-05-21,112553,26477,28644,162402.82,100233,102748
at,2026-02-23,96688,30739,26760,813765.74,79467,85389
sg,2025-12-30,203829,60042,58019,1175338.71,189133,190020
bd,2025-12-30,280685,66960,73512,327916.32,232226,256800
tw,2025-12-30,1262067,415470,444136,3485203.71,1187247,1203842
at,2025-07-09,100875,33621,29820,879610.04,80033,85483
hk,2026-01-02,291363,78085,63482,1257948.97,269718,276278
se,2025-12-05,203490,63836,52762,1636661.53,170798,186508
se,2026-06-28,224536,68391,59029,1756611.47,163158,211730
ph,2025-10-02,1300820,332369,378237,2372616.91,1118031,1201553
hu,2025-10-02,130519,41406,37521,668457.54,100866,110276
bd,2025-12-04,286959,67282,70771,314912.95,239061,263462
ph,2025-12-04,1265777,351337,383484,2392724.3,1117842,1185149
bd,2026-04-26,320736,66866,70679,315758.56,252770,290360
my,2026-04-26,1094472,238367,272269,1802742.37,974890,1014794
kh,2026-05-08,106290,25297,27477,164853.41,94361,97015
mm,2025-11-12,124085,30716,33939,202320.49,104685,110330
kh,2025-10-05,138674,26354,29313,184041.05,116493,121777
pk,2026-04-23,1074920,279891,278675,1261727.01,942482,971681
kh,2026-01-28,107324,26869,28660,164282.5,97042,99140
my,2026-02-24,711345,144033,161463,1062075.03,630216,663497
no,2026-02-10,72534,15659,15908,585043.45,63618,67139
hu,2025-08-04,111755,32527,29080,515156.35,82182,91825
cz,2026-06-26,147490,44369,42553,864224.55,113042,133467
se,2025-11-11,156546,40324,34641,984674.86,117251,134539
at,2025-08-17,133196,43497,38140,1139504.16,106212,115750
my,2025-10-04,1056604,227399,252868,1589169.11,914392,957134
se,2026-04-24,213108,66308,60035,1881805.8,180315,198407
se,2025-10-19,202828,62127,51175,1532936.41,151307,179874
la,2025-07-22,40744,6673,7158,27383.61,32829,36233
bd,2026-02-22,241725,44669,48282,223321.62,186071,218411
hk,2025-09-27,344197,92398,79670,1654381.34,316909,327035
bd,2025-12-21,250307,61080,66503,285930.02,203057,224447
pk,2025-12-21,1003860,272096,275773,1216213.65,851592,901462
tw,2026-01-26,1245486,418188,451147,3495700.76,1166847,1182187
tw,2025-11-14,1376229,419312,451135,3626687.31,1268628,1288613
cz,2026-02-08,129918,37987,37315,756512.97,103676,115148
t3,2025-09-12,1775800,606417,385420,3624946.96,1609348,1675408
se,2025-11-28,218381,67828,56091,1741225.34,181766,199590
se,2026-04-21,145164,38875,35688,1046095.96,119071,134065
my,2025-11-13,961517,210847,232769,1400102.35,833741,869064
sg,2025-11-27,226675,65346,62264,1230468.68,210304,211343
t3,2025-08-05,1834316,610796,385709,3611345.24,1594917,1681603
at,2025-08-05,91431,31110,26433,784616.75,71087,77684
no,2025-09-26,85435,20663,19461,736100.05,74053,78019
pk,2026-06-10,1147973,297837,290157,1394598.8,994974,1033857
hu,2026-02-09,116153,35704,32661,596582.98,96911,105508
sg,2026-02-09,209210,58926,56145,1101951.96,193516,194591
se,2025-12-09,136251,41010,35228,1030105.82,110255,124506
la,2026-02-20,33205,9990,11061,46051.86,28251,30603
hk,2025-09-11,322963,78967,62788,1260312.32,294791,302735
cz,2025-10-06,113918,34176,34084,591523.29,89072,97155
hu,2025-10-31,125628,40645,36422,684875.42,87265,93870
my,2025-10-31,1061093,223717,245898,1512428.3,676586,727611
pk,2026-04-22,1059385,277158,273503,1226417.93,926814,956649
tw,2025-08-19,1413716,431473,465554,3827821.31,1288801,1313093
la,2026-03-26,34958,8558,9351,39021.58,27033,31997
mm,2026-06-21,144663,35530,38730,280796.11,417,1916
ph,2026-06-21,2383135,496496,549539,4032586.28,169632,199467
my,2026-05-14,978340,220764,253933,1570272.83,879192,906143
kh,2026-01-13,99156,24544,26530,150311.69,90123,92537
se,2025-09-29,152948,41288,35728,1026860.06,108794,131932
mm,2025-08-08,137837,34202,37859,228449.62,111000,119580
no,2025-09-28,120401,31599,29501,1063972.11,101858,111695
sg,2025-09-28,282344,81719,84082,1746167.18,261360,262804
tw,2026-01-11,1513290,498212,548158,4584849.99,1418952,1456526
mm,2026-01-11,112669,30619,33900,222242.26,99139,103812
t3,2026-05-15,2088939,665984,412534,4056911.99,1954331,2009403
my,2025-07-26,1109840,229291,258406,1612766.59,952375,992398
cz,2026-01-25,132304,39515,38582,788695.38,105447,117488
kh,2025-10-23,143481,25426,27749,158791.54,116021,120012
hk,2026-03-24,317844,81699,64006,1249863.27,293330,298904
se,2025-12-11,154780,47774,40688,1204049.11,128148,142093
my,2025-12-11,844292,217394,240585,1465183.11,774669,797260
my,2025-07-15,961767,190485,226640,1306190.06,829611,859298
t3,2025-07-15,1818535,562457,370526,3480634.47,1585736,1672947
pk,2025-12-25,972733,258906,259389,1158682.75,840847,870867
no,2026-04-05,105150,25847,24868,980061.66,88939,98162
my,2026-04-05,1045558,239912,267049,1773987.37,898970,963213
at,2026-02-03,99999,35729,31063,923452.12,84151,89895
tw,2026-02-17,1441357,281596,301483,2721029.95,1170177,1387498
tw,2026-05-27,1246569,398253,430830,3377470.64,1147799,1177788
my,2026-01-22,863208,213812,245132,1516253.43,795781,814909
pk,2026-04-06,1055708,265659,262267,1181167.97,872230,948484
no,2026-04-06,108959,27289,25466,1002604.16,93242,101653
hk,2026-04-06,341173,91259,82275,1668039.67,310006,322859
no,2026-03-25,73748,17950,17162,652955.65,63747,66957
se,2025-11-03,159722,41679,35952,1014026.91,114427,135736
hu,2026-04-07,114088,36452,34523,641303.14,95423,102497
mm,2026-03-11,130271,33408,36716,233849.15,111716,117680
mm,2026-02-19,124636,31801,35056,215289.74,109237,114386
no,2025-09-01,71364,14601,13776,486201.61,58718,63881
ph,2025-08-09,1244379,342577,382025,2587346.23,1038005,1118173
my,2025-08-20,965504,194112,216861,1291396.35,833310,866948
pk,2025-10-25,948154,251969,252070,1094026.96,834239,862096
no,2026-01-08,71908,16240,16129,579539.14,62299,66434
sg,2025-07-02,213460,58511,59796,1159577.46,189778,191036
ph,2026-06-20,1795342,428514,471069,2925646.63,1501368,1638413
la,2025-08-23,35570,9130,10568,44624.15,26486,31419
hu,2025-09-30,108188,34078,31205,537947.2,84522,90743
kh,2026-01-20,108605,26695,28748,179294.7,97718,100621
la,2025-09-19,33371,9295,10377,40350.56,28204,29760
ph,2026-05-25,1381745,359098,392761,2399276.41,1181728,1269730
tw,2026-02-16,1326740,266154,280792,2366348.01,1038914,1275813
no,2025-07-16,69533,15586,14685,523580.34,53941,59594
sg,2025-07-16,211979,58216,60069,1162120.3,192069,193208
sg,2025-07-01,207288,58582,60091,1157393.49,184391,185576
la,2025-07-01,34211,8373,9377,36644.11,26704,29311
at,2025-07-01,99093,33379,29118,872929.46,73594,79633
tw,2025-09-18,1327428,408804,444247,3575139.39,1225492,1246965
se,2026-06-07,199160,61980,53643,1611837.03,148257,187867
pk,2026-06-07,1173983,311154,309855,1523319.68,1012603,1057243
se,2026-03-23,150348,38978,35008,1028392.9,114486,133870
cz,2026-05-22,134985,43481,42523,826237.36,112382,120056
sg,2026-04-15,237972,72628,67494,1301003.43,220535,221820
ph,2025-08-11,1128892,288730,320212,2000066.12,948214,1020564
cz,2025-08-11,114492,34592,33726,593409.88,79807,88442
la,2025-07-05,36340,9196,10331,42302.94,28336,30934
kh,2025-12-15,103796,24613,26963,151712.77,92091,96913
ph,2026-02-14,2000482,445340,495424,3775972.97,1375090,1895502
hk,2025-07-04,342456,81563,68248,1365282.49,311425,316210
hu,2026-01-07,148491,33527,23950,458461.9,96661,135839
mm,2026-02-28,131479,35463,39192,253844.87,113600,121040
sg,2026-02-28,260862,75218,75139,1614687.42,243800,245900
cz,2026-06-05,144788,45350,44420,858614.93,117601,130602
no,2026-06-19,92273,25033,23463,980298.74,78798,86919
t3,2026-06-19,2004653,620449,381086,3928378.95,1841137,1905453
t3,2025-11-07,1900747,646503,389457,3683973.65,1734009,1794318
bd,2025-08-24,271478,60152,65180,267445.77,211726,238535
at,2026-04-13,95317,31849,28485,861167.48,79666,84877
se,2026-02-25,188519,51625,46078,1448189.75,152744,172759
hk,2026-05-23,348605,93673,81530,1690033.49,324773,331033
sg,2026-05-23,291963,90301,90364,1903165.77,271162,272493
t3,2025-08-14,1838680,622146,389336,3600231.66,1616697,1698375
se,2025-08-14,154488,42935,35508,1018469.33,115111,131583
at,2026-02-11,100269,36018,31000,925301.73,84405,89950
hk,2025-11-21,317186,81563,63677,1308866.52,290083,297924
kh,2025-10-15,152156,26593,29442,181734.59,119508,123796
se,2025-10-15,160792,42659,36293,1051922.25,125068,141167
my,2026-05-09,1131612,250901,289070,1876469.99,1001720,1049878
tw,2026-01-18,1432501,491926,536342,4506265.67,1355472,1373675
hu,2026-01-18,116761,35966,31690,611623.56,84111,106148
la,2026-06-02,38945,11115,12276,52849.61,31586,36752
mm,2025-07-31,137215,34781,38585,232559.35,112836,119054
my,2026-04-14,893135,213042,245584,1477027.6,801070,839753
hk,2026-04-14,294309,80222,63601,1237932.73,273612,278511
hu,2025-08-12,127933,37723,33849,584791.25,97796,106060
pk,2025-08-12,946540,228916,225737,915091.07,781197,821044
hk,2025-12-02,288656,79786,62835,1217004.55,265174,271056
cz,2026-06-17,129667,40499,39734,734594.78,105729,117105
ph,2026-02-12,1246755,327233,357487,2259389.32,1099360,1157857
hk,2026-02-12,310718,83040,65698,1295035.2,287672,293353
kh,2025-09-09,138961,25289,27723,159112.3,116475,120228
sg,2026-01-16,216956,64978,61438,1249552.63,202152,204930
bd,2026-01-16,274928,65802,71088,334033.06,225116,254860
hk,2025-12-16,314326,78509,61225,1182549.33,291027,297348
la,2025-09-08,33620,9189,10060,39373.93,28054,30311
se,2025-10-03,205707,60725,50067,1544261.36,162088,181161
at,2026-05-21,95343,34656,29244,877983.04,80457,85625
tw,2026-04-25,1512874,477342,519381,4358330.56,1416052,1449007
se,2026-04-25,249509,73550,66460,2076660.21,208832,233824
kh,2026-04-25,107409,26059,28357,176779.86,95284,98622
my,2025-12-30,882704,209541,238983,1486840.46,794643,822108
at,2025-12-19,115433,44497,37255,1170572.72,96827,103174
la,2025-12-19,27761,8965,9798,41013.6,24160,25674
hu,2025-12-05,152734,48590,42131,813303.12,122857,138388
mm,2025-12-05,173289,36312,40614,240962.59,147755,157295
kh,2026-04-12,97283,26832,29495,194507.07,88346,91784
t3,2025-10-16,1787419,596312,367451,3472891.42,1601525,1662253
my,2026-01-17,883259,218561,245591,1585323.43,811420,833824
tw,2026-04-26,1400984,463801,502679,4211982.96,1314083,1337869
kh,2025-12-18,97878,22960,24822,145069.29,86487,89568
hu,2026-01-03,117026,35691,31772,650969.24,95252,106089
se,2025-08-18,148351,38008,31848,914014.55,105126,125971
cz,2026-03-02,121834,34204,33908,607917.52,99738,106163
tw,2026-04-23,1203127,399517,431854,3400382.65,1127115,1145148
t3,2026-02-24,1734297,507807,339801,3200757.2,1603497,1662088
cz,2025-09-25,135578,41313,40876,725010.92,107134,116106
cz,2026-02-10,130637,38721,38252,703036.85,108500,115264
ph,2026-06-25,1295424,336516,367804,2317442.41,1128501,1194075
sg,2025-09-10,212387,62173,62264,1187407.35,192913,193621
tw,2026-01-14,1246565,408872,444114,3430460.95,1179053,1193198
no,2026-05-30,99780,26206,24543,1034409.11,86694,94784
kh,2026-04-24,109187,27962,29450,169467.64,97432,100433
kh,2026-01-29,110380,27436,29083,170088.32,99847,101859
my,2025-07-22,960199,194113,221734,1288832.79,820211,851319
pk,2026-06-12,1185552,274276,265387,1279586.56,928638,1071982
se,2026-06-12,193158,57038,49572,1520144.88,154068,181585
at,2025-11-25,103216,35328,29173,872163.62,85333,91365
ph,2026-04-10,1285946,358903,397205,2511920.33,1130342,1193494
bd,2026-04-10,319130,75835,82339,383742.66,252636,290884
my,2025-12-31,940601,214592,239960,1584920.44,827810,884487
t3,2026-02-08,1999793,614080,357976,3806443.44,1832774,1910091
my,2025-07-24,1029505,212682,242560,1433632.22,892159,923863
tw,2025-07-24,1431261,429124,463993,3939837.73,1292001,1322654
at,2026-03-29,145766,50083,40361,1245634.93,123144,131109
kh,2026-04-21,112176,27521,29225,159801.62,100609,103866
se,2026-06-24,165281,46064,40708,1173747.16,126473,152074
hu,2026-01-12,117508,33091,28416,522010.77,91674,106598
se,2025-11-13,171018,47285,40120,1154204.83,131190,147883
bd,2025-11-13,318562,74938,80457,349450.63,261959,286495
t3,2025-11-13,1745341,589930,378747,3554850.8,1588920,1640128
ph,2025-08-05,1142305,292760,324653,2064508.46,957795,1022892
t3,2025-09-26,1772846,597193,377916,3584816.82,1615468,1677642
la,2026-05-18,35375,9172,10022,44311.77,28713,32435
hk,2025-12-09,266534,74049,62093,1211117.97,247407,253294
bd,2025-10-31,316750,73416,79179,367198.56,173895,208520
tw,2026-03-26,1242675,390642,421332,3325948.01,1145930,1158881
my,2026-03-01,811020,171037,188512,1303155.62,704715,750552
ph,2026-05-14,1402939,377381,414979,2567719.63,1224956,1301326
t3,2026-05-14,2013806,634058,394879,3841737.61,1887434,1938339
bd,2026-05-14,319696,72823,78768,363468.81,266521,290328
pk,2025-10-20,846352,219883,218783,887019.64,729842,757346
no,2025-10-20,71378,15545,14804,517556.8,58355,62912
tw,2025-10-20,1547269,410024,435790,3474999.31,1338966,1448568
mm,2025-09-29,128744,31932,36289,218106.92,104465,112370
cz,2025-11-16,135477,41144,40043,813796.54,101192,117254
cz,2025-09-15,115692,36011,35601,618050.79,89818,98680
cz,2026-01-24,149480,44470,43187,889506.47,124889,134871
kh,2026-01-24,106928,27047,29607,189269.91,96718,99552
tw,2026-01-10,1441516,495512,539128,4521680.36,1363052,1389699
cz,2026-01-10,154179,43755,41364,876582.87,120065,138113
hu,2025-08-08,137802,43260,38459,700547.98,106198,114130
tw,2025-08-08,1459537,435494,471845,4077216.22,1316886,1346484
hu,2025-12-22,125992,39313,34524,689764.9,96027,113505
at,2025-11-15,112364,39721,32617,1031609.72,93305,99498
t3,2026-03-27,1960978,625996,378104,3873841.22,1706441,1756502
ph,2025-11-29,1425300,382506,427225,2857003.14,1155136,1322144
hu,2025-11-29,133149,40589,35827,708241.92,108635,120406
at,2025-07-25,100726,34970,29506,900887.98,81053,86813
pk,2025-07-25,936983,226368,226040,935988.59,770005,822171
la,2025-07-26,35699,9170,10163,42231.84,28782,31380
tw,2026-01-25,1448604,482024,524772,4385244.93,1368061,1390595
hk,2026-01-25,391843,109376,98744,2012176.3,367461,376396
cz,2026-03-24,119454,35700,35915,640829.82,86967,92674
mm,2025-09-17,125366,29964,34071,196215.11,103422,108433
bd,2025-11-04,286897,65091,70961,298132,233869,257799
t3,2025-11-18,1774401,569847,359690,3394116.69,1611801,1668059
no,2026-06-08,71548,16514,15664,611183.26,59815,67478
pk,2026-01-22,1000050,213860,206123,892489.58,706259,928721
bd,2025-08-21,295154,65177,70532,303468.13,228812,259304
hu,2025-07-14,115556,32953,31034,519842.43,86832,94975
t3,2025-09-16,1715370,558777,358530,3334424.48,1549060,1614297
kh,2025-09-16,152740,26783,29241,166470.32,129134,133799
ph,2026-02-04,1151459,314338,343098,2126343.86,1025271,1081533
hk,2026-03-25,317540,82827,65178,1289225.8,292388,297842
cz,2026-06-09,128081,39269,38380,713953.15,104453,115939
ph,2026-02-18,1192635,306437,334190,2057601.64,1035847,1110243
tw,2026-05-28,1253987,408567,440702,3495052.46,1167976,1187423
bd,2025-11-17,299587,69218,74099,310734.49,244479,270235
ph,2026-03-11,1219505,325906,357065,2242356.15,1051919,1109197
hu,2026-02-19,138880,42319,37089,660713.06,118130,126444
sg,2026-02-19,237763,43396,35651,742145.36,175646,222908
cz,2025-08-09,109744,33749,32381,624185.04,78375,87544
bd,2026-01-23,263588,65223,70578,325244.81,213285,243644
t3,2026-03-10,1824931,547740,345086,3468971.19,1310940,1368227
se,2026-03-10,137552,36505,33061,1003878.58,89572,103440
kh,2026-04-03,116506,28278,30787,180351.64,103400,106369
la,2026-06-20,36769,11511,12847,59673.72,30309,34316
pk,2026-04-18,1162677,305507,305574,1429093.24,1010924,1047397
mm,2026-04-18,158715,34110,37333,261529.55,121125,146521
my,2025-08-23,1033066,208356,242160,1520708.82,877442,913564
t3,2025-12-27,1917170,612850,368881,3750518.89,1762064,1830727
hk,2025-09-05,343096,85227,68379,1421963.79,311242,320601
hu,2025-10-24,114993,32433,28552,550936.17,95521,102522
bd,2026-03-22,223523,41159,44854,216292.96,142099,199549
kh,2026-03-22,110914,25840,28579,184430.71,96700,99699
hk,2025-09-04,334950,81864,64920,1291236.95,304792,312904
cz,2026-05-11,124597,39036,38326,704938.19,103185,110907
ph,2025-12-12,1289622,367046,400219,2619727.72,1117221,1207764
la,2026-05-25,36071,10204,11266,48364.03,28353,33334
hk,2026-02-16,311374,71409,58699,1284294.63,282395,294791
la,2025-11-19,32796,8282,8985,36789.66,26806,29881
hu,2026-01-21,125893,37884,34004,604616.02,106228,114660
hu,2025-09-18,120919,38663,35116,603753.38,93656,100844
tw,2026-06-07,1569197,462323,492515,4257454.44,1383819,1498069
mm,2026-03-23,134789,32087,35954,236286.31,108855,121261
no,2025-07-19,72785,18016,17140,637112.24,58629,63581
se,2026-01-06,185337,47918,40360,1268445.89,139897,167868
at,2025-10-13,92985,32852,28086,826346.33,75117,80779
mm,2025-07-30,133222,33126,36732,214316.04,109153,114929
t3,2026-03-20,1899222,460515,260689,2931097.54,1292918,1574676
bd,2025-07-05,294828,59313,66159,288076.47,221684,263153
hu,2025-07-05,110950,32664,29555,564366.48,85962,91910
kh,2026-03-09,108091,26451,28792,163219.28,95632,98259
mm,2025-07-18,124557,30434,34514,202110.97,101071,105351
t3,2025-12-15,1730932,573418,352037,3300391.23,1586284,1648178
ph,2025-09-06,1408088,349222,393606,2652116.31,1147986,1288775
mm,2025-09-06,140695,33784,38349,231989.29,112962,122699
ph,2025-12-14,1274261,367884,408757,2648989.2,1088705,1181913
cz,2026-04-16,137947,41867,41592,785143.01,114938,122218
t3,2026-04-17,1995815,667843,425314,4112848.41,1880704,1923376
hk,2026-03-21,372882,96635,84341,1745529.8,343746,351457
my,2026-06-19,948009,210205,239334,1499143.62,820596,856843
sg,2026-06-19,248184,73354,68882,1448081.11,226347,227757
my,2025-11-07,1047907,222079,243981,1502963.35,901794,951993
tw,2025-08-24,1615957,489726,529975,4600674.23,1470097,1512681
kh,2025-08-24,138842,26629,29201,176711.64,117246,121771
my,2025-08-24,1018731,213149,236910,1495210.67,876793,917123
t3,2025-07-03,1775557,573311,377839,3433811.76,1538922,1613316
la,2026-02-25,32710,9189,10118,42340.41,27264,30280
tw,2025-11-22,1518223,484782,520289,4390815.55,1414051,1438623
mm,2025-08-28,125340,30282,33800,200695.61,102158,108955
hk,2026-03-07,359022,99432,87492,1798699.05,333797,341458
se,2025-08-13,149579,28010,33105,960514.61,103556,120305
ph,2026-02-11,1238149,320974,349833,2171441.6,1095317,1155355
bd,2025-09-20,283666,64314,71052,300949.26,224787,254751
la,2026-04-28,32660,8721,9472,38815.34,25853,30137
cz,2026-05-09,124860,37455,36185,739136.78,103205,112074
la,2026-01-18,32682,10068,11095,48289.84,27421,30641
t3,2026-05-20,2067471,625120,373278,3642200.03,1933799,1987630
ph,2026-02-26,1240260,338111,369650,2359791.67,1103441,1161813
no,2026-06-02,72903,17658,16654,655871.39,61863,68895
hk,2025-07-31,321961,80077,65983,1311198.37,290155,296134
la,2025-07-31,35766,9758,10892,43882.56,30222,31940
no,2026-01-30,95175,23374,23513,923683.97,85003,88522
hu,2025-10-28,109031,33641,30449,532985.79,90630,96997
at,2025-08-27,94372,32677,27401,825782.03,70885,76297
tw,2025-08-12,1448657,431953,470882,3950727.82,1309334,1336778
at,2025-08-12,91300,31632,26823,789146.46,71367,78377
no,2025-12-02,77151,17591,16863,593478.45,67299,70833
hu,2025-07-20,114889,33296,29663,541553.12,79320,96093
cz,2025-07-06,115893,34086,32921,617311.17,85530,97566
pk,2026-01-16,1022194,256272,258597,1154062.91,880790,947350
la,2026-01-16,30925,9729,10734,44314.58,26896,28991
no,2026-06-13,103933,28055,26482,1099305.93,90166,99095
hu,2026-06-13,129096,41401,37904,827711.65,103361,117393
bd,2026-06-13,308590,70085,74817,355174.79,242657,281740
no,2026-05-07,69109,17132,15991,622727.8,61376,64569
at,2026-05-07,104132,38041,32444,972016.22,89284,94120
kh,2026-03-04,109746,26615,28792,172868.55,97660,100478
pk,2026-03-04,850980,215139,215118,1006110.71,706696,770475
tw,2026-03-30,1207169,378575,410279,3188664.02,1106348,1119162
kh,2026-03-30,105910,25187,27296,156041.34,93142,95803
t3,2025-12-30,1815953,567406,335421,3247245.48,1621370,1736182
sg,2025-12-05,239966,66995,64048,1310552.74,219944,223968
no,2025-12-04,77816,19208,18327,654187.2,68422,71904
mm,2025-08-29,129069,31923,35805,215159.18,105289,112075
se,2026-06-14,231340,66386,57402,1727698.71,172266,219263
se,2026-03-31,162774,41606,37993,1115618.56,128315,145318
tw,2026-03-31,1251064,390777,423552,3321680.82,1151816,1162805
sg,2026-03-31,255831,73030,68211,1332175.21,232696,235400
my,2025-09-21,972373,208333,230306,1415047.62,843344,881750
my,2025-11-12,990334,209255,229911,1369510.97,866052,898962
t3,2026-06-29,2170047,622913,359183,3680088.76,1715182,1794882
se,2026-06-11,176225,49318,43183,1287706.82,138334,165870
at,2026-06-11,108405,38089,32569,979789.56,87999,99535
ph,2025-10-05,1351247,352744,398847,2614954.08,1111170,1247850
hu,2026-03-02,112720,32194,29564,548817.25,94302,101777
at,2026-01-28,102979,36456,31363,947232.55,86717,92051
tw,2026-02-24,1248067,390358,421756,3287201.9,1166256,1193783
bd,2026-05-04,303140,68767,73821,334269.77,252643,273564
mm,2026-06-25,137297,33678,36621,258727.24,115065,126630
kh,2026-03-16,144296,31197,35260,183108.72,124048,132076
la,2025-09-10,34089,9256,10250,39501.81,29572,31072
la,2025-10-30,33777,9288,10222,41042.68,29145,30947
kh,2026-05-05,109674,25701,27910,173757.88,97762,100546
la,2025-12-07,31556,10120,11103,47001.42,27070,29816
la,2025-11-11,36367,9367,10221,41904.57,30241,32809
cz,2026-01-14,141901,43063,42444,796404.93,116664,125571
t3,2025-10-04,1923776,633089,387632,3922655.54,1751846,1822907
bd,2025-08-03,287873,61980,66743,286030.61,210386,250498
t3,2025-10-19,2029786,644250,383497,3982943.43,1808195,1909831
t3,2026-05-19,2057570,642447,403100,4029172.97,1926644,1978757
kh,2026-05-19,111563,26534,28800,163347.91,99544,101897
sg,2025-11-25,212782,61732,59747,1158674.73,193543,195769
hu,2025-09-23,105600,32735,29806,509644.04,82121,88164
bd,2025-10-18,280882,64942,70893,308567.11,223697,254334
t3,2026-04-10,2065525,663245,389096,3951947.33,1935494,1983650
ph,2026-02-22,1353239,363041,397605,2589236.79,1174812,1251605
hk,2026-06-27,353529,95223,83089,1782081.38,326768,335559
no,2025-11-10,67321,14834,14025,488245.47,55898,60005
sg,2025-11-10,227318,63124,61494,1160750.6,208765,209441
la,2025-12-21,30281,9694,10729,45288.11,25557,28344
t3,2025-11-14,1869640,621569,375829,3582399.31,1702601,1761159
hu,2026-03-28,128599,38442,34581,700322.21,107700,114913
pk,2026-03-28,1188433,304862,305077,1387801.37,993825,1057025
se,2026-02-07,234283,67572,57694,1883372.33,195183,215899
ph,2026-02-07,1316446,368135,402585,2668840.07,1148768,1227639
kh,2025-07-24,131718,27478,29825,165867.11,112067,115778
hu,2025-07-10,132666,38328,35559,618574.26,102508,108700
t3,2026-03-29,2212758,626070,342266,3751164.59,2034138,2117000
sg,2025-08-30,261117,78258,80651,1667913.88,235486,238403
tw,2025-11-13,1365676,410013,462173,3709674.95,1252760,1282732
pk,2026-05-03,1204181,316729,319292,1519232.17,1039200,1097637
bd,2025-11-27,303732,67962,73007,315195.96,252644,277283
mm,2025-08-05,129525,32531,35731,208910.4,107237,112761
ph,2026-01-27,1138688,305487,332856,2028169.66,1017577,1068973
tw,2025-07-23,1403876,418146,454393,3832405.86,1263463,1295202
pk,2026-02-20,789290,165864,168123,789306.34,637627,697979
se,2025-12-08,142675,40983,35076,1032864.74,111061,129394
at,2025-12-08,148577,52290,42040,1297379.79,125140,134737
ph,2025-12-23,1296309,350261,386393,2747809.1,1091126,1190022
hu,2026-03-01,113576,33767,30329,631047.2,87454,103228
cz,2026-06-21,134190,41047,39465,822032.04,1441,2210
sg,2025-11-02,303907,83621,84701,1771479.55,278923,280899
hu,2026-01-13,132182,34953,28675,532312.95,97225,120185
mm,2026-01-13,109315,28309,31108,190365.31,96654,100627
la,2025-07-27,37797,9166,10066,41878.81,29481,33326
no,2026-04-08,67521,14931,14555,554978.13,59038,62041
at,2026-03-13,112288,34181,34670,1080319.47,92427,98725
se,2025-08-07,154545,42502,35346,1014465.5,113708,131248
hu,2026-06-22,118704,38489,35202,694638.59,91094,104626
tw,2026-06-22,1241440,385481,411285,3269019.62,1017680,1046023
cz,2026-06-22,122649,38171,36984,683068.39,95317,107706
bd,2026-01-11,260593,61275,65804,292609.92,217892,239181
la,2025-09-14,36551,10619,11930,48165.12,31037,33388
la,2026-04-20,35816,8461,9040,36229.55,25244,33191
bd,2025-11-29,280269,63687,68209,300720.16,228370,253621
ph,2026-01-25,1265950,347428,380155,2445290.69,1103734,1183923
kh,2026-04-09,100861,27806,30181,181771.54,92821,95115
t3,2025-07-29,1807815,597784,375005,3484176.33,1552957,1641714
at,2025-12-25,95371,25696,18907,586141.98,70159,85643
se,2025-11-18,150672,42821,36178,1054922.56,116421,132512
la,2026-01-22,30447,9489,10491,42990.17,26838,28662
mm,2026-02-04,122796,31608,34966,213376.62,108828,113016
pk,2026-03-25,1202298,288966,282275,1243711.17,912635,1096479
t3,2025-12-24,1727543,578652,360762,3377644.64,1591871,1643338
tw,2025-12-24,1284712,403615,433561,3470560.45,1193926,1221862
t3,2026-06-09,1979987,615131,375060,3730171.54,1841228,1903304
at,2026-05-13,99078,35034,29717,916415.64,83977,89560
at,2026-02-18,102876,35176,29976,888172.68,86610,92235
cz,2025-07-13,118157,35540,34442,648050.5,87371,100561
kh,2025-07-13,134903,26948,29997,187859.01,114838,119139
my,2025-09-02,968017,206405,230727,1344344.67,841758,873030
at,2025-11-17,107852,35511,29208,873772.58,87765,95140
mm,2025-08-09,125924,32497,36169,218065.99,101968,107137
no,2026-01-23,96698,22728,22850,874569.81,85689,90210
ph,2026-02-15,1454206,366214,400359,2741616.49,1223938,1346299
at,2026-01-08,103272,37448,31778,963721.46,84844,91992
tw,2026-05-24,1487998,482160,524075,4450518.79,1393096,1418895
tw,2026-04-18,1375824,472971,516081,4275558.14,1300469,1315867
my,2025-09-30,974780,211087,240962,1409229.03,853674,882912
no,2026-06-06,89129,23163,21726,900513.51,75477,83896
sg,2025-09-05,248209,68984,69034,1399262.72,221803,225906
t3,2025-10-10,1828267,608868,369533,3573327.83,1661586,1727078
kh,2026-05-10,114360,27510,30132,197649.12,101427,104582
sg,2026-04-30,263730,77220,71409,1430938.42,240268,245432
my,2025-07-16,952588,190167,225508,1314766.1,820003,851528
at,2026-01-21,102289,36457,31384,944289.04,86398,91711
t3,2026-01-21,1878741,615148,376830,3672531.12,1739536,1804516
hu,2025-08-22,122669,38359,33982,612873.33,93153,101555
sg,2026-04-04,295344,85593,84827,1761278.33,271232,276171
bd,2025-07-01,276133,56196,62983,265421.4,210358,240294
hk,2025-07-01,422363,104486,97799,1926523.71,385414,396613
at,2026-06-03,116969,39606,33026,1031849.85,93803,107312
tw,2026-06-03,1233352,388369,418879,3305446.96,1136915,1167761
se,2025-07-19,159783,46053,37507,1124143.44,118686,137541
t3,2025-10-13,1731925,562002,347517,3266650,1564543,1631804
at,2025-08-26,94076,30883,26152,785712.6,69745,75451
hk,2026-03-20,351862,86283,67486,1386522.14,323329,329015
kh,2025-08-11,142777,26694,29426,160721.83,121348,125313
pk,2025-08-11,926119,225619,223263,905881.49,762372,802051
t3,2026-03-09,1806197,529725,336982,3374436.87,1666736,1726856
ph,2025-09-07,1364666,346411,390045,2614304.42,1118430,1244949
pk,2025-07-18,934414,220888,226403,942172.45,764359,821362
ph,2025-11-08,1295322,337768,377352,2554261.71,1105915,1196988
sg,2025-09-06,253581,76582,78537,1614410.93,231005,232039
at,2025-07-04,106647,37239,32068,973296.54,85406,91603
tw,2026-04-16,1178973,394803,425950,3324968.1,1109481,1121915
kh,2025-08-10,138096,27031,29556,183077.3,115904,121674
sg,2026-06-05,265402,81934,76819,1545425.41,245006,245917
kh,2025-10-01,151454,24985,27566,158561.42,119525,123594
tw,2026-05-23,1445074,479452,520861,4389293.31,1359161,1376319
my,2025-08-28,997129,211563,237085,1422053.83,865258,900915
tw,2025-08-28,1385392,431330,466132,3797425.77,1263095,1286639
ph,2026-06-01,1398703,338446,366339,2262765.16,1120909,1291302
at,2025-12-17,106514,39782,33609,1020744.31,88969,94760
sg,2025-12-17,201491,59865,57286,1133603.4,185855,186893
bd,2026-02-11,306226,63220,67222,333784.14,234737,285955
hu,2026-05-09,135116,43972,39231,884226.36,112057,123713
cz,2026-01-18,131167,40445,39599,796240.32,102612,116220
kh,2026-02-26,117644,29199,31129,177161.05,105289,108600
bd,2026-06-02,311090,69311,74576,341337.09,234455,283632
hk,2026-06-02,313502,82918,65706,1309685.03,290249,295368
no,2026-01-05,66883,14336,14080,505621.57,56651,61112
kh,2025-08-12,142446,27541,30034,169978.74,121981,125688
pk,2025-11-24,855459,224368,220233,928027.39,741693,769875
la,2025-10-03,34686,9784,10865,43468.13,29265,31046
la,2026-05-07,34190,9853,10914,46688.71,28983,31646
la,2025-10-17,33957,9658,10653,42514.57,28915,30723
pk,2025-08-01,951639,233136,231782,1000323.39,784571,827580
kh,2026-03-19,118731,24486,27737,161598.34,103101,105573
sg,2026-03-19,258899,66311,69025,1388107.64,230670,235154
ph,2026-03-30,1313580,348293,386083,2494224.7,1120209,1199382
sg,2025-12-19,205764,62416,60728,1232127.23,190464,191162
tw,2025-12-05,1289981,420364,449668,3623503.96,1202764,1218568
pk,2025-10-02,892946,234800,242353,1018900.64,767454,795399
hu,2025-09-22,99130,29928,27280,463275.87,73527,82790
se,2026-06-15,177258,45862,40596,1182331.63,132117,166954
mm,2026-03-31,145970,32875,36103,245582.07,115438,130757
mm,2025-08-18,127653,31510,34745,201181.94,105637,110526
la,2026-05-04,34253,9479,10362,43900.59,28273,31524
mm,2026-02-10,121297,31926,35184,215423.38,106194,111178
at,2026-02-21,109527,36241,30415,1006442.69,91270,98281
sg,2026-02-21,239165,62279,62145,1395406.52,222043,223313
hk,2026-03-03,318857,82750,65930,1295390.01,285286,302285
hk,2026-04-24,342929,85942,67453,1376695.13,297779,324998
no,2026-01-15,78569,17914,17932,638608.81,68168,72517
se,2025-09-24,164630,45928,38914,1110752.45,125991,144574
tw,2025-09-24,1324644,391830,424573,3385401.43,1216204,1244023
hu,2025-11-25,134392,36689,32052,563211.23,110882,121200
cz,2025-09-23,118815,35437,35474,615183.05,94124,101770
kh,2025-09-23,132114,23709,26181,181892.03,97362,118141
no,2025-10-18,94608,24754,23276,877219.13,81055,85592
hk,2026-05-06,315135,82097,64462,1280205.71,292386,297486
se,2025-12-31,155178,35748,29487,964726.03,88767,141423
my,2025-12-06,940901,235765,256871,1651692.7,848294,882490
se,2025-11-10,150191,39187,33787,946488.87,108047,127976
bd,2025-11-10,286371,64255,68857,288418.49,231436,254982
se,2025-07-24,155982,43497,35130,1020392.51,111176,131767
kh,2025-12-20,92872,23086,25160,155893.45,82145,84088
mm,2025-12-20,116734,28764,31826,198364.04,101384,105536
kh,2025-11-13,136793,24833,27180,157294.71,117045,120354
se,2026-05-18,147757,40335,35927,1032701.68,115005,135832
no,2026-02-20,90580,22851,22071,892259.88,79873,84056
hk,2026-02-20,344890,82856,66471,1462057.89,316717,327475
ph,2025-10-06,1195027,307617,345627,2137526.74,1025124,1095386
mm,2025-10-06,154203,31095,34907,237572.11,115890,137385
ph,2026-04-22,1295340,346217,382982,2336476.32,1139525,1201286
bd,2026-04-22,302706,70240,75830,332532.84,250656,273470
cz,2025-12-08,124101,38623,37981,668474.03,101001,108960
hu,2025-12-08,119630,38059,34127,610779.35,95535,107894
pk,2025-12-23,936918,249253,249644,1084015.87,804242,838797
at,2026-03-01,141890,49726,39831,1241770.65,120282,129122
se,2026-03-01,215420,65900,57583,1797459.55,164280,198171
pk,2026-01-10,1033544,276248,271914,1226128.32,880891,958718
kh,2025-08-08,140441,27223,29686,171714.81,119138,122945
hk,2025-09-28,380650,107250,94829,1955515.61,348408,361782
la,2025-08-07,36713,9782,10879,42306.41,31150,32914
tw,2026-02-06,1294415,432355,464746,3729960.29,1203101,1230635
bd,2026-02-06,267484,65614,70942,328214.33,213121,243878
no,2026-02-06,91416,21826,21935,849857.22,81481,85101
kh,2025-11-15,143953,26542,28886,177161.14,123614,128287
la,2025-11-15,35770,10116,11308,48367.74,29932,32233
bd,2026-05-16,311476,70494,76363,351970.66,258655,280460
se,2025-10-08,158799,41807,35710,1037256.33,122909,139507
ph,2026-05-15,1479502,396810,436788,2765979,1283656,1370847
tw,2026-05-15,1235001,403091,436784,3502129.9,1157861,1171214
tw,2025-07-25,1546002,447973,481809,4161137.35,1372440,1433461
kh,2025-07-25,135050,27759,30103,170185.77,113897,118085
sg,2025-07-26,254867,73851,75965,1553541.65,229104,230959
ph,2025-07-11,1262690,308444,348782,2367978.03,1070231,1148418
pk,2025-10-23,874430,230613,233135,965070.29,768308,793636
cz,2025-09-17,122753,37363,36860,643759.78,96304,104234
cz,2026-04-05,98957,27246,26815,539780.37,75475,87035
cz,2025-11-04,116876,35266,34910,610623.64,93444,99869
mm,2026-01-22,127650,30110,33296,202553.55,113134,118499
at,2025-08-21,103870,35239,28798,852561.31,82855,90237
hu,2025-12-10,138753,45181,40455,729069.97,114858,126311
ph,2026-05-13,1348287,358871,394410,2407751.21,1169835,1239566
la,2026-05-13,34634,9962,11060,47903.94,29536,31619
la,2026-05-28,37245,10739,11970,51396.04,29743,35063
t3,2025-07-13,1790797,539360,344480,3398362.19,1532564,1649940
tw,2025-07-13,1562016,473459,520805,4708791.11,1419043,1457477
at,2026-04-07,94371,32686,28936,887213.54,77639,83644
t3,2026-04-07,1921558,613945,374257,3748640.28,1795803,1842388
bd,2026-04-07,308964,68690,73727,325414.9,249343,278191
hk,2025-11-17,301864,78085,60170,1183349.59,274567,281974
bd,2025-08-20,287346,63796,68534,288138.78,224359,252188
tw,2025-08-20,1432871,424702,459862,3780920,1296777,1332054
hk,2025-08-20,325104,79511,64374,1272712.64,292343,301643
cz,2025-10-25,131051,40945,39615,789298.06,96343,106603
se,2025-12-13,215013,67283,52809,1663979.05,175972,198955
hk,2026-06-20,330656,88363,76475,1651058.57,299998,308276
sg,2025-09-30,217939,64105,61688,1193839.53,199958,200732
bd,2026-01-20,262004,61363,66847,285232,222091,239629
mm,2026-06-06,140311,35351,38622,277374.93,111475,128781
hu,2026-06-06,124140,39677,36109,788919.22,98677,111278
ph,2025-09-05,1344928,343302,384694,2515026.02,1139420,1231045
pk,2025-10-24,925511,241487,243487,1034405.45,810658,837777
t3,2025-10-24,1845473,612170,367075,3533059.68,1654547,1712858
t3,2025-11-06,1871230,632986,384745,3611345.27,1698771,1756017
t3,2026-02-16,1903723,619226,360173,3449453.28,1765938,1823198
se,2026-04-30,191967,55813,49632,1528476.49,153992,178722
hu,2025-11-19,129029,41327,37845,648240.34,106354,113547
no,2025-09-18,79568,18057,17081,616017.39,67259,72175
la,2025-10-27,32686,9093,9999,40244.45,28111,29911
la,2025-10-13,33694,9304,10134,39493.81,27581,30613
pk,2025-08-26,949183,194039,190211,788082.65,681333,837611
bd,2026-04-01,309598,70005,75025,330904.85,253243,281594
se,2026-02-27,215513,65969,57133,1842612.1,180086,198410
at,2025-12-29,103853,35324,29582,951399.32,84485,92458
hk,2025-12-29,295103,75627,61649,1184739.78,270535,278414
my,2026-06-04,1003868,231797,261897,1681206.6,843986,911624
bd,2026-06-18,328919,71054,74771,356113.64,249075,299608
hk,2025-09-06,394351,101200,88943,1855899.51,358637,372090
se,2025-07-04,180561,50869,41952,1254386.23,139198,155015
se,2025-12-14,199987,64188,53084,1610661.67,156969,185073
pk,2025-12-14,977824,277679,280293,1223539.99,851615,887193
se,2025-10-26,237489,72765,60678,1803979.85,171901,207032
no,2026-03-21,97731,24409,24022,979967.28,85548,89722
pk,2026-06-05,1132444,291556,287634,1388805.69,970468,1010260
bd,2026-06-05,308470,74340,80494,382110.75,227159,278689
my,2026-05-23,1106324,248554,283186,1903633.46,985733,1019751
hu,2025-12-03,136892,42904,38194,694861.82,113691,124112
pk,2026-06-16,1099343,278777,273290,1296239.94,953152,992213
ph,2026-06-16,1243492,327291,357829,2229358.37,1077775,1143968
at,2025-10-15,98671,35298,29838,885783.87,80633,85979
mm,2026-05-20,138971,34715,38021,256158.08,116573,125650
mm,2026-03-06,130549,33595,37069,241149.52,110452,117803
ph,2026-06-02,1329739,341011,372367,2287571.23,1139139,1223112
at,2025-10-14,93497,32972,27973,827580.84,76028,81569
cz,2025-07-31,114915,35390,34655,607326.2,80588,87632
bd,2025-07-31,319267,63398,67217,297241.33,223327,282154
hk,2026-01-30,326455,83486,67576,1360974.01,305149,310714
cz,2026-01-19,124676,37535,37041,665096.06,101237,109516
my,2025-08-12,979962,201669,238368,1319415.92,841446,875139
bd,2025-12-02,309652,66089,70538,302062.2,250235,278606
hk,2026-06-17,317199,82296,64879,1326403.23,290734,299214
my,2026-01-31,939368,230051,258198,1731634.48,843921,874537
sg,2026-02-12,208899,60770,56871,1166686.45,193102,194729
sg,2025-09-09,220281,60933,60984,1164185.08,199147,199929
hk,2026-01-16,315545,82449,65195,1356057.81,294941,300382
my,2025-12-16,820435,197106,222383,1350212.6,736578,763216
se,2025-12-16,145087,42361,36399,1054232.95,117485,132067
pk,2025-12-16,896820,245487,244790,1034567.08,771603,807324
sg,2025-09-08,217728,61246,60192,1174899.29,193962,195062
hu,2026-05-07,140344,46616,42788,859116.86,119910,128173
tw,2025-10-17,1357923,437087,476760,3810608.93,1244402,1262445
la,2026-03-04,32717,9505,10443,44127.15,27854,30172
ph,2025-08-01,1260603,331807,368448,2447903.52,1049370,1134729
hu,2026-03-19,130013,33454,37633,655995.13,109815,115808
se,2025-08-16,186296,56253,45938,1379782.61,141973,162519
cz,2026-04-25,126314,39080,38169,792348.6,104157,113170
at,2025-11-23,139767,50274,39384,1201816.69,117451,126046
my,2025-10-02,967715,214301,240214,1431912.84,848115,877975
kh,2025-09-22,127723,22047,23980,168263.24,85406,113409
kh,2026-06-14,104588,26818,29246,188943.88,94105,96915
bd,2026-06-15,293086,68148,73087,331273.68,230286,265246
my,2026-03-05,780263,169312,190353,1267563.96,667229,702388
la,2026-01-17,32018,9855,10918,47978.89,27265,29908
t3,2026-05-08,2050379,655978,403623,3966230.49,1919769,1972144
cz,2026-05-08,165245,45186,42813,873810.32,128588,149828
se,2025-11-12,150718,42888,38833,1113790.65,118442,130171
no,2026-06-11,86315,20175,18867,748307.71,73261,82116
pk,2026-02-24,774201,183782,182206,821266.21,641135,704452
no,2026-03-16,72233,13742,14960,564796.95,61180,65145
t3,2025-09-10,1713259,575955,374426,3471683.65,1548852,1616269
kh,2026-02-21,112682,26652,28920,182021.1,98949,102806
at,2026-05-05,97978,34216,29549,876728.08,83735,88561
cz,2025-12-07,133368,41190,40322,793498.74,105128,118816
mm,2025-12-07,158789,35843,40106,247474.62,132150,146518
my,2026-01-14,788266,191873,215596,1307368.37,724875,744364
at,2026-03-03,105023,34389,29469,897686.23,62231,67546
t3,2026-01-29,1897114,595340,370455,3471856.52,1727935,1800063
no,2026-01-29,81352,18302,18510,685755.22,71820,75376
no,2026-05-19,77105,17618,16518,636961.02,67834,71692
ph,2026-03-18,1252783,289687,359922,2242614.16,1054024,1114864
cz,2025-07-21,121049,36724,35815,625529.98,92174,101203
hk,2026-01-01,382254,102393,92038,1871790.45,347110,367359
my,2026-05-31,992512,201042,228675,1588429.3,835993,912127
t3,2025-12-06,1920952,609154,367903,3770313.12,1768078,1834585
at,2025-09-27,99755,34901,28800,909333.01,82654,88827
at,2026-06-27,98802,34279,28968,935084.1,79604,91077
t3,2025-11-10,1848332,603211,364449,3442798.03,1679415,1744005
se,2026-01-26,161348,43278,38177,1165701.92,125200,146338
mm,2025-11-14,123708,29693,32925,213441.79,101795,108576
cz,2026-03-28,133777,39738,39270,798968.28,109768,117642
t3,2025-07-24,1827568,599545,375812,3473592.07,1585651,1669124
hk,2025-07-24,328417,77781,63961,1231244.12,295861,301254
sg,2025-09-12,233203,68367,68127,1367733.11,212909,213767
hu,2025-08-31,113649,34173,29859,566539.68,78530,96713
pk,2025-08-30,1032988,216642,212111,910306.5,684605,916648
la,2025-08-30,36797,9386,10323,43722.29,28264,32703
kh,2026-06-24,104958,24647,26432,154748.22,90565,92622
cz,2025-09-11,122535,38775,37995,665547.34,96988,104987
bd,2025-12-23,254533,60996,66399,286403.31,212553,228652
ph,2026-03-26,1280752,348184,385385,2459141.89,1115075,1175132
t3,2026-03-01,1892716,574002,376838,3841933.24,1736131,1822558
tw,2026-05-14,1260648,416729,451800,3573079.09,1182316,1199843
cz,2025-11-02,130374,38082,36805,720720.95,98332,112843
t3,2025-07-27,1827653,588167,358807,3586353.28,1550496,1680324
hk,2026-04-08,305460,81631,66524,1273695.32,281115,288204
hu,2025-09-29,99969,30976,28335,479960.65,75889,83427
tw,2025-09-29,1566947,489319,533550,4499504.56,1442412,1481567
pk,2026-06-22,1114620,264594,256580,1242692.36,785551,818303
tw,2026-06-24,1243808,384827,412828,3300949.04,1070742,1113224
at,2026-04-20,95788,31431,28138,842067.66,81226,85918
tw,2025-07-26,1550289,475905,516733,4602804.41,1408813,1443927
at,2026-01-25,141510,49470,39811,1218229.36,120009,128931
mm,2025-07-11,125954,30220,35078,204125.43,103070,107599
hk,2025-07-11,391494,94056,71477,1434815.17,356569,364181
my,2026-04-09,933330,218460,260176,1556354.01,831572,870340
bd,2026-05-12,306659,70202,76286,334543.71,257169,279040
hk,2026-05-12,334351,81812,63436,1229937.34,311735,316991
no,2025-07-15,70545,14893,14079,506689.49,55850,61738
la,2025-12-25,28947,8824,9688,41279.94,24447,26858
mm,2025-11-04,141721,30311,33823,227118.29,106070,128754
sg,2025-11-04,224738,63262,60616,1167202.58,204876,206770
pk,2025-09-03,900830,220307,225280,956625.58,736003,803679
mm,2026-02-17,120749,30597,33861,216156.71,103570,110414
hu,2026-05-27,130032,41463,37982,736883.78,105727,117805
la,2026-05-27,37195,10843,12012,51247.32,29866,34999
sg,2026-05-27,295501,89680,94217,1880879.42,273464,274880
hu,2025-08-21,125212,38339,33407,590663.12,96536,105087
se,2026-03-25,194102,52247,46541,1411810.57,156182,175149
se,2025-12-10,149056,44485,37956,1121154.42,122824,136602
pk,2025-11-03,877330,226405,226306,969387.02,748731,777250
tw,2026-05-13,1242709,393802,428673,3367293.45,1143131,1171689
kh,2025-09-01,143988,27051,29652,170481.86,122395,126541
la,2026-01-23,30448,9579,10591,43958.68,26308,28437
la,2026-03-10,33045,9061,9917,42048.08,26475,30217
kh,2026-03-10,110541,25118,27305,158815.68,97652,100365
hu,2025-07-17,123313,37169,33941,568938.76,95758,101443
cz,2026-05-24,125530,38740,37337,769270.85,97864,112070
no,2026-04-03,81800,18201,17604,681216.63,68470,74843
hu,2025-12-13,145897,46603,40214,805910.77,112933,132331
kh,2025-09-30,152396,25726,28529,162350.59,119275,123966
la,2025-10-24,33204,8932,9796,40202.13,28301,30090
mm,2025-10-24,128457,31575,34973,211460.29,109446,115473
at,2025-10-10,108571,40669,33906,1040250.53,89862,96043
my,2025-11-05,991263,213161,235441,1392981.34,862328,893978
t3,2025-11-30,1893471,592788,356906,3759891.03,1728810,1806015
sg,2025-09-18,208757,62616,61134,1168126.02,190967,191830
mm,2026-04-19,142858,32968,36108,249030.94,111815,131504
hk,2025-12-26,322022,84438,76571,1613934.32,296995,306214
la,2025-07-19,34734,9459,10620,42618.65,28168,29606
cz,2026-01-06,120079,37166,36715,667291.76,98448,105215
hk,2025-10-13,300026,74737,58727,1178164.82,268861,278407
tw,2025-08-26,1442852,436592,469867,3846756.93,1310272,1338614
my,2025-08-26,960796,198482,225031,1339059.04,833207,863233
la,2025-08-11,36537,9706,10802,41408.16,31093,32900
bd,2025-08-11,283181,61152,66043,276790.29,216523,247335
no,2025-08-11,69012,14687,13689,481444.46,54794,60234
my,2025-07-05,1091217,222512,261108,1626783.29,937135,975461
hk,2025-07-05,374399,94288,86351,1732933.94,345228,351085
se,2026-06-18,181256,52913,45385,1359487.89,138982,169273
sg,2026-04-02,262252,77505,72473,1436695.21,239661,244976
pk,2025-11-08,982106,260791,261519,1143438.47,849618,879257
mm,2025-11-08,129879,32358,35712,226946.04,107856,115657
pk,2025-08-25,899318,203520,201427,817309.9,695123,780662
kh,2025-08-25,148746,26693,29442,161634.56,125648,129537
at,2025-10-12,137972,50160,39406,1187893,114501,123116
at,2026-01-07,102135,35836,30768,933795.8,83952,90948
hu,2026-02-28,122396,39270,35287,723581.15,103557,110651
pk,2026-04-16,1089097,281879,281389,1274838.49,940524,980880
sg,2026-03-21,285455,80953,84428,1768362.69,261502,263943
no,2025-08-10,117963,29577,27302,1000347.37,94794,105003
mm,2025-08-10,133307,31686,34966,215223.06,105744,116727
la,2025-08-10,38232,10236,11391,46505.5,32219,34672
at,2026-06-05,106565,37520,31740,991183.11,85958,97418
no,2026-06-05,89916,23323,21927,909910.04,77763,84816
sg,2025-07-28,207216,59410,57925,1110212.53,182917,183808
mm,2026-04-13,134114,23321,25318,187207.13,99691,123285
hk,2025-11-22,346647,93368,79568,1657797.44,319407,328682
my,2025-12-03,1007849,217387,235965,1429525.61,886167,926401
pk,2025-12-03,933497,251518,244028,1048895.4,829189,856590
hk,2025-12-03,286343,80361,62666,1218758.45,264239,270397
hk,2025-12-17,306983,79012,61929,1224576.22,283505,289705
hk,2026-02-11,304700,82793,65554,1270476.25,285063,290751
se,2025-11-21,210746,65614,53742,1656074.45,171812,192163
mm,2025-11-21,124411,30573,33716,205813.34,106708,112202
hu,2026-06-16,121131,39775,37023,734215.42,99116,109834
my,2026-06-16,908943,211309,243025,1468295.52,807131,837731
my,2025-10-15,975551,211610,233010,1385994.97,841213,874763
hk,2026-02-26,302300,80262,65023,1272561.77,282101,287834
ph,2025-07-31,1222164,318591,352887,2327854.41,1018064,1092868
sg,2025-07-31,224147,63609,62255,1220299.59,197722,199136
sg,2026-01-30,230029,68772,65881,1340702.05,215777,216256
hu,2025-08-27,110751,34605,30838,531274.19,84907,91625
kh,2025-08-27,143417,26518,28912,165933.4,122841,126427
mm,2026-01-05,107140,28011,30777,186513.6,92751,97306
at,2026-04-14,99287,33149,29589,895514.09,84205,89179
no,2026-04-14,64401,15993,15783,604373.64,56806,59876
bd,2026-03-08,273871,56865,62024,310720.64,214609,247635
tw,2026-03-08,1585887,486549,528359,4456729.49,1455873,1515835
sg,2026-03-08,299557,90414,90903,1927015.42,278030,279195
hk,2026-03-08,403589,114508,102413,2103795.16,366376,384121
no,2025-08-12,75915,15861,14894,534946.37,61783,67343
ph,2026-06-17,1241873,329656,360383,2246589.2,1078887,1143925
t3,2026-06-17,1990403,627931,390572,3905336.37,1846583,1911418
bd,2025-07-06,294656,60238,67573,291987,224770,262778
cz,2025-10-03,135497,41615,41126,758333.12,107126,116754
bd,2025-08-01,329102,65464,69581,328855.9,210913,292411
hk,2025-08-01,339492,83953,69242,1400457.8,307358,312822
la,2026-02-23,33747,9171,10007,40727.98,27619,31027
pk,2025-12-30,957170,250084,250613,1097258.89,823624,868013
mm,2025-07-09,141055,32088,36842,229053.04,106192,121183
hu,2026-01-02,119574,35075,31142,632752.81,94445,108865
t3,2026-01-02,1932130,566866,322741,3260043.37,1588362,1845501
t3,2025-12-05,1824783,583003,352661,3500070.5,1686401,1743388
pk,2026-06-28,1199248,291188,287178,1439427.58,1038922,1091036
ph,2025-09-22,1340481,287990,326193,2064725.36,944517,1245286
se,2025-08-29,224282,64102,53361,1613187.05,175490,196524
sg,2025-08-29,230900,69822,69426,1378468.95,208578,209203
mm,2026-06-15,129056,30913,33537,227142.19,105005,118716
ph,2026-06-29,1440959,347865,357423,2189786.55,1098287,1169979
tw,2026-06-29,1333384,398956,410734,3288247.05,1105600,1142507
sg,2026-01-03,230148,68263,68364,1444965.75,215129,215794
pk,2026-01-28,937113,246487,245665,1052090.71,834613,862123
bd,2025-08-15,299108,68791,74612,341612.05,218724,262375
kh,2026-02-24,118206,27854,29701,171992.22,106102,109159
mm,2025-09-10,135772,31303,35196,207620.69,113987,119274
cz,2025-10-30,122669,37888,37277,653418.86,88612,95762
hu,2025-12-07,127566,39382,34509,688012.54,92081,115956
bd,2025-12-07,267942,64052,66913,284184.78,220718,245094
cz,2025-11-11,127178,39188,38623,695707.28,101352,108766
t3,2025-11-11,1879273,615206,368595,3512689.05,1715308,1777408
se,2026-01-14,163195,40979,34916,1056005.17,131534,150193
la,2025-10-04,35811,10211,11368,47041.65,30717,32830
hu,2025-10-04,119358,37837,33232,665177.36,92920,101702
sg,2026-03-03,243055,62535,57581,1152810.3,224090,226171
sg,2026-03-17,245751,63446,65926,1314722.98,222839,223873
kh,2025-11-25,135578,24381,26292,152519.27,117786,120863
pk,2026-03-18,940756,167492,190027,934937.34,610173,830966
t3,2025-10-18,1919961,637546,389449,3904195.86,1736583,1801284
se,2026-05-06,158041,43622,39145,1123778.77,129523,146706
mm,2026-04-10,137607,33329,36525,263361.45,113066,126126
hu,2025-12-31,105751,23918,19026,407491.55,54964,97469
tw,2026-02-22,1542168,440050,478225,4082711.45,1389614,1473287
no,2026-02-22,124100,33242,31580,1223688.45,107211,115861
sg,2026-05-31,285815,89193,90047,1913024.77,265652,266694
t3,2025-09-27,1806473,607114,387059,3800041.13,1657338,1722554
t3,2026-06-27,1910165,601264,371935,3965931.72,1754758,1831727
cz,2025-11-10,119148,36444,35844,631003.86,93854,101749
my,2026-01-26,840942,204326,232393,1398153.85,760056,780959
hu,2026-06-23,118385,38152,35370,690873.01,58749,65215
kh,2025-09-13,144920,27447,29995,189240.9,118115,126941
no,2026-02-07,96478,24071,24153,943129.2,85742,89559
la,2025-08-31,36850,9166,10111,42092.47,29728,33722
no,2026-04-21,64693,15505,15192,577735.9,57117,60159
mm,2025-08-30,133261,33735,37999,235239.9,107738,115755
my,2025-08-30,1050047,224237,251260,1623726.93,899713,946407
hk,2025-11-13,301068,79782,62094,1229625.02,274731,281284
mm,2026-03-15,136959,29643,37280,253736.46,113183,123988
pk,2026-03-15,932422,188523,223587,1063572.8,685341,830538
cz,2026-03-15,135442,34114,39845,796325.77,103905,118362
cz,2025-11-27,129362,41830,41395,755639.21,106377,113355
hk,2025-11-27,278467,80193,63172,1261710.53,256069,262746
se,2026-06-10,163950,45026,39627,1166067.33,127278,153922
t3,2026-06-10,2030480,633146,388434,3886619.44,1886972,1951478
no,2026-06-10,79287,18851,17681,694674.2,67476,75195
t3,2026-01-27,1830255,579425,365133,3423090.04,1666183,1730136
kh,2026-05-18,112273,26580,28702,163078.3,100043,102536
t3,2025-10-06,1748836,564286,345222,3226072.28,1580115,1647829
kh,2026-04-22,112667,28157,29709,163561.41,100776,103965
hk,2026-04-22,308682,82779,64946,1260527.66,286554,291391
at,2026-01-13,103539,36239,31007,941871.49,86086,92502
hk,2026-01-13,300255,78557,61751,1191678.98,280029,285246
hu,2026-05-29,129362,43274,39905,824477.85,106836,117458
tw,2025-07-12,1538441,467490,511382,4605116.24,1394773,1436481
at,2025-10-09,104435,37770,31939,946099.15,86170,91947
hu,2026-01-24,120442,36559,32461,663519.58,101218,110360
hu,2025-11-01,147255,39361,33671,669147.63,101385,132397
cz,2025-08-07,113149,35291,34388,602719.65,79442,86372
hk,2025-08-07,321894,80520,65309,1252546.25,288041,297783
sg,2025-08-07,229845,65956,64929,1262236.5,204529,205486
no,2026-06-22,81576,18840,17502,687116.15,65030,73652
se,2026-05-16,204718,61763,53805,1640117.1,140838,159207
no,2025-09-14,125054,33153,30563,1123037.58,104287,115714
sg,2025-09-14,274157,83217,86067,1782732.4,251564,252427
no,2025-10-08,69727,15562,14860,521940.21,58251,62442
mm,2026-01-25,127544,32094,35395,226110.37,108320,117560
se,2025-10-23,182731,51661,43833,1267362.65,139380,157807
se,2026-05-12,151585,43009,38434,1104645.42,124000,140550
pk,2025-07-15,947098,186274,194118,768904.15,667157,837687
ph,2026-02-03,1143433,307373,336161,2096897.55,1023874,1082078
t3,2026-05-27,1615558,399128,222201,2410587.17,1161982,1544141
no,2025-07-14,71521,15585,14904,531123.11,55277,60945
ph,2025-09-16,1232991,307336,347424,2221837.19,1051724,1129119
kh,2026-02-04,107295,25928,27735,165084.95,96748,99061
ph,2026-03-25,1232628,335194,371744,2329655.06,1074988,1133257
cz,2025-12-10,139584,44648,43882,798573.4,115573,123457
bd,2025-11-03,287369,64423,69278,294765.62,230674,254451
se,2025-07-13,175270,51008,41408,1213987.21,126781,152577
mm,2025-07-13,123795,29421,34412,208565.48,97495,105506
bd,2025-09-02,277769,60920,68010,287861.57,222694,248277
bd,2026-03-11,283258,57661,63125,310849.86,217879,252753
cz,2026-03-11,130824,38911,39776,726689.62,107481,113949
pk,2025-09-01,889967,199953,199444,821506.6,679579,788829
kh,2025-10-25,147476,26789,29828,185659.16,121133,125340
my,2025-10-25,1093853,231725,254114,1590684.02,940310,984532
hk,2026-05-24,375085,104298,93119,1938748.45,349173,356349
la,2025-07-02,36042,8695,9749,38907.99,27706,30752
bd,2025-07-02,280250,57734,63691,271248.18,215364,249467
bd,2026-04-03,328964,76407,82384,394869.32,259864,299018
la,2026-04-03,34938,9259,10175,41879.68,28210,32186
t3,2026-06-20,2001990,625479,386666,4082734.34,1815588,1893391
at,2025-10-24,107014,38743,32483,1000420.2,82211,88108
my,2026-03-22,935799,140806,140018,1062543.53,635387,853826
mm,2025-11-06,122030,30167,33242,202943.66,100511,108634
ph,2025-11-06,1238944,328273,365239,2304369.5,1063298,1140752
no,2025-09-19,93927,21591,20292,773979.24,81176,85721
sg,2025-09-19,229295,67469,66972,1304653.74,209858,210465
bd,2025-09-04,283288,62388,68596,306639.43,227170,254611
kh,2026-05-11,112571,26180,28237,164581.63,99955,102674
kh,2025-10-10,160197,25983,28443,168979.91,120545,125513
se,2026-01-21,158659,43406,37750,1147789.31,129606,145578
se,2025-12-26,208309,64334,52027,1620657.79,163653,192423
ph,2026-06-03,1352906,340250,368836,2294442.71,1146595,1245189
pk,2025-10-27,854575,219262,218898,892319.62,743902,770735
bd,2025-12-01,395811,75596,82961,328316.41,291918,361917
mm,2026-04-01,149901,35319,38907,264079.6,122932,135530
cz,2026-03-20,147099,41311,45372,869323.96,100679,107760
cz,2026-02-27,139212,43696,43233,831171.61,117169,123760
kh,2025-12-29,94144,24151,26305,160220.36,83210,85795
t3,2025-07-05,1788796,569370,377826,3592267.74,1552869,1632011
sg,2026-03-09,233952,68181,64696,1253259.14,215127,215820
la,2025-09-07,35936,9629,10766,45235.55,28225,32516
mm,2025-12-15,122914,28812,31674,189972.6,104969,112142
my,2025-08-25,967564,198692,223670,1350664.77,833325,867517
at,2026-04-17,105824,36978,32438,1016622.55,90806,95528
no,2026-04-17,82352,22673,21973,903380.66,74443,77199
la,2026-04-17,41899,7767,8182,35159.25,23999,39086
se,2025-08-10,193086,58395,47259,1400533.18,137031,168675
la,2026-06-05,36936,10600,11686,51654.68,30592,34648
sg,2026-06-30,244671,70048,63818,1293644.3,223601,225988
mm,2025-11-07,121010,30086,33350,206146.33,100504,106814
bd,2025-07-07,276977,54883,60838,249660.94,197054,247102
tw,2025-07-03,1465668,434862,474644,4041682.02,1331414,1356632
t3,2026-02-25,1796610,528918,347728,3306509.49,1659226,1722384
at,2025-11-22,110489,38300,31080,982163.73,92625,99179
hu,2026-01-04,108872,33432,29865,601425.93,79623,99114
mm,2026-01-04,113823,29013,32028,206562.07,96868,103627
bd,2025-08-14,293191,65569,70429,308313.22,223445,255900
no,2026-06-01,75719,17860,16924,670275.67,63683,71516
hu,2026-06-01,120859,36319,33491,657761.11,94930,109827
hu,2026-04-27,108845,34099,32304,593827.17,91350,98185
pk,2025-10-29,893597,232235,231537,955180.44,782510,808378
hk,2025-10-29,385772,107629,95366,1919976.38,349422,362178
bd,2025-10-15,283636,63255,68991,298754.4,226818,253833
no,2026-05-09,95857,23925,22094,929675.85,84602,90246
bd,2026-05-20,311268,71744,77208,348844.88,257594,279959
se,2026-02-26,181009,52123,45906,1407061.55,147389,165784
tw,2026-03-06,1345219,416122,448788,3599393.3,1241992,1272552
t3,2025-07-31,1802669,605132,378265,3586921.81,1555407,1637350
kh,2026-01-30,114360,29349,31502,183694.43,103544,105879
la,2026-01-30,31034,9495,10517,43710.03,26912,28732
ph,2025-08-27,1197020,297773,331477,2090522.9,996428,1090812
kh,2026-03-08,115505,28283,31062,201199.99,101945,105539
pk,2026-04-29,1077276,279947,275337,1258299.3,929295,972916
hk,2025-08-12,321524,79449,65200,1249287.75,287680,298032
mm,2025-11-09,131548,30327,33276,215176.08,104626,118328
sg,2025-12-02,234133,61077,57160,1130231.38,215433,216355
kh,2026-02-12,114248,26868,29126,170110.71,101768,104635
at,2025-12-16,105105,38828,32939,994977.23,87632,93730
ph,2025-12-16,1265346,354148,393103,2489770.91,1082096,1168915
la,2025-12-16,28501,9280,10224,40457.18,24780,26517
at,2025-11-24,97431,33923,28791,843549.32,79880,86045
hk,2025-10-03,319083,78713,62250,1288113.7,290178,299395
se,2025-07-20,169756,49789,39462,1168597.34,117708,146679
pk,2026-06-13,1173913,297167,291206,1429130.07,990118,1060481
la,2026-03-19,34581,7369,8588,35677.89,24601,31154
my,2026-03-30,1058680,225560,255446,1629937.64,892684,954097
mm,2026-02-23,123022,30510,33447,204252.07,104836,110470
tw,2026-02-23,1270649,385210,418121,3267433.93,1179927,1205759
la,2025-12-05,30395,9038,9986,41593.21,26285,28120
mm,2026-06-28,142613,36503,39870,296765.72,115231,132582
hu,2026-06-28,126370,39119,35038,762445.21,89075,115574
cz,2025-11-23,128482,40977,40159,800683.73,99327,113034
mm,2026-04-12,124424,29431,32638,238360.78,102082,113019
se,2025-12-04,159342,47929,40840,1201850.77,130270,144910
at,2025-10-16,99852,35570,29670,880052.98,81357,87016
tw,2025-10-16,1322476,422897,459955,3629840.83,1210389,1226656
ph,2025-07-08,1158103,271831,306805,1984200.72,958882,1046940
no,2026-06-14,130663,36616,34241,1378065.23,110234,125494
kh,2026-04-26,107434,26293,28764,182626.27,95167,98667
cz,2025-09-21,120766,38007,37093,714830.19,88078,104361
sg,2026-06-29,266219,72648,63566,1301058.42,217583,219819
t3,2026-06-11,2010811,637894,389912,3932497.71,1872495,1932974
tw,2025-09-25,1260140,395673,427408,3443406.46,1166477,1183546
se,2026-06-25,206339,54863,47696,1421172.59,159325,194438
bd,2025-09-10,277675,63694,69658,292552.56,223218,249917
la,2026-02-21,34423,10657,11840,51083.36,28758,31630
mm,2025-10-30,125195,31743,34888,210186.15,105445,112647
mm,2025-11-11,140099,31049,34365,205558.78,118737,126107
la,2026-01-14,29019,8921,9805,40299.87,25841,27173
at,2026-05-30,107509,38507,31976,1043484.58,87088,98947
hu,2026-03-03,117668,36035,32988,617943.74,70820,76147
bd,2026-04-24,335392,78527,85363,414515.92,265258,305487
my,2026-06-12,950848,221845,260133,1571363.1,827505,881587
kh,2026-03-18,136406,31456,35439,190280.53,115402,120537
no,2025-08-02,88238,21154,20027,750981.93,72785,77676
se,2025-07-21,146394,37900,31201,911566.42,99131,123023
bd,2025-07-21,267321,58480,63436,264371.59,204572,235609
at,2026-02-22,136801,46525,37592,1168609.76,115206,123274
mm,2025-12-06,174199,38701,43109,258810.12,147731,160040
ph,2026-06-27,1406288,374570,410976,2711218.61,1221228,1297753
t3,2026-01-26,1793163,563017,345181,3249746.78,1635721,1704569
mm,2025-08-06,131484,32907,36096,211014.2,107937,114270
la,2026-03-14,34968,9889,11742,53240.06,28926,31722
no,2025-09-13,99587,24428,23015,877553.63,85706,91478
bd,2025-09-13,289077,64959,71311,306216.7,229366,260965
hk,2026-02-07,343016,96454,84624,1724668.39,320906,327840
ph,2025-11-28,1360986,373813,416027,2716418.49,1176856,1262767
ph,2026-04-21,1277073,342653,378696,2304442.85,1126137,1186379
hu,2026-06-10,137280,45558,42074,828389.07,110993,124753
no,2026-02-09,69631,14640,14780,535128.22,60537,63986
ph,2026-05-18,1374254,347994,376916,2310949.36,1175416,1263097
no,2026-05-18,104429,26749,25031,937967.29,93170,98740
mm,2025-12-09,116606,28301,32692,199619.17,102871,107790
sg,2026-02-20,227020,53475,50197,1121433.44,205141,211189
mm,2025-09-11,132060,32096,36168,213679.35,110461,115900
hk,2025-10-31,318286,83127,66895,1383447.37,213759,221321
se,2026-06-21,191108,57774,49928,1485579.83,4693,6086
bd,2026-05-29,232071,43204,45920,223839.4,151868,209827
cz,2025-07-27,119577,35750,34292,654031.27,87821,102022
hu,2025-07-27,113497,32982,28600,537532.68,76004,94713
sg,2026-04-08,239473,74474,69423,1335924.61,221292,223048
hu,2025-07-12,116357,33368,30236,563852.31,90641,96946
bd,2025-07-12,289120,59434,66490,286722.41,214260,249368
kh,2025-07-12,134591,26870,29529,177651.75,114577,117974
ph,2025-08-08,1222226,324991,360601,2367490.84,1036767,1106344
my,2026-03-12,850084,176462,203188,1376127.64,703762,763209
t3,2026-06-24,1886071,596539,365940,3739149.53,1679918,1753836
kh,2026-01-11,96056,24842,27119,171704.15,86989,89709
kh,2025-10-08,145639,25482,27796,158862.99,120629,125051
at,2025-07-11,106449,36331,31809,958043.49,85343,90678
at,2026-04-09,103354,28838,25185,774717.89,86684,92095
bd,2025-07-29,291112,61503,67201,276637.14,218699,255092
tw,2025-09-17,1335245,399910,435113,3465483.08,1223690,1245909
se,2025-12-25,184695,51527,40959,1307983.52,113943,170597
pk,2025-11-04,895906,230399,231918,988885.34,763412,803980
my,2025-09-03,964757,203757,227189,1351389.76,841114,874679
se,2026-05-26,173056,48090,42734,1265075.54,134961,162761
hk,2025-10-22,309838,80144,62519,1244486.59,278252,285670
hk,2026-05-27,320289,82635,65640,1301724.89,294637,300359
ph,2025-11-18,1259258,327153,360884,2212596.18,1085627,1149450
tw,2025-11-18,1402061,403212,432449,3452054.68,1281716,1318979
hk,2026-06-08,319087,78650,61003,1233203.63,271699,301242
my,2025-09-16,965285,197881,221737,1396420.52,834846,873485
cz,2026-03-25,125234,37874,38096,685562.76,103497,109487
no,2025-12-10,73258,19400,18202,650635.27,64217,67712
mm,2026-06-09,136747,33159,36115,250422.74,113883,125893
pk,2025-07-13,957585,225219,237874,986383.06,793145,844877
pk,2026-04-07,1203434,211080,196071,865534.12,624864,1110027
no,2026-04-07,64233,13557,13335,507484.42,55338,58582
sg,2025-11-17,223877,61241,58110,1132415.18,204623,205372
tw,2025-10-21,1538884,412880,442063,3566465.29,1365033,1445102
se,2026-01-23,237918,69742,59364,1963646.89,200365,220293
hu,2025-10-21,116898,37312,33546,585861.99,97876,104831
la,2025-10-21,33019,9056,9971,38927.99,28083,29828
sg,2026-05-24,307388,95999,96376,2022258.37,286187,287021
tw,2026-06-20,1401620,440311,475977,4066374.27,1269753,1315313
la,2026-04-18,38702,9971,11049,47889.49,25934,36084
mm,2025-08-23,124987,30095,35025,210078.06,99928,105279
la,2025-09-05,33584,9178,10227,40956.72,27991,30085
hu,2025-09-19,130573,41832,37805,684965.86,101879,109103
ph,2025-09-04,1280469,317912,355317,2243176.56,1095738,1170365
at,2025-12-12,117850,44985,37443,1171217,100401,106592
my,2026-05-10,1216074,253700,290380,1909069.72,1034252,1130085
se,2025-07-01,153787,38628,31942,927039.2,114308,133031
pk,2025-12-26,935235,250259,249831,1102255.17,805184,837017
no,2026-03-23,70806,15541,15041,568796.46,59709,63651
at,2026-02-02,101735,35656,31291,934599.99,84101,90737
t3,2026-02-02,1845383,536756,303704,3051678.43,1565747,1649397
mm,2026-02-02,119981,31109,34420,211285.8,104818,110176
kh,2025-10-27,144430,25022,27764,153107.61,117316,121552
mm,2025-08-26,125592,27599,30766,180093.21,104608,109033
sg,2025-12-01,224224,63177,59629,1169134.92,205271,207257
t3,2025-08-11,1820041,603884,378872,3536695.27,1597828,1691706
mm,2025-08-11,121278,30705,34005,197779.86,98977,104414
tw,2025-08-11,1411800,424331,459237,3820608.54,1273565,1301872
la,2026-03-09,36404,10041,11033,48701.77,27406,33490
cz,2026-06-18,134929,42213,41086,771953.64,108047,121462
my,2025-09-07,1010386,216447,237855,1497065.19,871965,911836
at,2025-07-18,102509,35125,30024,899767.64,82594,88017
tw,2025-12-15,1271671,414304,441759,3438194.28,1198120,1213016
no,2025-08-25,66046,14073,13253,461016.08,53836,58953
pk,2025-10-12,998014,257030,260572,1111698.59,834740,896286
se,2025-09-06,223964,63967,53128,1609908.47,170956,196341
se,2026-01-07,163674,39561,33884,1026266.3,128092,149184
t3,2026-01-07,1918897,645899,401840,3751124.13,1745274,1828711
mm,2025-10-26,127342,31531,34956,221502.53,104736,116251
cz,2026-04-17,145556,45965,45115,881037.15,120937,129728
at,2025-12-28,126782,44611,35297,1117690.54,105757,114173
kh,2025-12-28,91729,23235,25413,164466.92,80847,83673
la,2025-12-28,30673,9607,10615,45106.62,25357,28723
my,2026-06-30,1066620,236688,271962,1686122.25,937980,976401
la,2025-11-07,36587,8332,9030,37918.09,29183,33148
tw,2025-07-28,1516020,421690,448746,3781694.85,1344280,1402493
la,2025-08-24,35955,10188,11332,46025.48,28505,32746
cz,2025-08-28,122112,38432,37860,658300.02,87542,94888
bd,2026-04-27,309401,68992,73471,325980.93,246223,279377
tw,2026-03-07,1508974,481111,522321,4370728.18,1404468,1441089
mm,2025-08-13,124730,30433,33960,195793.51,103204,107123
sg,2025-08-13,216038,58440,62338,1168685.96,188095,191645
se,2025-09-20,212730,64460,53326,1624227.61,164941,187482
kh,2026-01-18,108635,27481,29756,198228.8,96654,100895
at,2026-02-26,103921,37138,31496,978273.85,88112,93595
sg,2026-02-26,223234,61179,56908,1177552.46,209255,209939
pk,2025-07-31,914601,229126,229261,962535.21,758390,794705
kh,2025-07-31,134391,27500,29837,173322.34,113327,117585
my,2025-08-27,960313,202018,225961,1345382.66,833145,866580
sg,2026-04-14,241755,72528,67949,1292697.83,223970,226233
la,2025-12-02,36589,9141,9995,44851.93,29884,33605
mm,2026-01-31,127021,33839,37457,239065.91,108491,116435
pk,2026-02-12,970473,258111,255630,1114253.15,842029,874273
bd,2025-09-08,279169,62537,69054,285327.56,220793,249257
sg,2025-10-03,246270,70640,68816,1391242.76,225064,228049
at,2025-08-01,107829,38364,32007,982347.07,86439,92901
sg,2025-08-16,260670,77058,79005,1642499.38,239321,240201
t3,2026-05-21,2006485,628865,381918,3776316.06,1872502,1925240
sg,2026-05-21,250811,75355,69057,1355846.2,228002,232405
kh,2025-12-19,97509,23630,25803,157523.65,86318,88178
kh,2025-12-05,120297,27179,28947,168020.85,105178,108782
hk,2025-11-23,385694,109000,95857,2004091.18,353053,366226
my,2025-09-22,884593,186702,207340,1200083.32,770488,803125
tw,2025-12-04,1269051,410516,437296,3446165.83,1190384,1203529
hu,2025-10-16,129248,41189,36993,646260.51,108857,115635
at,2026-06-14,136363,50765,41245,1259254.64,111374,126637
cz,2026-03-31,125438,36092,36492,658421.55,102917,109328
t3,2026-01-17,2007791,626652,377121,3902884.83,1838258,1926552
pk,2026-05-08,1163142,304297,301390,1403755.23,1032540,1066650
no,2026-06-29,86405,19057,16489,639784.73,62326,70589
at,2026-01-03,100255,35012,29031,930326.79,83392,90061
t3,2025-08-18,1791125,596771,368115,3426022.81,1595611,1683056
bd,2026-03-02,263064,54022,57990,273381.35,210144,238519
la,2026-02-24,32809,9111,9962,41002.53,27400,30331
ph,2025-09-25,1297960,318128,360323,2337296.19,1085285,1198678
bd,2026-06-25,322389,73171,78339,372645.41,256643,293576
ph,2026-05-30,1452866,383560,418407,2685542.78,1208976,1337505
kh,2026-05-30,114522,27067,29540,184685.41,100703,104487
tw,2025-10-04,1517911,479602,524549,4496664.74,1399377,1433071
bd,2026-03-17,272580,48115,62171,335178.7,201767,241880
la,2026-03-17,35323,7197,8176,34183.53,27275,32429
cz,2026-06-12,160618,47795,46381,920355.15,129939,146358
kh,2026-06-12,102524,26404,28502,168421.33,92732,95270
se,2026-05-19,152427,42745,38367,1108901.73,122573,140567
sg,2026-05-19,242112,72064,65618,1280879.06,223356,223983
mm,2026-03-18,135085,30324,37841,247883.54,111719,117873
my,2025-08-02,1087391,230422,259429,1621050.38,931048,969631
t3,2025-07-21,1781147,568661,363998,3365796.62,1535042,1623881
no,2026-05-06,70334,16586,15481,604466.42,62626,65793
tw,2026-04-10,1179662,405143,437586,3475585.51,1116385,1128200
ph,2025-11-10,1368655,297877,330203,2130531.68,1011237,1264260
cz,2025-08-06,112121,33566,32736,569280.44,79141,85796
ph,2025-08-06,1164208,299882,332193,2113977.23,961250,1037954
hu,2026-03-14,131535,30857,35312,714890.96,105346,117234
sg,2025-09-13,258777,77050,79312,1639977.3,238246,239170
bd,2026-02-07,255432,61342,66628,296700.87,215122,233976
hu,2025-10-07,114709,36925,33624,591554.34,89724,96492
ph,2025-09-12,1316475,340616,381901,2496103.67,1123323,1210031
hk,2026-04-21,307569,81304,64283,1237400.39,286152,290987
tw,2026-01-12,1224706,409943,444439,3466586.24,1153230,1168494
at,2026-01-12,101714,35095,29907,907424.48,83718,90746
kh,2026-01-12,98374,24349,26600,148267.34,89026,91571
bd,2026-03-15,272417,47190,60170,303376.69,200676,241831
my,2025-09-26,1016635,219175,245779,1494024.06,878161,921760
pk,2025-12-09,900670,250348,244374,1031330.24,792655,824322
kh,2025-09-11,139764,25856,28163,161579.54,116728,121839
mm,2025-10-31,133182,32133,35081,222099.07,88313,96215
mm,2025-08-19,125215,31126,34496,201744.19,104362,108656
tw,2025-12-23,1228604,408273,435685,3365451.8,1154564,1168099
ph,2026-03-01,1358791,377103,413910,2808485.47,1173583,1260201
at,2026-06-21,133994,48165,39405,1201662.41,2493,2811
tw,2026-02-05,1218575,420629,451614,3548741.79,1145068,1158408
bd,2025-07-27,300832,58518,58072,235518.84,207511,266351
la,2026-04-08,34757,8342,8958,36466.93,26474,32169
my,2025-10-20,1087723,217750,237378,1533646.83,909032,982888
t3,2026-01-10,2083212,656599,377683,3888804.51,1867984,2000206
no,2026-05-01,117039,29303,27466,1122542.88,103659,110810
pk,2025-11-01,989207,251381,255643,1142243.18,854415,884206
hk,2025-12-22,296773,73752,58826,1178698.02,273787,280176
hk,2026-06-22,296865,79187,62034,1276767.06,250620,255845
my,2026-06-22,905199,198304,222386,1349732.69,749418,770598
hu,2026-02-06,143331,47196,42314,835260.14,120296,129618
hu,2026-05-16,138890,42598,37741,829908.58,100699,109856
no,2026-01-11,119939,30661,29581,1074433.08,103241,112457
tw,2025-09-14,1651117,501024,547370,4728983.12,1520960,1559871
la,2025-10-08,38459,9528,10258,42046.47,28948,34776
bd,2026-05-15,336025,76957,83671,403750.57,266316,305562
no,2025-07-11,75920,17252,16413,601562.07,60010,64506
hu,2026-03-24,112597,33879,31715,563855.86,84241,89503
pk,2026-03-24,1229619,290382,277629,1243270.35,947117,1128754
tw,2025-12-25,1625297,502909,544478,4448002.65,1482166,1559919
kh,2025-11-04,142238,24747,27488,174307.72,113452,119383
hk,2026-05-26,305931,81000,64973,1281240.21,282361,287875
ph,2026-02-17,1361947,345461,378438,2447108.34,1195463,1260550
bd,2026-05-27,281921,61098,65480,376474.09,191168,253413
t3,2026-01-22,1870630,590869,351650,3465614.35,1695262,1797713
tw,2025-08-21,1398407,430147,464053,3797587.74,1275007,1295694
hu,2026-02-04,135373,39618,35101,652741.01,114419,123384
sg,2026-02-04,206078,61091,57541,1148904.36,193356,193696
my,2025-12-10,833771,208711,229495,1391048.1,760131,786805
sg,2026-02-18,274054,59086,59971,1376931.39,237066,258582
hk,2025-07-13,404304,104157,97417,1990404.4,369783,378724
hu,2025-09-02,110150,33949,30881,536990.43,84430,91478
sg,2025-09-02,215093,61550,59693,1160645.52,192577,193378
pk,2025-08-20,1071824,181988,179065,759927.52,774377,942066
no,2026-06-20,97708,25879,24392,1007958.57,82240,91555
bd,2026-04-18,307897,71976,77860,350351.65,254331,278351
at,2025-08-23,97936,33049,27479,848038.54,78833,85334
ph,2025-09-30,1250392,318334,366459,2317542.59,1071432,1149670
se,2025-09-30,157575,42837,36987,1060037.37,118926,138145
ph,2026-03-22,1301405,346810,393176,2510219.91,1123788,1187482
cz,2026-03-22,130600,37444,37854,755712.18,103245,114441
pk,2025-11-06,900254,239292,241023,1026343.69,784149,810310
sg,2026-05-11,238872,72297,67703,1297648.03,220065,221417
at,2026-05-25,133695,47704,38182,1146838.79,111694,123422
la,2026-05-10,37734,10535,11696,53022.13,29528,34642
bd,2026-02-01,263798,61263,66119,291536.04,222373,241092
my,2025-11-19,982595,202473,223494,1342218.21,866583,897233
mm,2025-08-22,133129,33109,36751,224062.35,108740,115622
no,2025-07-01,73014,16246,15367,544652.15,59642,65089
my,2026-04-19,1052236,238165,266016,1750596.46,898422,982884
ph,2026-06-07,1350146,367976,402202,2578735.5,1145407,1240253
cz,2026-06-07,119887,37620,36849,742229.85,93652,109154
tw,2026-03-23,1182660,379491,411159,3182792.05,1088783,1101544
kh,2026-06-03,135657,34166,37034,196514.6,121712,125257
cz,2025-08-26,113984,34329,33403,574410.1,80302,87717
at,2026-04-15,99444,33917,30018,919232.32,76122,80264
at,2026-06-18,98927,35256,30074,900356.73,79760,90066
hk,2026-06-18,352973,68607,42101,871202.63,196380,335002
at,2026-02-13,109052,40754,34909,1087939.4,92747,98260
ph,2025-07-18,1367574,325180,361874,2410375.73,1096082,1243539
at,2025-11-08,110905,38845,32284,1022789.41,91975,98457
bd,2025-11-08,284031,67204,72151,308475.49,230396,255627
mm,2025-10-12,128375,30229,33691,214493.11,101245,113528
no,2025-10-12,119053,33119,30844,1080943.73,100019,109676
my,2025-12-14,910728,212734,230841,1480836.19,789666,854487
se,2026-02-28,231523,69934,60905,1975564.54,191071,213454
hu,2026-04-17,134626,45617,42868,859450.55,115357,121806
hu,2025-08-10,131002,38528,33553,638482.83,86635,110427
no,2025-12-28,95447,24298,23772,888140.2,79929,88863
ph,2025-07-28,1140007,275280,303947,1920016.18,929485,1020388
hu,2025-08-24,104840,32145,27939,529173.13,71129,88421
cz,2026-02-25,129162,37697,37405,680280.3,108119,114465
la,2026-06-01,40597,10917,12097,54073.41,30873,38457
hk,2026-04-27,300571,78105,61916,1205272.97,277175,282026
t3,2026-03-07,1932765,593905,385304,3974835.59,1785377,1851748
my,2025-11-21,1026607,211201,232522,1482091.52,886693,939569
se,2026-04-28,160100,43887,40924,1188350.55,131074,147838
hu,2026-04-28,118736,38683,36518,678509.36,101397,107457
ph,2026-05-20,1383223,360584,395293,2450792.91,1209237,1273997
my,2026-05-20,1042343,212995,245038,1546478.66,929215,959038
hu,2025-10-14,115779,37159,33959,594018.16,96492,103409
se,2025-10-28,170235,46793,40228,1161856.88,127509,146229
la,2025-10-28,33588,9182,10098,40576.13,29130,30969
tw,2026-04-14,1175885,397315,428909,3310954,1111954,1124093
cz,2026-04-29,124185,37899,37609,689846.1,104307,110539
se,2025-12-02,153364,41987,36040,1047390.13,121564,138232
hk,2025-07-06,417997,106782,99899,1988659.52,384186,391576
my,2026-02-12,896996,217787,246219,1614543.97,809538,831752
my,2026-01-16,840404,202567,226668,1420867.97,764695,791395
se,2025-11-20,170434,49735,41526,1222460.8,134966,154677
no,2025-11-20,81292,19708,18671,669664.3,70923,74791
mm,2025-11-24,121563,28083,30738,188361.47,104667,109749
ph,2026-06-13,1391314,362867,396267,2591717.63,1182367,1283481
at,2026-06-13,106865,36363,30908,984382.55,86863,98711
t3,2026-03-04,1846413,560890,362320,3501571.66,1710559,1771734
ph,2026-02-23,1201876,309799,338396,2062365.6,1053413,1106681
hu,2025-12-30,119572,36531,32101,661064.82,90812,108867
tw,2025-07-09,1605414,400317,427483,3676271.76,1377819,1500882
no,2025-12-19,91802,23183,23083,888730.76,81594,85416
tw,2026-01-02,1402319,427149,456927,3726780.51,1285873,1341528
at,2025-12-05,125364,45522,38043,1191322.34,106162,112958
bd,2025-12-05,291098,70062,73984,342520.98,226898,265614
hk,2025-12-05,312460,82754,65883,1345862.21,288876,295036
t3,2025-09-22,1697917,559983,358554,3317731.44,1529561,1602577
kh,2025-08-29,145373,27284,29681,177604.75,123432,127723
sg,2026-06-14,282574,87897,86889,1858509.35,263123,263758
hu,2026-03-31,123308,37498,35486,644042.52,103533,110307
my,2026-03-31,1035521,224917,254953,1632212.44,868434,932930
hu,2026-04-26,117699,37416,34620,707684.76,92821,107336
my,2026-05-08,1123263,237925,267249,1713074,938873,1047371
la,2025-08-18,33984,9454,10407,40600.77,29092,30688
my,2025-10-05,1055812,222148,243487,1518529.56,894166,954998
sg,2026-01-28,207548,61068,58329,1129899.5,194068,194441
cz,2026-02-24,122342,36683,36385,653177.81,101955,108039
mm,2025-11-26,118633,28638,31346,192010.79,103043,108041
kh,2026-05-04,110261,25702,27850,164330.31,97646,100853
se,2026-03-16,143198,31627,32973,985736.78,107963,128175
cz,2026-03-16,127192,31943,37400,665197.23,102334,110425
se,2025-08-04,152017,39376,33102,951116.55,105912,127878
no,2025-10-30,72425,17248,16305,586242.19,61328,64861
no,2025-12-07,111120,30893,29296,1053005.4,97054,103580
at,2026-01-15,107158,38789,33045,1006380.76,89945,95914
hu,2026-05-19,114549,37310,34460,662765.72,97769,103724
no,2025-11-25,73041,16791,16226,572961.8,62525,66447
kh,2025-07-21,141182,27967,30909,171488.98,120886,124649
my,2025-07-21,940239,193472,220816,1294922.69,803054,833610
t3,2026-05-06,1948981,634465,394458,3837242.76,1824197,1876562
hk,2026-05-31,404024,111853,98231,2125642.61,374658,383858
pk,2025-12-06,1004278,276727,270042,1206332.66,882648,917229
la,2025-12-06,30943,9923,10970,46649.98,27207,28826
tw,2026-06-27,1561585,431255,457759,3956748.1,1335839,1498085
hk,2025-09-13,364139,95593,83119,1755809.83,334128,344810
kh,2026-02-07,107851,26920,29236,187113.61,95989,98666
tw,2025-10-07,1332465,413024,445668,3499429.47,1221073,1246183
cz,2025-07-24,118164,36929,36318,633876.88,92002,99664
hk,2025-09-12,336629,81667,65684,1380897.51,306557,315330
pk,2025-07-10,945583,208204,216698,882587.02,737969,830172
bd,2025-12-20,255450,63537,68847,300885.7,207256,230058
tw,2025-12-20,1420007,492171,531345,4365746.18,1343727,1361429
sg,2025-08-31,279017,84526,87461,1800880.79,255020,256181
hk,2025-08-30,370512,96109,85256,1779467,336447,348717
se,2025-11-27,184358,55227,46514,1378485.94,149443,167767
at,2026-06-10,106315,37812,32093,963032.48,85637,97278
hu,2026-01-27,103463,33188,30032,539112.36,87957,93962
no,2026-01-27,74612,15842,16087,579361.56,65108,68912
mm,2026-01-27,117315,29517,32747,196163.04,104155,108412
tw,2026-02-09,1293355,421395,451192,3579957.59,1200320,1235405
sg,2026-05-18,241487,70512,64777,1272505.49,222188,223449
ph,2025-12-09,1134500,320831,357595,2191246.07,965870,1057620
sg,2025-09-11,234488,63108,61617,1211316.36,214235,215311
bd,2025-10-06,274910,61864,67853,286809.35,217023,245741
kh,2025-10-31,153514,27963,30473,180597.32,96203,100300
sg,2026-03-01,284795,81721,82021,1754546.29,264647,266928
hk,2026-03-01,406597,113179,100656,2056864.41,361027,388396
pk,2026-05-14,1126965,281276,275639,1262910.14,922501,1028707
mm,2026-04-08,141347,34711,38132,260037.6,118199,128616
se,2026-05-29,204288,61687,53742,1664920.61,167501,192310
no,2025-11-16,129602,36089,33707,1200161.9,110015,119750
hk,2025-11-16,392250,110995,97233,1994569.89,359282,371322
la,2025-09-15,33843,9302,10261,39539.98,28708,30395
cz,2025-08-08,122442,38465,37280,681061.97,87024,94904
kh,2025-12-22,91235,22888,24821,143508.21,81543,83442
hu,2025-08-07,125094,38414,34302,608084.04,96183,103259
mm,2026-06-22,135519,33238,35670,247792.6,111547,121058
kh,2026-02-06,109530,26799,29074,176716.49,98039,100548
ph,2026-05-16,1494391,391737,424311,2704177.84,1258292,1375400
my,2026-05-16,1073395,232707,265562,1738552.77,952402,984351
se,2026-04-09,170214,41780,38113,1128008.61,138052,155582
cz,2026-04-09,131724,36996,37057,690042.02,109740,116290
kh,2025-12-25,101922,25304,27543,185347.8,91088,93635
t3,2025-11-04,1774237,590131,354741,3372653.16,1618498,1675740
my,2025-11-04,997484,213914,238384,1396272.87,863275,896359
t3,2025-09-03,1807446,608722,388210,3644830.6,1630453,1705832
hu,2026-02-03,134540,33627,26925,502642.38,105902,124027
at,2026-05-26,91699,31416,26939,816912.04,75593,83425
my,2025-07-14,956260,192195,224545,1305472.45,820881,851313
kh,2025-12-24,95179,23683,25621,155077.93,84462,86041
se,2026-06-09,167419,43816,38813,1138401.57,130028,157374
hu,2025-07-13,118372,34442,31302,577166.88,81695,99387
kh,2025-08-09,138991,27334,29916,183912.29,116132,119932
kh,2026-01-23,108106,27118,29557,183893.66,97729,100237
cz,2026-01-23,154594,47863,46803,908321.94,129197,137810
no,2025-10-21,74809,16364,15534,545127.06,62219,66371
at,2026-02-15,143036,50831,41356,1258521.14,121449,129712
at,2026-05-24,108351,37298,29813,900758.76,91576,98912
no,2025-12-27,78922,18930,18774,711073.5,68041,73043
hu,2025-12-27,95455,26725,23928,494510.81,70398,86045
t3,2025-09-30,1693780,561269,359364,3368088.05,1536885,1598254
mm,2026-01-20,125886,30485,33526,203198.99,110260,116092
hk,2026-01-20,295911,77996,60731,1187492.03,275026,280250
mm,2025-09-05,131708,32128,36342,213663.47,108666,113795
my,2025-09-19,961053,203762,227609,1390381.2,830925,871594
no,2026-05-25,122912,31319,28945,1174424.1,102575,116698
pk,2026-02-16,932498,245291,242751,1073037.62,791620,828370
hk,2025-11-05,310467,79970,62305,1234415.35,282119,288853
t3,2025-07-01,1780914,577190,376337,3417304.56,1564576,1644496
sg,2025-10-13,217426,61660,59611,1160274.8,197436,198421
se,2026-04-01,172425,44478,40181,1172722.15,140108,157064
se,2026-03-20,204637,54448,51548,1655334.42,131829,148287
my,2026-03-20,879041,148006,165415,1250018.58,667405,793308
pk,2026-04-15,1065455,280891,278921,1253393.59,928418,959174
hk,2025-08-11,333651,78629,64695,1248056.3,297272,307703
pk,2026-03-09,874456,216689,215876,995383.72,704885,785300
hk,2026-03-09,310442,81352,64539,1266908.56,285993,292104
se,2026-02-13,214538,62271,53371,1730333.63,180599,197980
kh,2026-02-14,137259,30895,33878,231923.27,122733,126658
hk,2026-02-14,328909,89374,77513,1601870.07,308434,315380
la,2025-07-04,36022,8374,9305,36663.89,27567,30148
t3,2025-07-04,1784067,572523,373799,3452373.07,1542124,1616639
ph,2025-07-04,1265250,318532,359011,2401596.55,1071631,1143020
no,2025-10-26,128211,32998,31037,1109397.48,108884,117992
cz,2026-02-28,128519,40140,39320,811246.16,106659,113936
kh,2026-04-17,125738,27539,28549,183185.44,97737,118275
hk,2026-04-17,331045,85845,67861,1368622.07,296318,312368
ph,2026-03-21,1299345,339992,393403,2548849.06,1118546,1187956
se,2026-06-05,188819,57513,49967,1543139.95,152418,176690
ph,2025-12-28,1237406,334823,369234,2490917.85,1018929,1134298
cz,2026-06-19,141423,44440,43104,843429.48,111605,126963
cz,2025-11-07,141407,44918,43916,824290.85,112363,121359
se,2025-07-28,163139,42243,34602,1007593.01,109412,137347
no,2025-07-03,73437,16919,16165,573162.9,58489,62182
at,2025-07-03,107518,33269,28216,837188.91,81429,87187
se,2025-07-03,161834,44100,36996,1066409.37,120655,136218
ph,2026-02-25,1270911,339298,370429,2330198.73,1126630,1185248
sg,2025-11-22,257635,76079,76079,1582433.32,233016,240650
t3,2025-12-03,1718117,554459,343439,3282886.31,1588304,1638805
sg,2025-12-03,225251,65600,62042,1218067.46,208186,209721
kh,2026-06-01,135344,31467,33915,183805.97,121484,125221
bd,2026-03-07,269802,56095,61559,313386.5,212625,243774
mm,2026-03-07,135149,35802,39562,261775.31,114641,123404
hu,2025-10-29,115309,36250,31688,554441.59,96262,102504
t3,2025-08-13,1792445,494513,387083,3581831.18,1485199,1565752
kh,2025-09-20,142216,27025,29925,198658.04,116254,124752
sg,2025-09-20,250704,77191,79644,1619813.63,231268,232313
mm,2026-04-28,137181,33644,36651,246309.36,112520,125089
bd,2026-01-18,255817,60054,64595,281853.22,217581,235024
la,2026-05-20,37509,7598,8152,34190,31574,34939
hk,2026-05-20,315971,80357,62752,1264565.63,290338,297122
pk,2026-03-06,882178,220018,218847,1037788.26,720339,793632
my,2026-06-02,1018060,225126,256566,1698077.14,873009,937518
pk,2026-06-02,1123504,278404,271493,1268121.03,937876,1011783
pk,2025-10-14,879224,228485,228063,920758.16,754074,789339
pk,2026-01-30,982679,260048,260611,1129410.38,875290,906399
mm,2026-01-30,130178,33220,37010,231734.22,113138,119126
se,2026-03-08,193066,57834,50158,1563917.33,147995,176525
mm,2026-03-08,140887,35932,39668,266769.22,117348,128811
kh,2026-01-31,113492,27673,30208,189960.83,102133,104840
at,2025-07-06,144842,50335,40541,1224835.09,116334,127285
kh,2025-11-20,137333,24394,26455,152499.61,119574,122976
at,2026-03-04,111730,37451,32330,966017.17,93356,99697
no,2026-03-19,76831,16548,17712,705299.45,65991,69584
bd,2026-03-19,261796,45928,58127,328704.38,186111,232250
no,2026-06-28,112014,31594,29105,1152435.41,94058,107017
hk,2026-06-28,404038,107554,95722,2047043.81,354003,385615
hk,2025-10-02,308208,76398,59633,1179449.59,280583,289487
bd,2026-04-12,293785,68142,73958,321708,242885,265291
hk,2025-09-22,370348,80953,64769,1455513.35,328698,349444
hk,2026-03-31,309381,82532,66584,1321900.24,282541,288173
hu,2026-04-11,137478,43076,39596,836110.86,116704,124654
ph,2025-09-21,1354525,339685,386577,2606861.07,1074119,1248814
hk,2025-10-05,386404,101751,89681,1866723.1,351172,366551
my,2026-04-23,936953,217688,251117,1547181.94,842854,868049
my,2026-01-28,839065,202924,233203,1401907.19,763329,785579
at,2025-09-25,95492,34127,28667,850405.88,78116,83586
my,2025-09-25,946799,207514,233622,1399719.22,830600,859506
hk,2026-05-04,317549,81081,63777,1258961.8,290372,299301
se,2026-02-10,150371,40943,36146,1098950.02,121618,137189
tw,2025-08-04,1513031,426040,455811,3840915.48,1344555,1395134
pk,2025-10-30,896157,237580,237063,987922.65,787791,811640
no,2026-05-05,67768,15908,14837,580889.68,59985,63107
tw,2026-05-05,1294517,403967,434894,3485802.48,1203917,1238053
hk,2025-12-07,369822,108258,95785,1984045.08,344868,355692
cz,2025-08-17,119891,34388,35746,690629.85,78540,94309
t3,2026-05-30,1959545,561756,322146,3447162.03,1747089,1883445
my,2026-03-03,810296,170189,189925,1261511.7,699529,750815
no,2026-04-24,81653,21468,20667,857874.83,73824,76727
bd,2026-01-29,267636,63843,68512,304682.87,226328,245096
la,2026-06-12,33885,10478,11616,51097.2,28561,32036
no,2025-09-23,68275,14780,13942,495818.35,57117,61587
at,2026-03-18,100915,30161,30101,900948.76,83069,88621
no,2026-03-18,76104,15429,16411,632258.17,65318,68812
tw,2025-10-18,1630826,510845,558983,4682960.89,1494021,1529606
hk,2025-08-02,408116,89091,74008,1528428.87,331430,382037
no,2025-07-21,68527,15416,14470,512498.97,52797,58512
at,2026-05-06,105683,36734,31676,950725.27,90315,95632
bd,2026-05-06,336853,68393,70531,318968.37,250625,308221
kh,2025-09-27,136951,25988,29015,176793.4,115128,120512
my,2025-12-21,875753,206119,229862,1494047.82,772154,813276
hu,2025-12-21,121496,37638,33450,683126.67,88562,109650
cz,2026-01-26,124623,35922,35688,639851.22,101815,108929
sg,2026-01-26,204911,60101,56470,1119650.19,189751,190145
at,2026-03-14,113503,32399,32453,1038063.37,94171,100981
no,2025-11-14,94102,24346,22847,854908.44,81663,85741
ph,2025-12-20,1305122,355876,395928,2703712.95,1012764,1205481
bd,2026-05-17,299665,67543,72523,324125.77,246183,267587
t3,2025-08-30,1790742,610161,389446,3769101.51,1609358,1687701
mm,2026-01-12,107376,28018,30911,187254.78,94029,98028
sg,2026-03-15,303216,80840,90244,1897591.85,277717,279161
pk,2025-11-27,897632,243366,238770,1018946.4,794652,820965
se,2026-02-09,149083,39023,34604,1049783.47,115745,135535
hk,2026-02-09,298078,80602,64528,1249141.08,276869,282173
my,2026-05-18,941337,202493,231066,1429499.08,840386,864790
t3,2025-09-11,1728387,586621,382658,3554019.33,1565239,1629945
cz,2025-10-31,135997,43023,42123,777604.82,84489,93309
no,2026-04-22,67924,16722,16341,625887.24,60070,63069
tw,2026-04-22,1158964,388243,421029,3253183.2,1088258,1101017
my,2026-04-22,930410,214031,247660,1519972.28,836173,863119
no,2025-12-23,62079,12788,12774,504452.39,52976,56736
my,2026-06-21,1025208,228178,259705,1695337.38,45353,54729
la,2026-01-13,28985,8908,9783,39849.44,25657,27074
la,2026-05-29,36380,10763,12030,53235.76,29511,34149
mm,2026-02-05,120300,31937,35323,217101.92,106273,111037
la,2026-02-05,31581,9585,10559,43488.13,27190,29468
cz,2026-04-08,120120,36089,36079,651158.32,99968,105867
hk,2025-10-20,295723,76012,58668,1177550.46,266525,275064
la,2025-07-12,35765,9200,10310,42537.28,28868,30660
no,2025-09-29,68851,15156,14410,497101.05,57366,62279
tw,2026-01-24,1440983,480557,522407,4328318.45,1363167,1393747
pk,2026-01-24,1018472,272970,276240,1223180.73,906354,946719
kh,2026-01-10,96282,24753,26887,168710.06,87765,90338
my,2026-03-13,886993,173145,211095,1486405.48,718779,782640
no,2025-08-08,77909,18519,17411,650906.14,64420,68569
hu,2026-05-01,137837,37676,34024,732064.39,101093,126547
at,2026-05-01,137242,47383,39246,1204267.22,118418,125959
mm,2026-05-01,137904,32664,35884,251028.01,114053,126653
la,2025-11-01,37300,10350,11595,49633.82,31355,34191
cz,2026-05-16,149683,44833,42989,902164.26,102769,114043
ph,2025-10-08,1233281,319016,357258,2224006.85,1063677,1133606
at,2025-10-08,98271,35512,30201,893604.05,80431,86068
no,2026-05-15,91882,22707,21527,898501.34,81797,85783
mm,2026-04-20,142739,32107,35133,227425.72,112353,131428
kh,2026-04-20,110403,28138,30054,164387.44,97880,102277
at,2025-11-29,119714,43590,35723,1141362.36,100962,108131
sg,2025-11-29,257915,77425,77603,1607533.64,236911,241267
se,2026-01-25,217863,66748,57064,1807810.01,170614,201825
sg,2025-07-29,208543,60183,58557,1125180.33,183659,184627
at,2025-10-23,102425,36282,29897,896242.94,77844,83498
bd,2025-10-23,290634,67330,72175,315910.19,234145,261048
sg,2026-03-24,244285,69883,67069,1303757.87,223962,225314
mm,2026-05-12,130937,31813,34895,231861.4,107609,120342
hk,2025-11-04,301064,78434,60725,1187713.44,273000,280318
mm,2025-09-03,127537,30829,34685,202709.53,106626,111254
la,2025-10-22,32636,9043,9947,39393.46,28091,29810
ph,2026-05-27,1402503,366446,399707,2480204.27,1197259,1288775
cz,2025-11-18,120699,37822,37498,661983.19,96249,103086
hu,2026-04-06,110768,28424,26009,519839,62804,100879
kh,2025-12-10,96787,25439,27554,156307.54,85054,87595
my,2025-12-24,852726,210470,241758,1540483.65,765103,788487
kh,2025-11-03,150208,26169,28731,176627.15,120359,126106
no,2025-07-13,108990,28413,26785,958302.68,84926,95149
la,2025-07-13,35544,9161,10362,42294.32,28211,30450
sg,2026-04-07,254086,70743,64696,1252063.49,232447,235926
my,2026-03-11,827914,176274,199794,1326066.43,707465,752883
cz,2026-02-19,137302,41919,41429,766030.01,114305,121291
hu,2025-09-01,105058,31428,28616,486936.99,78828,87372
my,2025-09-01,1063162,223349,246972,1567964.16,921021,964414
my,2025-08-09,1051900,223883,249877,1564704.83,888170,926194
at,2025-10-21,93237,32373,27349,811935.17,75722,81091
tw,2026-03-10,1326310,403905,433962,3421702.73,1210720,1259805
t3,2026-04-18,2077342,676800,430904,4316948.78,1953153,2000462
mm,2025-12-27,112901,27417,30360,188850.21,97336,102001
mm,2026-03-22,142989,34512,39272,271606.03,116777,129345
hk,2026-05-10,409099,109506,95669,2065986.08,368957,389732
la,2025-07-16,34848,8660,9717,38610.52,27982,29666
no,2026-02-01,123997,32322,32061,1200019.89,107987,115826
tw,2026-01-21,1282211,411279,445035,3476618.56,1197693,1229361
mm,2026-04-04,142832,35999,39747,279495.54,118439,129521
hk,2025-09-18,321492,79632,63355,1255812.49,291574,301078
sg,2026-04-19,327619,95094,94942,1959082.09,302353,307975
pk,2026-03-23,1274931,250355,231945,1105486.45,1028324,1157697
sg,2026-06-03,248407,74151,67624,1334275.69,229686,230585
at,2026-02-27,116142,42290,35971,1162368.15,99027,105114
pk,2026-02-27,809563,200491,199072,925765.31,677731,739476
hu,2025-12-29,115707,35034,30955,617242.89,87682,104307
sg,2025-12-29,198472,57995,55586,1108354.57,182667,183566
hk,2026-04-15,303071,82858,65370,1258163.6,281543,286122
hk,2025-09-07,452342,104789,90570,1910372.67,353335,428235
cz,2026-04-02,134978,41206,41052,781942.01,111062,118897
tw,2026-02-14,1396158,443148,483464,4156312.91,1305930,1343655
la,2026-02-14,35493,10222,11211,48812.66,27956,33106
no,2025-12-14,113335,33860,31814,1141144.79,98507,105782
at,2026-04-16,105149,34809,30939,935525.29,89710,94403
ph,2026-06-05,1399707,367546,402042,2570777.22,1196041,1284999
t3,2025-12-28,2023307,602658,354752,3697563.54,1806729,1920142
hu,2025-07-28,101597,29873,26907,461342.78,74812,82616
cz,2025-07-28,112619,34198,33552,580603.33,86240,94449
tw,2025-07-07,1500817,180170,192848,1710972.19,681114,723917
kh,2026-04-13,103976,26516,28411,190313.93,92342,98333
hu,2025-07-03,127644,38649,35834,619731.99,98794,104678
no,2025-12-17,77690,19113,18975,679176.32,67640,71642
hu,2025-08-13,122725,31162,34525,595021.74,89852,96950
cz,2025-11-21,143454,47199,46247,874233.18,116927,125843
mm,2026-06-16,129164,31676,34497,235588.13,106208,119094
cz,2025-10-15,132286,41515,41239,728965.66,98356,105881
se,2026-05-09,201489,61916,54155,1662634.34,167647,188748
mm,2026-01-18,117544,31372,34649,226387.63,102248,108466
no,2026-01-18,125072,32882,32185,1152436.86,108181,117135
t3,2026-02-26,1826551,553652,361192,3457392.04,1690105,1756648
pk,2025-10-28,882471,228591,228126,935993.05,770346,796765
cz,2025-08-27,118442,36848,36123,623980.08,84641,91398
ph,2025-09-09,1198353,300856,336905,2124769.98,1032237,1097226
tw,2026-01-16,1261403,426799,462051,3668507.32,1194541,1206918
kh,2025-12-16,104606,24315,26275,152846.65,92726,97027
bd,2025-11-24,273178,61878,65911,278823.82,221281,244912
t3,2025-10-03,1882835,612099,363632,3540980.48,1714577,1781430
tw,2026-03-19,1234698,374849,426022,3357404.05,1129793,1140287
hk,2026-03-30,314511,81362,65575,1295501.97,287052,293040
at,2025-08-16,96412,32776,27250,843397.42,76724,83846
pk,2026-02-23,772947,176806,175371,791426.58,624790,684671
se,2025-12-19,206530,68192,56447,1761558.85,172543,189624
no,2025-12-05,91828,23850,22553,848741.71,81931,85213
tw,2025-11-23,1552403,493842,531383,4511006.14,1441526,1472219
pk,2025-09-22,829842,210931,214659,860917.15,707093,737021
no,2025-09-22,68646,14327,13575,481821.34,56246,61743
no,2025-10-16,76939,17848,16767,594537.88,64329,68493
cz,2025-08-29,134314,41240,40336,726622.17,95704,105388
ph,2026-03-31,1335616,358587,397888,2616489.81,1139991,1220506
cz,2026-04-11,135103,40846,39898,837258.7,110905,119780
tw,2025-12-18,1233309,414611,443682,3408843.39,1162022,1174408
mm,2025-12-18,134897,33857,38007,229715.69,114585,123288
hk,2025-12-18,302492,78186,61636,1244700.99,279158,285276
ph,2025-11-12,1199248,316487,351209,2203667.3,1023267,1094380
tw,2025-11-12,1354515,212104,220881,1832974.03,1235685,1291694
sg,2025-10-05,276928,84233,86029,1778015.53,255778,256929
tw,2026-03-02,1228447,383301,411203,3189583.26,1145846,1166176
cz,2026-04-23,129103,39860,39587,731850.05,104571,109855
hu,2026-04-23,127688,41055,38883,725290.15,106127,111275
ph,2026-01-28,1166465,315106,343434,2097999.6,1034618,1091090
mm,2025-08-15,125481,31304,34943,208041.6,103145,108205
ph,2025-08-15,1332340,343492,382965,2557563.31,1076127,1210540
hk,2026-06-25,310842,83608,65673,1371969.7,286156,292647
bd,2026-03-16,274545,48624,62439,322736.44,202975,243699
t3,2026-03-16,1871830,513118,346631,3545871.03,1580702,1657443
no,2026-06-26,92077,24265,22459,937958.82,79716,87378
t3,2026-01-14,1938150,638029,389735,3701400.73,1785404,1859292
pk,2026-01-14,977406,251389,246649,1070003.49,844728,906487
my,2025-08-17,1038268,199607,243090,1510190.41,876948,917878
pk,2025-10-04,970377,255488,260902,1130488.19,836729,869457
hk,2025-10-04,350994,91002,77802,1644313.85,321349,333521
mm,2026-06-12,138649,34543,37541,261662.35,114948,128560
at,2026-06-12,111224,41102,34698,1077241.73,90449,102179
tw,2026-06-12,1385331,415060,449669,3671363.95,1255975,1322016
mm,2025-11-25,121005,27844,30583,188296.43,103056,108945
bd,2026-01-01,283200,63254,68471,331349.67,228426,256936
t3,2025-12-31,1916875,523555,299932,3257840.88,1633549,1836866
se,2026-05-31,215674,64824,56177,1728837.99,160691,203659
hu,2026-06-27,120919,37957,34225,754759.73,96030,109676
at,2026-03-28,112394,37913,32127,1049889.45,93784,100042
at,2026-02-08,141034,51824,42572,1303912.36,119292,127976
kh,2025-07-10,135517,26262,28742,159570.47,115554,118673
hu,2026-05-17,134338,40018,35649,764923.02,105455,122818
cz,2026-05-18,120173,37986,37158,675071.2,98599,106602
tw,2025-12-09,1197766,404092,448138,3534151.3,1127666,1146601
se,2025-10-06,146268,37782,32320,931102.65,106690,126243
se,2026-04-22,155294,44209,40921,1187285.79,129120,143615
se,2025-08-19,153884,39623,33363,962641.59,114193,133820
cz,2025-12-23,118292,36112,35307,722521.25,90999,103543
ph,2026-05-29,1434365,381894,417704,2663828.91,1229323,1321176
mm,2025-07-12,127697,30583,35296,210609.74,101640,108776
tw,2025-09-15,1337943,394303,427222,3426030.47,1225771,1247916
bd,2025-10-09,297516,66820,72415,320336.63,238064,268402
la,2026-01-10,31192,9718,10684,46551.31,26696,29305
at,2025-08-08,99828,35467,29784,902777.08,80486,87032
no,2026-03-12,81161,18381,18689,722472.15,70638,74207
cz,2025-09-28,150321,43098,41735,807197.19,102965,132028
kh,2025-09-28,136043,25965,28952,179629.1,112807,118313
t3,2025-12-22,1694389,559846,343135,3244385.41,1553135,1612790
at,2026-05-16,106936,36712,30486,984734.05,76397,81802
kh,2026-05-16,111244,26308,28588,181781.68,98124,100970
my,2025-09-14,931914,190673,210851,1353896.15,793188,842258
my,2025-10-08,987883,211773,235047,1382196.16,858336,889223
my,2026-04-20,951419,216598,248262,1540484.81,851693,883589
hu,2026-01-25,108911,32869,29371,576847.96,81510,99111
se,2025-07-11,162159,45848,37647,1126636.74,124460,139289
my,2025-07-11,1017941,202833,245057,1422409.01,876809,911770
hk,2026-04-09,302590,81110,65144,1269870.98,278473,285044
ph,2025-07-29,1139809,286141,317156,2049939.01,948211,1019951
no,2026-03-24,72739,15985,15490,580225.08,51029,54129
ph,2025-12-11,1226326,353588,385434,2405211.78,1067622,1147595
ph,2025-09-17,1272362,319771,361503,2295127.1,1083934,1164799
tw,2025-07-15,1434879,420543,460251,3952231.22,1283662,1313803
tw,2026-04-05,1414255,422422,458024,3895316.53,1318087,1345673
cz,2025-09-03,109683,32868,32077,550782.89,86970,93565
no,2026-02-03,73810,15620,15705,573036.72,64616,68367
tw,2026-02-03,1252005,418027,449354,3524824.86,1186187,1201534
t3,2026-02-03,1796722,560575,339375,3348625.04,1642879,1700139
bd,2026-05-26,304280,65521,70780,389384.51,222860,276272
kh,2026-02-17,135178,30302,32826,228045.91,118506,124293
my,2026-02-17,933545,200141,227454,1673626.53,816787,863045
la,2026-04-06,35902,9156,9917,39854.92,27384,32895
mm,2026-03-25,141586,33283,36807,243064.26,114859,127929
la,2025-12-24,27710,8866,9763,39583.16,23627,25547
pk,2026-06-09,1125582,292503,286935,1360306.57,972756,1014056
ph,2026-04-07,1237696,330169,365222,2252877.41,1076008,1136859
no,2025-09-02,69493,14765,13980,495171.19,57706,62238
se,2025-11-17,142174,38766,33307,961298.84,105179,124977
hu,2026-01-23,136013,42470,37661,712286.75,114801,123411
my,2026-02-15,934324,213738,235985,1663344.59,806636,867752
tw,2026-01-08,1275165,428425,460149,3660216.14,1197070,1215883
t3,2025-07-17,1777872,570793,368741,3394113.32,1544354,1625361
hk,2025-07-02,322374,76544,63820,1210029.95,290971,296623
t3,2026-04-03,2036939,648613,381354,3952461.78,1872261,1918334
pk,2026-06-06,1151011,299925,296600,1464715.36,991717,1031642
kh,2025-10-24,147984,26476,28782,168814.96,121504,126031
kh,2025-11-06,134938,24852,27158,172334.46,108945,115909
at,2025-11-06,104764,38121,32181,958614.89,85507,91439
mm,2026-05-11,132304,31184,34071,228105.46,104721,120963
sg,2025-12-12,228106,62693,58326,1194913.52,210429,215919
mm,2025-10-10,134552,32245,36083,224544.17,109628,118739
my,2026-02-01,966818,218352,243775,1642355.54,848172,901046
sg,2026-01-21,200084,59929,56162,1104696.3,188429,188783
se,2026-04-04,172947,44497,39843,1216839.95,133887,159168
pk,2026-04-19,1169599,310034,312712,1449857.96,1028598,1064344
mm,2025-12-26,124930,30227,33357,202521.95,107544,113270
kh,2026-03-23,108112,25108,27684,155053.16,93790,96574
t3,2026-06-03,1921200,593812,371544,3710502.05,1782800,1845922
bd,2026-01-06,273253,63974,69423,306913.87,225140,247552
my,2025-10-13,959391,207240,227344,1328875.31,829467,859035
kh,2025-08-26,146122,24811,27163,150119.05,124809,128471
se,2026-04-15,146562,41838,38613,1138086.18,112579,123940
bd,2026-04-15,284200,67343,72932,317392.47,233597,256589
sg,2025-08-11,244050,62839,62222,1247372.86,217996,220463
pk,2025-09-07,1015388,226352,227301,983115.31,750637,909169
tw,2025-11-08,1521013,492380,532189,4502871.6,1414029,1438401
la,2025-11-08,39273,9525,10395,44365.69,31505,36322
se,2025-08-25,185282,46532,39804,1153539.78,132726,158163
pk,2025-09-06,1022883,232011,236418,1019392.68,809487,914728
mm,2025-12-14,116723,30228,33634,216089.93,100908,106640
tw,2026-06-19,1374157,430148,467455,3957646.4,1254357,1298898
cz,2025-07-03,118557,35674,35188,611967.93,91940,98382
la,2025-11-22,34135,9897,10971,46821.04,29311,31308
tw,2025-12-03,1325690,409776,437467,3453071.22,1229659,1252900
no,2025-08-28,75852,17430,16323,581603.32,64144,68525
my,2026-06-01,1007302,213451,242048,1662175.22,851387,927833
my,2026-04-27,1002351,217725,250950,1564638.54,898120,926412
cz,2026-03-07,133258,40209,39103,799086.41,109690,117646
ph,2026-01-18,1241651,331840,363922,2391510.57,1031040,1161950
sg,2025-10-14,216865,62247,61826,1160511.67,198605,199499
sg,2025-08-27,209176,62560,61021,1175616.33,187843,188605
mm,2025-07-06,126783,29984,34542,207293.66,99376,108426
pk,2025-09-09,1006908,179489,176185,716617.68,679681,908342
se,2025-11-24,154292,42676,36110,1040534.06,118385,139156
cz,2026-06-13,137876,40195,38822,806017.44,108966,125877
ph,2026-03-04,1207942,327967,358672,2248734.69,1063278,1120068
no,2025-08-01,79894,18600,17493,646961.35,65563,69845
my,2026-03-19,962705,169706,199489,1490710.48,724990,860071
bd,2025-07-09,330889,52785,55809,232442.13,181717,297426
la,2025-07-09,33782,8596,9767,38406.83,27101,28766
t3,2025-12-19,1757676,599440,367842,3530239.39,1620128,1672959
cz,2026-04-12,130089,39130,38540,788326.25,103068,115201
mm,2025-12-04,173637,36606,40941,241222.67,148396,159709
tw,2026-03-05,1307724,404563,434667,3428437.83,1187373,1215956
tw,2026-04-11,1378936,479829,522520,4298835.53,1307054,1324463
t3,2025-11-12,1781847,595319,375984,3517252.82,1627898,1679696
hu,2026-06-29,145629,41119,34799,704427.14,95270,115330
at,2025-08-18,94391,31582,26902,792966.5,73397,80771
my,2025-08-15,1028809,216012,240173,1464405.13,882077,921721
t3,2025-08-15,1879019,634904,388889,3674925.06,1658160,1742792
hu,2025-08-15,135092,42416,37757,674614.85,102497,112026
t3,2026-05-04,1969215,601513,368578,3569735.75,1833656,1894992
no,2026-02-21,95204,24333,23406,952645.41,84316,88221
ph,2026-03-03,1220557,323447,353252,2208965.6,1076754,1129301
my,2025-08-03,1061681,224036,250906,1562109.31,905182,946691
bd,2026-05-19,304437,69282,75424,334492.75,253532,273472
kh,2025-10-18,147641,27324,30204,186100.07,119367,123796
se,2025-08-02,189849,53803,43226,1304434.66,140066,163815
la,2025-07-21,34331,9145,10289,40670.35,28116,29259
pk,2026-04-10,1165199,297717,295562,1359680.35,998723,1059173
hu,2026-02-22,117356,36643,33380,650457.34,88330,105887
cz,2025-09-27,118777,37052,36323,718751.71,93733,103601
la,2025-09-27,34339,9731,10818,45422.53,29127,30741
cz,2026-06-27,132419,37815,36104,762374.05,102843,120016
sg,2026-06-27,270775,83399,83413,1832598.95,252573,253468
tw,2025-11-10,1455722,423743,456276,3741813.26,1328124,1371458
ph,2026-06-23,1260261,317202,345650,2146619.31,622508,661652
hu,2026-02-08,117319,36722,33035,672999.83,87897,106635
hu,2025-12-20,131592,42841,37726,778087.03,108521,118624
ph,2025-08-31,1352187,341625,383219,2551725.33,1048178,1235168
my,2025-08-31,1118152,221175,245457,1602153.56,940815,1014764
t3,2026-01-12,1979695,570344,295031,2857890.15,1710433,1900851
cz,2025-11-13,133319,43115,42533,776030.43,106771,114068
kh,2026-03-15,113692,26143,30563,194352.6,99873,103375
sg,2026-01-27,198490,60089,57154,1112494.43,186279,186629
cz,2025-07-23,114132,34852,34198,590568.36,88392,95832
tw,2025-09-11,1299981,403969,438726,3565666.8,1202401,1218711
t3,2025-11-02,1985560,648701,389578,3997368.63,1794404,1879542
no,2025-11-02,126451,34372,32250,1139012.05,107136,115800
se,2026-02-05,172938,46390,40833,1252907.24,141208,158085
mm,2025-07-27,131220,32572,36323,220152.47,105427,114763
pk,2026-04-08,1138242,293372,285759,1272188.39,953319,1030874
no,2025-07-12,74900,18295,17524,641242.24,60541,65861
cz,2025-09-29,112964,34524,34508,595405.35,87294,95764
no,2026-01-10,96916,23554,23248,895996.5,86377,90523
sg,2025-08-08,250489,72697,73197,1473405.94,225472,226358
se,2026-02-06,218137,64075,54560,1761226.86,182819,200766
pk,2026-01-25,1033699,277851,280552,1239783.3,909234,949361
pk,2025-07-11,936434,216339,226514,940766.84,766558,818666
la,2026-03-24,33747,8243,9085,35894.81,25916,30977
at,2026-05-12,104609,36474,31119,940821.44,89355,94471
hk,2025-09-17,316948,77505,61625,1220035.75,285731,294919
at,2025-11-18,98297,35043,29490,875409.45,80910,86737
ph,2026-06-08,1211326,314531,342125,2094701.37,1024723,1110780
tw,2026-06-08,1302526,397091,425688,3445279.21,1184509,1238790
kh,2025-07-14,135847,26134,29121,157675.37,115282,118897
t3,2026-05-28,1745339,456681,247515,2645499.08,1373706,1677948
cz,2025-09-02,112956,33954,33280,572830.14,89189,95770
at,2025-09-02,100893,33672,27051,808267.17,74633,81692
la,2025-09-02,34478,8949,9886,39303.32,29415,31239
ph,2025-11-17,1241854,325126,360247,2210343.58,1056990,1131755
at,2025-09-01,97262,33204,28166,853298.55,72455,79131
t3,2025-09-01,1836385,608254,382020,3553357.23,1640621,1728261
ph,2026-01-23,1284651,347439,380617,2398058.28,1142342,1203441
hk,2026-01-23,343245,87766,67396,1377098.95,321662,327658
no,2026-02-15,130681,33487,32873,1257464.34,113198,122593
kh,2026-02-15,119618,27855,30445,202427.52,104836,109346
ph,2026-01-08,1138114,318215,347384,2168791.41,990307,1055444
kh,2026-01-08,96076,23689,25442,148040.79,86551,88962
se,2026-05-24,205502,66229,56993,1703334.77,158964,192102
no,2026-04-18,92306,25378,24704,1013970.52,83631,87128
cz,2025-08-23,121523,37288,35939,684043.18,87593,97209
se,2025-12-27,188047,58763,48708,1548797.13,151368,172834
kh,2025-12-27,89787,22998,25134,160361.32,79931,82556
hk,2025-12-27,306959,79664,70139,1447099.94,283723,291744
ph,2026-01-20,1158989,312508,341089,2101849.85,1011971,1075597
pk,2026-01-20,913216,238237,237676,1027415.22,801996,832835
t3,2025-09-05,1859647,629266,393108,3749868.12,1676852,1752652
tw,2025-10-24,1711278,482026,525360,4396722.83,1534872,1615694
tw,2025-11-06,1370705,417209,446417,3618687.41,1270574,1287192
ph,2025-09-19,1289403,332539,376066,2440675.78,1086581,1187817
la,2025-12-12,28310,8868,9726,39850.18,24361,26535
hu,2025-11-05,130747,39878,35860,639634.82,109359,116889
t3,2026-05-10,2236941,674368,404425,4216552.86,2071572,2156813
tw,2026-05-10,1479877,456521,497957,4358332.06,1377459,1414192
hu,2026-05-10,133126,42664,38534,844110.96,102797,121932
tw,2026-04-30,1300691,398457,430579,3424160.77,1192267,1233983
t3,2025-07-16,1754308,555052,359420,3328416.71,1520783,1602587
ph,2026-02-01,1309270,357330,391835,2533914.32,1137996,1222316
hu,2026-02-01,119322,33448,29895,585547.2,88498,108285
hk,2026-02-01,392581,114128,101958,2047923.47,365366,375935
se,2025-11-30,212952,66700,55031,1658545.98,164852,195394
sg,2025-11-30,270545,83098,83779,1730647.28,250397,252551
se,2025-08-22,220683,61437,50422,1525085.26,172010,192554
ph,2025-08-22,1322909,317381,353513,2285488.21,1034952,1199969
cz,2025-09-18,122013,38900,38506,673454.03,95694,103939
t3,2026-05-22,2013972,642855,387907,3934133.9,1882673,1936406
sg,2025-10-27,217343,62314,60954,1155991.51,197059,198573
cz,2025-07-19,110198,33434,32051,610730.8,84407,93240
bd,2025-07-19,300418,62290,68066,296176.16,223071,266910
tw,2026-01-06,1303943,423168,453958,3564768.25,1213879,1242291
tw,2025-12-01,1289207,403538,431344,3390373.07,1190350,1215365
hk,2025-12-01,288911,79964,63231,1232722.04,264067,271340
kh,2026-04-01,114950,27679,30005,172525.54,102402,105136
hu,2026-04-01,136318,41552,39319,744674.17,114731,123384
sg,2026-03-20,273892,72073,73943,1522529.7,247160,250420
hu,2026-06-18,128109,43515,39970,800386.26,104651,115190
hk,2025-07-18,355903,83082,68368,1433728.18,321447,328604
kh,2026-04-02,113338,27794,30187,173027.61,100613,103682
pk,2026-02-14,1084433,287924,289781,1310381.62,947602,984599
ph,2025-10-12,1313938,350749,397234,2613173.27,1111282,1210198
la,2025-09-06,35084,10023,11142,45823.59,29253,31565
cz,2025-10-26,132220,38852,38017,742327.47,91876,107258
t3,2026-04-16,1953385,658201,424759,4034746.71,1840282,1880945
bd,2025-08-10,281451,60937,65707,277534.72,212333,245720
t3,2025-07-28,1815287,589785,363631,3404955,1558088,1650233
my,2025-07-28,988055,205023,230947,1359993.71,844008,878056
mm,2025-07-28,125660,31536,34846,198481.21,101759,108121
t3,2025-07-07,1772294,562066,367399,3367972.3,1525699,1607997
no,2025-11-22,104960,27260,26002,982966.96,93073,97352
se,2025-12-03,155429,44197,37489,1097169.29,126715,141290
hk,2025-08-28,343132,83980,68128,1348996.03,310021,319539
ph,2025-08-14,1208620,312764,349812,2238490.04,1008556,1092808
pk,2025-08-14,1182626,247477,238768,1005499.93,889181,1037263
hk,2025-08-14,363192,77961,59131,1168121.46,286775,340182
sg,2026-06-01,296200,88069,88075,1842078.82,273452,276636
t3,2026-02-11,1818250,597348,366408,3507382.69,1699423,1748327
ph,2025-11-21,1330687,358505,397373,2519043.47,1143658,1226979
kh,2026-03-06,109013,26443,28673,175082.96,95791,98628
la,2026-03-06,33247,9920,10928,47583.69,28114,30439
cz,2026-06-02,111760,34929,34547,625024.68,91059,100625
at,2025-07-31,102177,36099,30493,920157.09,81191,87391
no,2025-08-27,74225,16491,15207,533997.4,61879,66754
t3,2025-08-27,1780407,606683,390750,3624074.71,1603671,1675709
se,2026-01-05,182730,46429,38159,1196896.86,131882,166856
ph,2026-04-14,1271764,344896,380612,2332643.18,1123078,1182946
bd,2026-04-29,347925,71196,74470,335273.5,256432,317050
pk,2025-12-02,932467,244406,240734,1035966.62,812643,843071
tw,2026-01-31,1460222,478582,522713,4270521.06,1359574,1397504
hu,2025-11-20,139168,42585,38212,667907.12,117318,125777
tw,2026-03-04,1268753,380360,408224,3203737.78,1166356,1210507
se,2025-07-09,144089,37401,31269,901318.75,106932,122256
sg,2025-07-09,210464,58581,60167,1160084.03,186944,188308
no,2026-01-02,83220,18271,17684,674881.99,71997,76782
bd,2026-06-28,306071,69545,74939,339305.55,244401,278568
mm,2025-10-02,127595,31683,36179,221324.64,105006,111690
no,2026-04-12,120215,32140,30716,1195481.06,105470,112913
my,2025-10-16,1012426,221804,244827,1484443.69,871217,908692
my,2026-06-15,882122,207422,234931,1434119.18,776407,811519
sg,2026-06-15,232847,68641,62525,1249542.65,213764,215545
no,2026-01-17,103636,25033,25020,945603.92,92546,96890
se,2026-03-02,145838,38793,34631,1045540.8,109654,130887
hk,2026-03-02,315773,81444,64198,1235449.27,284442,298299
pk,2025-08-15,1017620,221558,218363,912132.5,771628,886093
sg,2026-05-04,242146,71120,65907,1294422.74,224890,225612
my,2025-09-10,936822,194986,221562,1276236.35,809685,848946
mm,2026-06-26,140464,35377,38620,280234.2,117001,129931
ph,2026-05-05,1307235,350474,385924,2336226.77,1150615,1217363
cz,2026-05-05,120044,36052,35474,639347.7,101388,107475
pk,2026-05-30,1146642,280532,274237,1313126.18,959197,1031773
hk,2026-05-30,378725,97525,83887,1806051.29,351196,358773
t3,2026-03-17,1880908,517293,353359,3655206.81,1567618,1638580
t3,2025-08-03,1856949,595136,365835,3716936.15,1579250,1710188
ph,2025-07-22,1379572,239978,260180,1681296.05,784928,1226417
la,2026-01-15,30079,9352,10251,42052.51,26494,28404
my,2025-09-24,913459,196667,221548,1273996.68,802320,829466
no,2025-09-24,71839,15682,14817,529263.42,60808,65184
mm,2025-09-24,129287,31142,35503,207206.96,107996,113331
cz,2025-11-25,125570,40075,39659,711746.83,102402,109420
tw,2025-09-23,1451237,403855,435612,3534693.51,1318696,1370895
hu,2025-10-18,136621,42085,36853,716281.51,112996,122875
at,2026-01-01,159382,52508,40519,1320832.36,128406,145771
my,2026-01-01,952634,216854,241863,1607318.12,851719,892795
no,2026-04-10,86476,21225,20573,850327.57,77055,80290
cz,2025-12-31,116783,26975,25487,564327.68,70632,97428
mm,2026-05-31,137494,34234,37507,268979.67,110379,127297
mm,2026-01-26,114854,27903,30767,182316.8,97436,104715
t3,2025-08-06,1850273,621796,390281,3700036.67,1616166,1705316
pk,2026-05-02,1192764,311597,309744,1472731.13,1038602,1087202
my,2026-03-14,903324,176412,218844,1564246.17,752180,806491
la,2026-06-23,35834,10816,11978,51132.17,10969,12968
t3,2025-12-20,1839191,618045,383850,3841307.94,1697876,1754621
se,2026-03-29,220103,65852,56855,1716441.25,168452,199905
hu,2025-11-13,141329,44510,40042,699455.32,110963,119154
tw,2026-03-15,1521292,459519,530049,4445294.7,1391692,1424931
hk,2026-06-10,310645,81312,64480,1316414.21,287140,292249
hu,2025-07-23,114499,33131,29903,507853.46,88088,93855
mm,2025-07-23,127543,31069,34689,198338.72,104559,111236
no,2025-10-31,92114,23570,22265,844524.57,73693,77867
my,2025-12-08,864090,213858,239333,1418580.64,778809,808437
se,2025-12-23,160080,47148,38712,1286108.12,123061,144835
hk,2025-12-23,306682,77540,62890,1282553.85,283213,289444
hk,2026-03-26,321655,83825,66046,1324437.07,295724,300962
bd,2026-03-01,260244,50324,54296,252610.22,209164,238569
no,2026-06-21,118883,33532,31096,1244927.5,3068,4038
sg,2026-05-14,251188,75461,70199,1372065.23,233331,234143
hk,2025-07-27,378883,100135,91606,1866733.66,344462,351748
cz,2025-10-20,116191,36517,36447,626199.95,85559,93360
sg,2026-05-29,255951,78209,74251,1513213.85,236571,237308
hk,2025-07-12,384606,93240,85306,1749223.48,353185,360948
sg,2025-11-16,293517,82725,83021,1717309.05,271446,272644
bd,2025-09-15,284759,62507,68442,283883.96,217420,252214
se,2025-09-15,153504,39112,33868,981558.93,111157,132050
hk,2025-09-15,302017,74653,59280,1177370.34,272080,281313
cz,2025-10-09,124977,39711,39557,698276.79,98672,106793
ph,2025-10-09,1244379,323627,362971,2270071.62,1074403,1148107
kh,2025-10-09,148453,25261,27687,160824.99,117575,121543
t3,2026-01-24,1875905,593072,356261,3623842.85,1711194,1811555
cz,2025-11-01,132166,39662,38593,768561.16,104830,114806
my,2025-08-07,985870,211258,236795,1411928.26,847073,877680
tw,2025-11-15,1524441,480011,523903,4408821.23,1406473,1438667
tw,2026-05-16,1401430,465864,507408,4247533.09,1311942,1327884
no,2026-05-16,93798,25285,24058,1021970.4,69149,72558
cz,2025-09-14,134222,41034,39889,779487.32,96895,116825
hu,2026-04-20,111993,35071,33212,624923.79,93995,101473
t3,2025-07-26,1762953,585602,370018,3535320.41,1530843,1616911
hu,2025-07-26,113111,31814,27660,526578.47,86571,93989
ph,2026-04-09,1334776,360358,399826,2521480.42,1171558,1232650
ph,2026-03-24,1185244,320631,355976,2224140.39,1039976,1092505
cz,2025-12-25,104178,18239,17325,364465.69,41714,87214
pk,2026-02-03,922280,250434,247981,1103609.91,821255,859142
sg,2026-02-03,204339,60055,56659,1132834.11,192903,193240
kh,2026-05-27,110951,27738,29008,164431.06,98160,101100
sg,2026-06-08,253748,69083,62880,1235077.48,229203,235873
ph,2026-04-06,1226976,324810,358534,2180579.71,1065578,1126987
bd,2026-04-06,299641,68766,74483,332134.05,245582,269779
cz,2025-12-24,59979,5068,3903,88575.21,15065,38409
pk,2025-12-24,944544,255384,253632,1119568.6,817970,845543
kh,2026-06-09,107636,24777,26642,154172.2,95607,98348
hk,2026-06-09,315312,81645,65383,1325820.08,287979,297064
mm,2026-05-28,136323,34726,38064,270229.42,111614,126133
pk,2026-05-28,1123326,254736,243567,1198655.36,897641,1017050
tw,2025-11-17,1382291,409201,441234,3537259.85,1260299,1299095
at,2026-02-19,101925,35297,29465,889881.95,85297,90849
la,2025-09-01,34491,9160,10127,40265.54,28579,31202
mm,2025-09-01,122699,30202,33778,200103.36,100924,106188
my,2025-10-21,1042355,222162,244452,1495118.21,898155,944718
hu,2025-07-02,123587,36606,33974,591503.54,96408,102211
se,2025-07-02,157086,41690,34743,995310.27,118899,135893
sg,2026-06-20,266047,79092,78381,1710600.29,243907,244510
ph,2025-08-23,1257114,316668,367231,2481120.17,1030478,1121662
cz,2025-12-27,124723,35600,34395,708615.91,97727,110592
hu,2026-01-20,114370,35446,31555,554256.77,93746,103169
at,2026-01-09,121585,40524,31273,990693.62,99551,109920
pk,2026-05-11,1069074,269701,266141,1212182.83,910289,964051
at,2026-02-16,103645,34431,29756,888007.14,85458,92059
sg,2026-02-16,234724,51195,50397,1170085.57,210815,218484
cz,2025-10-10,144203,45782,45028,845016.27,110882,124330
no,2025-11-05,73740,16204,15216,534768.1,63173,66743
hk,2025-11-30,365445,109588,96870,2005265.42,335624,348189
ph,2026-01-21,1129755,314291,343026,2100925.89,1002330,1059518
no,2026-01-21,73958,17099,17241,613235.97,64716,68262
pk,2025-08-22,1028224,234923,232624,996216.13,849951,896917
tw,2025-07-01,1450436,432551,470594,3999267.78,1315520,1339536
tw,2025-12-26,1339223,435766,465716,3678738.09,1243384,1275790
se,2026-06-03,163751,44445,39411,1156199.79,129640,153589
la,2026-06-03,37295,10887,12118,52704.81,31252,35120
hk,2025-08-26,326642,79988,65415,1279341.22,293259,302822
tw,2025-07-30,1456453,416165,448786,3796940.25,1297736,1341767
t3,2025-12-01,1738794,549037,336811,3297426.3,1592352,1650630
mm,2025-12-01,129988,31411,34836,207240.25,112090,118376
ph,2026-06-18,1276978,339385,370141,2326256.68,1105795,1171278
t3,2025-08-25,1782176,600510,378906,3505601,1589224,1673569
bd,2026-02-14,280199,65713,70926,341664.78,235050,257812
pk,2026-01-07,977124,260484,256339,1118443.62,849498,886961
tw,2025-10-26,1646309,500613,544178,4597540.93,1506104,1554097
kh,2025-10-26,142236,26143,29611,183227.55,115503,120343
hu,2026-06-19,132795,45083,41511,863494.48,107106,119075
kh,2025-11-07,140132,26232,28319,165209.18,114365,119668
mm,2025-08-24,125834,31092,34616,214813.68,102064,110005
my,2025-10-01,1001485,209942,235408,1410997.07,866182,909882
ph,2025-07-07,1131254,272244,307304,1958555.97,951466,1015853
hk,2026-04-13,299964,80986,63622,1239772.22,277041,282384
mm,2025-07-03,123896,30474,34869,198076.82,101509,105852
bd,2025-11-22,270770,63549,67992,301463.54,220027,243991
my,2025-10-11,1069262,229059,259967,1567073.76,921627,963719
at,2025-08-28,99696,35799,29761,904274.53,74821,80833
la,2025-08-14,36000,9843,10860,41517.33,30585,32499
pk,2026-06-01,1092972,275806,266213,1247288.92,918930,984525
at,2025-08-13,90067,25629,27927,822699.09,68539,74548
se,2026-05-20,161860,44721,39819,1151386.74,132079,149495
ph,2026-03-06,1319052,362345,396750,2550333.71,1153748,1211282
hu,2026-06-02,116350,37889,35064,703545.55,94527,105193
kh,2026-06-02,138315,33160,35942,192184.88,124497,128014
la,2025-10-14,33415,8319,9088,36753.54,27439,30494
at,2025-10-28,92833,32219,27519,818968.43,74631,80428
my,2026-01-05,878380,210279,234663,1443142.39,782423,813634
no,2026-04-29,68185,16786,16102,630144.57,60395,63412
t3,2026-04-29,1939202,629232,406532,3796316.95,1817832,1864776
sg,2026-01-31,252334,77914,78146,1664167.09,236787,237684
mm,2026-02-12,125145,32020,35416,229803.24,108239,114673
tw,2025-09-08,1306375,390460,422581,3373538.97,1193332,1214453
mm,2025-09-08,134039,31194,35019,204781.97,111382,116819
tw,2025-11-20,1314568,415397,442064,3554810.29,1223109,1239880
sg,2025-11-24,218918,61808,59775,1156131.07,197709,201468
pk,2026-05-07,1110639,293075,291332,1341804.5,982943,1013893
se,2026-03-04,155136,41608,36834,1108295.07,124496,140778
mm,2025-08-01,141559,35992,39603,241941.84,115265,123330
at,2026-03-30,106156,35139,31085,956004.13,86303,93332
no,2026-05-21,77909,19701,18522,735192.78,68771,72500
kh,2026-02-23,116817,27125,29131,165787.37,103278,106920
my,2025-12-04,1009320,221773,240254,1468214.43,892764,937001
t3,2026-06-14,2149938,636206,373328,3959256.32,1951743,2072990
la,2026-03-31,34188,8564,9375,39088.67,26729,31072
mm,2026-04-11,127013,31964,35348,256937.06,106066,116116
cz,2026-01-17,154849,46715,45217,941467.45,127140,138581
tw,2026-01-17,1407124,488419,531242,4430555.7,1340541,1355769
at,2025-09-21,124439,44851,35743,1068475.65,103348,111102
bd,2026-05-08,331735,78229,84401,410639.09,263372,303111
se,2026-01-03,196615,53946,44798,1439117.53,158321,181244
tw,2026-06-11,1357338,400376,431697,3491871.8,1228621,1286188
cz,2025-10-05,119716,36324,35870,699384.23,89367,103900
ph,2026-03-02,1210773,320996,349876,2212035.78,1059043,1114171
hk,2026-04-23,314610,83988,66276,1301855.26,289165,296857
no,2026-01-28,76344,17180,17269,625323.6,67083,70485
hu,2026-02-24,111953,35124,32328,576833.7,95635,101552
hu,2026-05-04,113216,36001,33381,644555.13,95261,103204
t3,2026-02-10,1826279,589740,360029,3461391.58,1699076,1749933
at,2026-03-16,103601,28852,29730,889208.48,84338,90895
my,2026-03-16,896674,167118,205835,1423345.69,724912,802450
hu,2026-03-16,118218,29016,33499,584675.06,93431,105029
hk,2026-03-16,318691,74928,63440,1266684.18,288636,297028
no,2025-09-10,68744,15499,14566,512218.57,57757,61942
pk,2025-08-04,904937,220301,218404,916758.52,736292,782724
bd,2026-06-26,331096,76132,82400,407483.09,254507,302439
se,2026-05-05,146460,41364,37306,1060536.51,118917,135348
tw,2025-08-17,1594459,460759,531753,4682976.55,1434775,1469634
mm,2025-10-04,124686,31611,36074,235668.46,100990,109049
my,2026-03-17,916800,172429,209443,1470293.83,720647,821014
my,2025-10-19,1076565,216605,233495,1515712.15,891405,968487
hk,2026-01-29,304729,78569,63142,1235691.82,283746,288734
hu,2025-07-22,110917,31664,28813,487208.88,85434,90597
kh,2026-01-15,100360,25132,27175,156123.44,91371,93579
at,2026-05-19,89679,31884,27129,799439.81,75326,80522
sg,2025-09-24,208870,62251,60856,1151929.4,191651,192238
pk,2025-09-23,856261,218070,223215,894173.09,737045,762852
se,2025-10-18,211467,64653,53047,1645773.88,165489,186871
kh,2026-04-10,103311,29256,32631,204313.69,95390,97921
la,2026-04-10,33944,8913,9487,40472.36,25710,31747
ph,2025-12-31,1638143,295849,318934,2812000.75,920079,1542050
kh,2025-12-31,120449,28242,29955,204147.4,97369,112330
cz,2026-02-22,136013,40082,39088,795473.4,108327,120022
pk,2026-02-22,838014,190946,193174,901457.43,678151,743289
at,2026-05-31,150025,53049,40884,1257805.12,121862,139855
at,2025-11-10,96057,33832,28870,853628.69,77286,83547
no,2026-01-26,71775,15419,15657,559261.52,61557,65321
hk,2026-03-28,355246,97256,84769,1756783.44,327641,334616
t3,2025-10-07,1838731,581298,349598,3330395.85,1670157,1738037
pk,2025-07-24,930176,218518,218255,879812.01,754143,817728
tw,2025-11-28,1297335,422874,452163,3628099.61,1210373,1223817
my,2026-06-24,952228,204762,229937,1429998.19,789780,839913
t3,2026-03-15,1987375,536654,368105,4028796.58,1644655,1753288
se,2025-08-05,150506,39949,33448,966662.94,109092,129224
hu,2025-09-26,128185,40422,36106,651339.43,100386,107228
sg,2026-06-10,242002,72363,65562,1304335.54,222966,224886
cz,2026-01-27,126024,37472,37159,671368.45,105163,111577
mm,2026-05-18,132567,33357,36583,243358.12,111642,119885
tw,2026-05-18,1171899,382113,410816,3235542.19,1095635,1107880
at,2025-10-06,100682,35227,29597,878994.33,79954,87957
hu,2026-04-22,123678,39019,36830,687266.39,106334,112111
kh,2025-12-23,91616,23380,25391,148591.29,82218,83881
pk,2026-03-01,860655,217505,219908,1039537.48,712460,778079
no,2026-05-14,130775,34077,31769,1298517.88,114437,123512
no,2026-02-05,76019,17376,17381,642851.74,66897,70076
sg,2025-07-27,266609,81003,83584,1701573.45,240182,241321
pk,2025-07-27,978973,243366,245229,1031608.73,810964,855270
sg,2025-10-20,268712,79863,81975,1686866.36,247794,248694
t3,2025-11-16,1939591,625499,377430,3891275.06,1747239,1833950
my,2025-11-16,1072854,218076,235077,1489511.74,896574,977437
t3,2025-09-15,1769243,575047,337327,3163441.69,1594888,1667182
t3,2025-08-08,1842346,624925,390645,3665893.23,1621007,1709214
se,2025-08-08,172530,50439,41192,1227077.42,132406,149362
tw,2026-05-01,1383256,456231,496838,4122626.51,1308466,1324117
ph,2025-08-07,1153162,302105,335014,2125406.44,975300,1038743
pk,2026-03-27,1161879,296050,293800,1324484.57,963324,1042670
sg,2026-03-27,270749,79195,75761,1539148.28,245656,248724
la,2025-10-23,32784,8999,9982,40297.03,28607,30004
t3,2025-12-11,1739150,579806,355886,3375344.34,1603229,1662235
kh,2026-05-12,113002,26587,28845,170457.38,101372,103835
bd,2025-11-18,289649,64972,70245,289661.9,235844,259843
at,2026-06-08,98496,34280,29464,877860.81,78091,90289
tw,2025-07-14,1359794,411159,449222,3806964.72,1228902,1254734
bd,2026-02-04,282112,64609,69692,326536.62,236159,260471
my,2026-03-25,1167599,227554,250745,1789429.1,876328,1072337
no,2025-12-24,34595,2423,1856,69808.1,12822,23534
ph,2025-12-24,1585159,338479,374845,3299952.85,1032020,1470913
mm,2025-11-03,138075,30936,34238,222158.73,109542,123250
hk,2026-02-19,375442,86683,75936,1756322.74,319512,359341
hk,2025-09-01,323165,79043,63415,1237035.33,290814,300498
t3,2025-08-20,1808366,608713,388235,3617662.47,1624058,1700785
la,2025-10-25,34480,10129,11225,47465.5,29916,31891
sg,2025-10-25,258648,78431,79684,1635661.26,235559,241529
hk,2026-01-08,298096,81520,64738,1259497.04,276313,281706
hu,2026-03-10,124529,37787,35025,647220.48,86689,92913
tw,2025-07-02,1460950,426779,466485,3929164.28,1319624,1349661
pk,2025-08-23,1017318,239527,238467,1015603.27,835852,885002
cz,2025-09-05,129813,41342,40297,727750.34,102542,111412
bd,2025-10-24,307875,70772,76589,350638.3,232770,273819
se,2025-09-19,208210,61484,50670,1548288.38,162472,183076
la,2025-09-04,33873,9263,10307,39984.46,28665,30834
cz,2025-12-12,165297,53995,52528,1010718.27,134262,147296
hk,2025-12-12,303083,82440,65795,1337354.75,282923,289276
kh,2026-02-16,120632,27312,29583,196389.22,104058,110713
no,2025-10-10,88960,22524,21138,795617.1,76376,80847
hu,2026-04-30,135468,42398,39704,794773.23,111791,123481
kh,2025-11-19,140705,24762,26594,153523.36,121932,126006
hu,2025-07-01,119401,33638,31247,538777.91,92537,98467
se,2025-09-18,166552,47035,39782,1162895.88,125323,144415
bd,2025-12-26,254881,63104,68174,306582.72,197017,229257
hk,2026-05-22,323756,82676,65171,1351153.7,298560,305098
hk,2026-02-02,301652,80190,63780,1214849.29,281150,286706
bd,2026-06-03,307583,71408,76724,348748.24,234314,280026
bd,2025-10-27,281859,63412,68313,283332.78,224858,249269
la,2025-07-30,35009,9322,10312,40407.57,28753,30536
pk,2026-03-20,1012959,203024,219799,1207687.19,760413,912347
la,2026-03-20,33982,8004,9140,37531.43,25474,30667
t3,2026-02-27,1817056,555854,359064,3488228.23,1684252,1748573
se,2026-03-09,139760,36030,32311,972174.16,106584,125666
no,2026-02-13,99163,23337,23283,932269.74,88630,92533
pk,2025-12-15,862199,239057,236531,1004510.51,742261,776733
sg,2025-08-25,216863,61841,61296,1165322.43,192764,193516
my,2025-07-04,1044416,207847,240467,1471317.76,895056,931394
hk,2026-02-28,379765,97453,83847,1738755.28,322071,364589
no,2026-04-16,71858,17625,17325,669330.59,63997,66746
se,2026-04-17,182632,57372,51655,1625747.12,155542,169561
mm,2026-06-05,134277,34126,36958,256916.09,108169,123221
ph,2025-11-07,1295604,346195,384880,2501027.91,1108859,1187878
no,2025-07-28,70418,15428,14543,521787.43,55953,61271
t3,2025-08-24,1842085,609213,375585,3748213.18,1615533,1739362
se,2026-04-13,143193,37094,34098,987904.27,111447,130262
hu,2025-08-28,114058,36765,32732,565473.98,88123,94783
at,2026-03-07,113258,39108,32736,1040536.17,95083,101663
sg,2025-10-29,217274,64380,62139,1199232.96,198825,199422
cz,2025-09-20,123677,37450,36051,698851.65,91900,106999
bd,2025-11-21,289339,69775,74598,341716.08,223924,261767
t3,2025-11-21,1800828,599127,365773,3513246.34,1653282,1707844
t3,2025-10-15,1808750,601862,368446,3470387.39,1622217,1684204
at,2026-03-06,115010,41770,35505,1102955.15,91271,97126
no,2026-03-06,86940,21882,20750,835711.21,72829,75943
cz,2025-10-14,127365,39054,38888,680539.01,100651,109072
my,2025-10-14,968205,207471,230601,1350753.8,838722,872410
tw,2025-10-28,1482828,415655,444014,3564205.09,1324836,1387581
ph,2026-01-31,1306750,366688,402311,2649893.78,1143927,1219731
no,2025-07-06,107768,27939,26302,935427.69,86929,95744
la,2025-09-09,32711,8341,9210,35750.69,27651,29747
at,2025-09-08,100752,32593,28053,814082.32,80567,87539
no,2025-09-08,67595,14202,13374,474340.72,55861,60505
cz,2025-11-20,127781,41669,41315,744656.37,104433,111728
hu,2025-08-01,119519,37232,32975,593621.67,91440,97828
kh,2025-12-30,99932,25320,27663,159390.01,88915,92347
pk,2025-12-05,962139,260508,257784,1133590.13,850114,882067
tw,2026-04-12,1428403,490638,534525,4430879.79,1347510,1370096
no,2026-04-26,119019,32999,31293,1227271.98,105514,112583
hk,2025-11-12,315042,81460,61880,1222112.53,287051,294609
mm,2025-10-05,129196,30497,34482,229718.47,101976,113112
sg,2026-03-02,232115,59932,55149,1102392.23,212808,215123
tw,2026-01-28,1283171,418833,455240,3503197.81,1203906,1225038
at,2025-11-26,101968,36879,30845,919774.79,85496,91069
la,2025-11-26,31842,9027,9924,40670.74,27651,29310
hk,2025-09-25,317527,80238,63459,1264356.61,287435,298125
ph,2026-02-10,1235223,314027,341771,2137075.49,1076157,1144691
cz,2026-06-25,130300,40254,39286,744378.83,104651,117972
my,2026-02-21,706763,137532,153333,1071800.95,614329,650513
sg,2025-08-17,281117,78291,85958,1772076.78,254978,256193
cz,2026-05-30,124663,37488,36071,743977.1,98145,113299
kh,2026-03-03,110653,26411,28644,169851.68,98318,101167
no,2026-03-17,80281,14940,16014,611127.44,69457,73195
cz,2025-07-22,115245,34146,33387,578217.5,88747,95330
tw,2025-07-22,1400413,418131,452599,3870942.27,1261475,1285231
tw,2026-05-19,1187032,383696,411881,3218394.27,1112786,1123587
hk,2025-09-23,334093,51923,31823,622843.7,180341,319436
sg,2026-03-18,250872,64967,67322,1340935.46,222947,224075
at,2025-10-18,108034,37093,30176,960015.13,89554,96157
tw,2025-07-21,1488627,429781,465797,3979238.82,1314910,1378063
la,2026-05-31,38889,11240,12532,56587.23,31193,36710
la,2026-06-27,37546,11683,13090,59914.56,30828,35341
pk,2025-11-10,862263,225893,224278,932567.84,741891,770433
ph,2026-01-26,1138084,303595,330054,1988753.2,996472,1053231
se,2025-10-07,150376,40587,34568,1003206.96,114742,131715
ph,2026-02-08,1329056,358141,392452,2582383.61,1152051,1239708
my,2026-02-08,978547,230801,253424,1683655.74,853432,914921
ph,2025-07-24,1336385,277306,305072,1999881.49,970740,1214863
tw,2025-09-12,1366793,418885,455270,3739305.9,1265404,1282318
sg,2025-11-28,238351,66932,63843,1298698.16,209558,222713
sg,2026-04-21,246277,70088,64403,1231913.33,227869,230205
tw,2025-08-30,1519809,481559,527282,4489879.91,1394025,1420508
hu,2026-06-24,119886,39112,36109,705583.5,97895,108260
ph,2026-01-12,1090677,301328,328735,2030486.5,956522,1013395
cz,2026-05-03,117741,34923,34455,697996.56,93593,105467
cz,2025-09-26,131083,42295,41932,771192.68,103920,112139
mm,2026-02-09,119936,31463,34681,210600.38,104443,109972
bd,2026-01-13,264923,63216,68535,294872.85,226429,245288
ph,2025-07-27,1262110,312103,347052,2318256.93,994594,1137776
kh,2026-04-08,109850,27865,30438,172547.08,99082,101771
t3,2025-07-12,1752439,554133,365454,3467104.96,1522537,1602056
kh,2025-09-29,146480,24758,27107,149320,114464,119860
ph,2026-01-10,1253799,350292,383396,2534090.03,1052217,1178752
ph,2026-03-12,1262114,326979,369815,2344898.94,1090546,1148381
hk,2026-03-12,318321,82127,65063,1301145.97,288813,296610
sg,2026-03-12,249960,71367,68936,1364444.09,227757,228397
cz,2025-12-22,138998,41769,40936,802460.27,107187,122028
t3,2025-08-07,1854519,620487,389187,3641885.88,1627119,1714713
sg,2026-02-06,228963,66259,63038,1298449.22,212329,213449
sg,2026-05-16,309696,87067,86840,1809545.46,284666,288645
pk,2026-01-11,1070222,279731,276208,1236938.17,887340,986119
se,2025-09-14,212459,64367,53507,1596182.06,156778,187862
se,2025-07-25,191867,53836,43260,1324021.93,140794,165369
la,2025-12-11,27176,8762,9570,39385.11,24094,25535
sg,2025-09-17,208981,60199,58549,1115251.49,188955,189884
at,2026-04-05,99652,31874,26025,801767.26,81878,89707
at,2025-09-03,90786,32413,27306,819174.47,68216,73718
pk,2026-05-26,1187604,289402,284598,1531405.68,979160,1076361
la,2026-02-17,33911,9410,10286,43099.51,27481,31446
mm,2026-05-27,140396,35436,38483,265018.96,113691,128866
pk,2025-08-21,1045471,194187,188303,786066.54,755445,922894
se,2025-08-21,160832,45252,37963,1092928.84,122400,138926
kh,2026-04-06,112546,26985,29620,167140.93,99224,102320
pk,2026-05-13,1100805,287497,282024,1283287.51,944121,999183
sg,2026-05-28,235784,71083,66776,1307203.87,216194,218338
mm,2026-01-23,126003,31225,34543,212912.94,110696,116309
se,2026-01-08,167611,40837,35036,1063619.6,131747,153112
hk,2025-12-13,336992,92948,80667,1660734.87,315386,323431
sg,2026-01-20,201462,59244,55175,1098368.42,187087,187480
hu,2026-01-09,172402,39831,29272,588262.05,109780,157976
tw,2026-03-22,1473594,469399,516475,4307045.26,1361029,1384068
hk,2026-05-11,303802,78887,62003,1225603.9,280668,285916
kh,2026-05-25,108762,26314,27904,155076.3,96136,98815
mm,2026-02-16,121298,30102,33217,209699.57,103171,110177
cz,2026-02-16,134969,38989,38455,705405.68,109804,118522
my,2025-10-10,1027093,213366,243277,1434089.95,879207,925991
at,2025-07-16,96856,32789,28241,836687.32,77098,82688
pk,2025-11-30,1001128,275805,273571,1212724.27,873212,908701
kh,2025-08-22,148565,27268,29765,172642.72,127645,131220
kh,2026-04-04,111518,27416,29933,191396.87,98253,101755
kh,2025-07-01,134269,26384,28828,163661.1,114042,117822
ph,2025-12-26,1362602,317479,342476,2324132.86,908144,1264694
se,2026-05-22,190052,59799,51961,1599766.92,159385,176114
my,2026-06-03,988552,222860,251754,1638078.47,850914,904673
no,2025-10-13,67060,14953,14164,487441.05,55466,59842
sg,2025-08-26,210045,61760,60772,1157293.76,187556,188470
sg,2026-02-27,235092,64868,61110,1276883.7,218825,221429
bd,2026-06-04,314723,74317,79850,365981.9,240917,285802
mm,2026-06-18,132415,33498,36332,251090.13,108376,121573
at,2025-09-07,135916,48359,38517,1177292.21,112054,120771
sg,2025-09-07,282374,79669,82261,1703444.17,256554,258212
no,2026-04-02,81618,17068,16593,644560.17,68145,75263
tw,2025-12-14,1516721,499011,536980,4504571.93,1420054,1457587
bd,2026-01-07,272818,64554,69126,309318.58,226308,247753
sg,2026-04-16,246719,74895,70089,1341478.19,227767,228746
at,2025-08-10,131892,47475,38118,1140980.68,106721,116534
hu,2026-06-30,129448,40760,36929,750122.56,102307,117001
ph,2025-08-24,1295974,326204,365191,2492242.33,1061797,1175629
no,2026-04-13,69013,14650,14374,547495.58,59862,63332
bd,2026-02-25,251705,50405,54502,260009.55,200736,230475
ph,2026-01-04,1173151,321826,350954,2306691.99,968199,1084832
la,2025-12-03,33318,9118,10004,40960.85,28651,30658
mm,2026-06-01,131639,32476,35328,240588.25,107234,121541
ph,2025-10-29,1282310,339346,377065,2366804.69,1105853,1173274
se,2026-02-11,162390,43226,38255,1172216.1,133467,148983
no,2026-06-16,88515,20056,18392,729649.25,73218,84119
sg,2026-05-09,302221,89826,90984,1912542.99,279648,283814
se,2026-03-06,194528,58042,50129,1612697.27,153314,169068
mm,2026-06-02,131936,32494,35357,240817.38,106730,121576
t3,2026-01-30,1908841,611109,375763,3602182.06,1748438,1825038
pk,2026-01-19,882776,232101,230900,1002951.52,768722,802787
mm,2025-08-27,125123,30146,33577,196482.13,102588,108967
hu,2026-06-17,126349,42199,38995,773418.57,104043,114721
at,2025-07-20,129477,44823,36816,1094226.54,104467,112598
t3,2025-09-09,1691454,567824,370257,3376848.31,1528639,1594633
sg,2025-11-20,223857,65095,61899,1206674.1,206553,208268
ph,2026-05-07,1381596,367418,405772,2508671.19,1216109,1286683
t3,2025-10-17,1815618,612619,374366,3576471.34,1630793,1692168
bd,2026-03-04,265348,55779,60099,296175.64,213511,241769
mm,2026-03-04,127794,32688,36029,229470.19,108414,117416
hk,2025-08-16,352836,92232,80915,1678470.73,320683,332034
hu,2026-02-23,105488,32776,30353,531954.85,87465,94917
hk,2026-02-23,315668,80754,65087,1286671.58,290148,297732
my,2025-07-09,1009095,203169,236504,1376652.82,871017,900856
pk,2026-01-02,982208,259165,259471,1161565.69,850865,891164
tw,2026-06-28,1470077,438156,469600,4037486.87,1301408,1407867
hu,2025-07-08,135964,38517,34938,607726.82,101533,111933
la,2025-08-29,35598,9872,10965,43536.92,29565,31725
t3,2026-04-11,2074310,671158,402992,4212426.88,1944877,1993945
no,2026-04-11,92974,23154,22471,927878.99,82770,86476
se,2026-04-11,206979,60017,54035,1686720.75,170954,191175
bd,2025-09-21,275292,61897,67969,274594.14,217707,246444
mm,2025-09-21,134256,31792,36094,225957.56,106670,118411
cz,2025-11-12,119662,38786,40322,728212.86,97654,102688
kh,2025-11-12,141430,24749,26520,150818.39,119353,123366
pk,2026-06-29,1266215,280880,261306,1272920.28,990627,1030900
cz,2026-06-29,147047,40957,37877,709190.77,97797,117353
cz,2026-06-11,139532,42952,41826,794948.9,112489,126557
no,2025-08-18,67855,14477,13457,467833.18,55890,61569
se,2025-09-10,161085,42535,36261,1045870.12,123978,140942
hu,2026-02-21,127551,40086,36089,726911.26,104472,115269
cz,2026-02-21,145616,44051,42989,892557.05,120485,128857
t3,2026-06-26,1960468,630669,379089,3955625.46,1800412,1881373
ph,2026-06-26,1365835,362239,396372,2560172.95,1190211,1260232
bd,2026-01-14,262768,62926,67510,293958.1,226131,243544
se,2026-05-30,223250,69635,60330,1895851.25,177577,210497
mm,2026-05-30,140274,35303,38710,276130.48,112338,129056
t3,2026-03-03,1786460,548723,355669,3435118.05,1065802,1119256
tw,2026-03-17,1275211,378616,430495,3368096.14,1170638,1185501
cz,2026-04-24,139904,44070,43460,846616.99,117510,124794
ph,2026-01-29,1180608,325022,354761,2206918.68,1046038,1100316
mm,2026-01-29,130478,31269,34640,210941.8,114615,119822
mm,2026-05-19,132866,33641,36962,246540.57,111520,120513
t3,2025-08-02,1817826,600671,374696,3652673.25,1574306,1665161
tw,2026-05-06,1178669,374600,404880,3191660.19,1101905,1121431
hk,2026-02-22,385907,101446,89935,1926903.56,348838,366546
hu,2026-05-31,123152,37572,33948,743648.49,89946,112488
no,2026-05-31,122185,35367,32843,1315927.67,104729,116954
tw,2026-05-31,1432277,472984,512792,4350069.31,1327505,1363802
tw,2025-09-27,1487240,483475,527638,4504088.18,1383979,1408177
pk,2026-06-27,1208722,280010,273128,1387113.56,1033834,1098784
se,2025-12-21,177972,58183,48318,1470019.19,137882,163294
hk,2026-01-26,309408,77300,62007,1203061.54,286189,291988
bd,2025-08-06,282363,62268,66878,283560.51,214338,243813
sg,2025-08-06,233001,64019,62798,1224316.69,204695,205697
kh,2026-06-23,103277,25189,27093,160780.92,57382,58670
hu,2025-11-14,148101,47174,42138,776936.61,116830,125058
my,2025-09-13,963748,201809,223457,1430458.52,830446,872937
ph,2026-03-28,1318607,368013,408722,2671024.59,1148832,1209739
my,2026-03-28,1100431,243714,273433,1860292.31,921390,992911
sg,2025-07-24,209012,60266,59237,1152333.16,186682,187525
bd,2025-09-12,300044,69457,76685,346658.19,226947,272356
cz,2025-09-12,137042,44149,42969,788505.12,106760,118202
la,2025-11-28,31468,8579,9446,39210.1,26810,28819
cz,2025-07-10,119777,37182,36711,641618.55,92986,99813
my,2025-07-10,1013376,203860,237867,1377982.44,873864,903450
cz,2025-12-20,141200,46736,45577,933745.86,114380,125197
mm,2026-03-29,135748,32561,36105,251084.76,105951,121993
at,2026-04-21,94448,31908,28526,859818.48,80356,84970
no,2025-11-13,79748,19315,18089,651415.57,68380,72276
at,2026-05-03,133742,47981,39709,1187000.72,115468,122620
hk,2025-08-05,449969,60618,40569,843939.51,193067,424437
at,2025-09-26,104634,38262,31536,969080.15,86554,92528
tw,2026-06-10,1382992,387573,419014,3368526.68,1225955,1315472
t3,2026-05-18,1981018,618815,385793,3766456.2,1834239,1889269
sg,2025-08-19,211267,59936,58242,1133820.35,191471,192171
tw,2026-03-01,1472423,466755,505406,4201292.24,1370133,1409597
my,2026-01-13,778578,189201,214288,1277040.81,715701,733914
hu,2026-02-05,129453,41154,37435,701894.7,109922,116708
mm,2026-01-24,124690,32048,35308,222238.3,110087,116305
la,2026-03-13,32105,8695,10053,44474.44,26510,28765
cz,2026-05-01,127059,37641,36828,759519.57,105472,113902
my,2026-05-01,1178793,250604,282922,1920228.13,1016672,1097796
se,2025-09-28,218803,68825,57524,1709064.25,160096,194035
bd,2025-12-22,252241,60171,65455,282805.61,204623,226076
cz,2025-11-15,137966,42885,41831,851374.45,109455,119601
pk,2025-10-08,883552,229893,232195,950267.92,753448,786458
t3,2025-10-08,1805735,582803,353730,3361621.14,1639339,1703655
pk,2026-05-15,1153870,300559,297644,1392492.98,1015882,1051209
t3,2026-04-09,1992745,600867,348998,3499741.83,1865504,1910669
se,2026-04-05,217767,58062,51501,1573788.82,160039,202017
bd,2026-02-03,261918,58754,64020,288577.42,223141,243596
kh,2026-06-08,107071,24913,26958,154446.32,94748,97601
bd,2026-01-22,259466,63006,67608,301395.67,223411,240578
hu,2026-01-22,120071,38884,35005,629638.81,102565,109144
hk,2025-09-16,315147,75301,59215,1178313.93,284185,292580
tw,2026-04-06,1536920,464617,507342,4229723.42,1426987,1465393
t3,2026-02-04,1792889,578274,348963,3394425.82,1569719,1617758
at,2025-11-03,102877,35194,30078,898509,80952,88391
bd,2026-06-09,305594,68133,72710,332789.4,237493,278570
tw,2026-06-09,1419224,411254,440858,3607576.42,1282062,1353703
la,2026-06-09,36063,10866,12026,51874.37,30170,33982
t3,2026-05-13,1991219,630470,398476,3830672.38,1862671,1916186
mm,2026-05-13,133729,33226,36380,242489.69,110598,121065
t3,2025-11-17,1730475,559414,344831,3253675.7,1565871,1625091
pk,2026-02-19,789204,158593,161168,773753.33,633039,700520
se,2025-08-09,182814,54791,44630,1337719.54,138200,159313
se,2025-07-17,147030,38547,31488,912407.64,106798,124110
bd,2025-12-13,256060,63642,68998,304275.54,209922,232696
hk,2026-04-18,354458,98371,84744,1730091.1,331139,337544
pk,2026-01-09,1008567,270883,266724,1167180.22,876165,927350
se,2026-06-06,198363,59746,51695,1598998.55,154808,185267
t3,2026-06-06,2069496,651936,399649,4219465.96,1921095,1982605
sg,2026-06-06,291179,90102,89600,1885517.52,267677,268829
hk,2025-10-24,315653,81210,64360,1310383.74,283182,290330
cz,2025-09-19,129258,41861,41113,744358.63,100882,110534
t3,2025-12-12,1746906,596876,363130,3487734.48,1613512,1670406
sg,2026-05-25,236003,71332,66823,1305217.83,215502,217676
ph,2026-02-16,1292538,324754,354621,2273657.65,1118335,1193130
ph,2025-11-05,1234385,308509,341432,2181936.8,1002873,1129088
se,2025-11-05,168417,45355,38822,1094268.53,128796,145105
mm,2025-07-16,127531,29110,33744,194690.5,100718,108704
se,2025-07-16,146204,38312,31745,918530.98,107781,126317
mm,2025-11-30,131672,32394,36156,225841.47,109890,119378
pk,2026-01-21,912794,246097,242943,1047245.71,820006,846377
pk,2026-04-04,1222226,302445,298727,1401668.45,969104,1113133
my,2026-04-04,1033419,241421,272613,1812402.43,909556,952015
t3,2025-09-18,1731377,582658,370560,3460692.19,1570205,1635775
ph,2026-03-23,1212476,316819,353027,2150029.32,1048491,1104011
no,2026-02-02,70526,15342,15485,561236.38,60847,64858
hu,2026-02-02,107900,32147,29242,519642.88,89131,97864
kh,2026-02-02,111498,25726,27960,166371.14,100138,102729
hk,2026-01-06,290028,78050,61327,1189849.02,268345,273798
mm,2025-10-13,119892,29474,32833,196608.78,98280,105032
hk,2025-07-30,328747,79060,64765,1270710.33,293771,299498
no,2025-12-29,73663,16915,16783,622023.19,61270,67578
mm,2025-12-29,118574,29236,32416,189096.59,102831,107668
la,2026-04-15,33303,5315,5358,23291.13,17814,30951
cz,2026-06-04,119155,37875,37299,684919.35,97457,107236
hu,2026-06-04,134439,43411,40122,789787.47,110518,121670
cz,2025-09-07,112786,34415,33436,639872.19,84060,97281
t3,2026-02-13,1997038,628469,359942,3586944.53,1850182,1919624
kh,2025-11-08,135410,25038,27154,168468.03,111546,116460
no,2025-09-06,88582,21717,20338,767772.52,75426,80967
no,2026-01-07,71124,15397,15334,551018.71,61643,65555
la,2026-04-16,34676,4995,5098,22771.12,16947,32028
my,2026-03-21,774503,108150,102051,754508.09,520048,696834
t3,2026-06-05,2014134,634234,384567,3909944.8,1871366,1932813
mm,2026-06-19,130434,33496,36531,254533.67,107148,118248
tw,2026-06-30,1239596,394575,422611,3405324.18,1128632,1161584
pk,2026-06-30,1197034,285483,275624,1354496.94,1011114,1051950
hu,2025-11-07,150007,48405,42710,808104,124189,133603
bd,2025-07-28,302236,60504,64210,270464.51,204308,266463
pk,2025-07-28,900050,218543,217473,886125.81,737333,780865
la,2026-01-04,33276,9936,11026,47326.83,27364,31135
tw,2025-10-11,1576989,500903,544682,4651661.29,1461919,1486226
ph,2025-08-28,1236915,312719,349003,2217031.74,1020980,1124769
pk,2026-04-27,1037016,261858,257951,1165753.74,872450,930928
tw,2026-02-11,1299969,413105,443977,3534073.49,1205968,1248769
tw,2025-11-21,1329892,425496,455605,3675182.32,1234304,1252085
my,2026-04-28,1064796,227221,260821,1608733.47,950964,984531
pk,2026-04-28,1073540,269369,266136,1217123.05,901625,966006
ph,2025-10-15,1289471,339442,380105,2416119.32,1111301,1182304
sg,2025-10-15,211963,62537,62086,1177723.62,193282,194133
at,2026-01-18,134372,49915,40925,1242786.78,114733,122302
hu,2026-03-06,143618,46467,42252,823860.64,114902,122368
at,2026-06-02,99673,33865,28917,868655.15,79922,91323
hk,2025-08-27,321339,82025,67189,1313519,290488,299617
se,2026-04-29,168027,46754,42885,1239614.41,138916,155885
la,2026-04-29,32210,8823,9646,39995.45,26442,29911
hu,2025-11-09,127529,38203,34089,656909.57,89286,109028
t3,2025-12-02,1713408,550461,340291,3262092.68,1562752,1614955
hu,2026-02-12,130032,42896,39128,723314.13,110786,117515
cz,2026-01-16,161298,49631,48327,944776.84,133585,143453
no,2025-12-16,79067,18789,18799,665408.06,68955,73094
mm,2026-06-13,138263,35472,38764,276613.13,114915,127722
ph,2025-10-17,1333074,355146,397103,2545750.41,1155360,1225266
at,2025-10-17,109408,39707,32953,1012142.58,90366,96480
hk,2025-10-17,311481,80381,63669,1322837.58,281716,290581
cz,2026-03-04,127467,37323,37118,669843.32,105505,111506
cz,2026-03-30,115831,33854,34338,608788.67,94311,100666
my,2025-08-16,1059883,223598,248915,1554143.04,914338,952656
sg,2026-02-23,212008,52704,49265,995351.02,194760,195876
cz,2026-02-23,125448,34848,34560,621061.08,103307,110053
cz,2025-12-19,158904,52604,51285,997824.15,125859,139935
cz,2026-01-02,142890,41076,40043,795627.92,115327,127173
mm,2025-11-23,126647,31033,34366,223647.21,107391,114524
t3,2026-04-12,2078799,656246,390748,4189197.29,1936200,1998779
ph,2026-04-12,1313666,369877,410306,2586155.99,1146587,1213083
bd,2025-09-22,281914,61957,67866,275396.78,218429,254250
ph,2025-10-16,1296889,344950,386083,2459833.17,1124509,1189096
cz,2025-07-08,122212,35865,35478,612946.9,95236,101718
bd,2026-03-05,269528,56313,60713,304390.93,211361,241980
kh,2026-03-31,110552,26430,28798,165831.26,97461,100375
ph,2026-04-11,1312370,364116,403800,2552686.17,1155091,1216546
hu,2026-01-17,140941,40856,35603,706545,114071,128948
pk,2026-01-17,1025112,269261,269594,1210142.22,892911,950700
ph,2026-05-08,1469655,386453,426715,2716778.6,1290367,1370870
no,2026-05-08,82324,21616,20129,845850.37,74346,77338
no,2025-12-18,81474,19850,19715,712784.97,71607,75630
ph,2025-12-18,1343343,361479,401219,2662761.84,1101215,1240330
la,2026-06-29,38952,11077,11843,51500.58,29171,33372
mm,2026-06-29,154783,35726,36428,256471.92,112482,125418
kh,2026-06-11,108740,26401,28401,164996.51,97226,99899
mm,2026-03-02,136451,33533,36889,243726.57,114756,124935
at,2026-04-23,97023,33459,29603,892883.17,77970,81964
bd,2026-02-24,250377,48551,53058,247046.8,200676,230856
bd,2026-02-10,274996,62747,67819,323602.52,232687,253703
kh,2025-09-10,139127,25676,27964,160462.85,116703,120467
sg,2025-08-04,223361,60617,58920,1145163.53,196961,198306
bd,2025-10-30,305577,69293,74353,328903.13,244065,271858
se,2025-08-17,192448,53860,48333,1422655.46,135973,165573
tw,2026-04-24,1354991,412349,443026,3576736.74,1258222,1296955
tw,2025-08-03,1626380,399106,427941,3892565.23,1458960,1518630
ph,2025-10-19,1429103,352135,397772,2602107.21,1040638,1321622
sg,2026-06-12,258245,77219,71396,1458383.21,239992,240716
hk,2025-09-24,228791,12872,6153,106002.01,29391,220848
hu,2026-03-18,126997,32344,36673,642339.55,103941,112572
mm,2025-10-18,124890,32072,35983,227073.53,104581,113390
cz,2026-01-01,161897,32859,28530,596631.79,61775,142441
my,2026-04-10,922361,216125,253857,1571955.64,820198,866179
at,2025-12-06,115759,40177,33237,1080265.07,97597,104545
tw,2025-12-06,1444300,486427,520672,4367903.29,1361417,1384642
cz,2025-12-21,130143,41656,40676,826413.44,100399,114478
la,2026-01-26,30543,9152,10046,40883.36,26199,28229
pk,2026-01-26,916442,228470,227542,985756.8,768068,833806
sg,2026-05-02,282884,86390,86506,1788116.56,264804,265887
kh,2025-11-14,143706,25894,28092,162305.45,123088,127238
se,2026-03-28,237809,71159,62006,1954551.01,194909,216581
sg,2026-03-28,293999,86000,86566,1804584.68,267388,272431
la,2025-07-24,33866,8908,9867,38442.61,27975,29925
kh,2025-09-12,142202,26292,28775,167315.51,118571,123814
mm,2025-09-12,128956,31639,35698,214487.37,106993,112444
sg,2025-12-20,218238,68806,69750,1451399.1,203245,204054
ph,2026-05-17,1491468,390842,425777,2709223.15,1258900,1371431
at,2026-06-24,95086,32957,28376,851289.36,75443,85807
cz,2026-06-24,127477,39053,38184,719673.89,102148,113655
tw,2026-05-03,1432373,470706,513512,4316893.31,1350731,1369450
no,2026-05-03,108128,29663,27749,1094241.75,95631,102136
hu,2026-03-15,149515,32139,34086,668309.45,95508,135080
hu,2025-11-27,134235,42046,37812,663368.78,113121,121479
kh,2025-11-27,134820,24794,27073,154072.38,116928,120458
mm,2026-06-10,132222,32957,35837,247332.32,109129,121598
kh,2026-06-10,110619,25890,27861,159858.26,98572,101200
bd,2026-01-27,257513,61007,66312,280036.73,221743,238618
sg,2025-12-09,188448,59016,58610,1128842.96,175289,176705
bd,2025-09-11,294838,66664,72842,315075.4,235674,266604
t3,2026-04-22,1992987,636317,390284,3712210.21,1862071,1919845
bd,2025-08-19,282182,61851,68231,280351.26,221627,247801
mm,2026-03-26,137959,34194,37867,255595.52,112265,124105
kh,2026-03-01,114128,27715,30233,194448.32,101348,104791
mm,2026-03-01,132906,33292,36664,240580.02,112434,122064
bd,2026-06-21,345875,62171,62311,289940.87,9872,15516
hu,2026-06-21,125458,39592,35605,774853.91,2140,2225
kh,2025-11-02,143779,26270,28696,182663,115013,120463
bd,2025-11-02,293249,65463,70507,304276.28,234463,259654
t3,2026-01-13,1924530,618406,373333,3583670.67,1733570,1845742
ph,2025-09-29,1211305,301267,342560,2100517.45,997962,1113004
kh,2025-11-16,140799,27416,29808,188718.09,121653,126049
sg,2026-01-24,242286,76635,76800,1627789.14,231170,231621
tw,2026-03-13,1288678,394963,444478,3561240.57,1167478,1186932
hk,2026-03-13,333682,81046,68010,1410817.18,300178,308516
la,2026-05-01,35038,9654,10670,47985.51,28289,32243
at,2026-03-12,109097,34727,32323,969481.97,91027,96532
my,2025-11-01,1109634,234313,256094,1604696.38,943112,989049
cz,2026-02-06,144400,45532,44810,871461.62,119707,126644
mm,2026-05-16,137038,34227,37588,264649.85,117794,124352
at,2026-01-11,140283,50583,39721,1230455.85,119087,127748
hk,2025-10-08,293635,74612,58160,1156509.8,266239,274567
la,2025-11-29,33612,9361,10430,44608.02,28456,30647
mm,2025-07-29,130836,32228,35901,207833.03,107239,112926
tw,2025-10-23,1480216,427440,460592,3746142.11,1334199,1384607
cz,2026-05-12,130389,40440,39666,741090.9,109146,116316
tw,2026-05-12,1188414,388200,419212,3301446.94,1116171,1129154
hu,2025-09-17,118344,36499,33301,570073.81,92137,98290
sg,2025-07-15,205983,56227,57860,1124991.71,186648,187787
la,2025-11-04,34962,8697,9533,40816.88,28773,31670
my,2026-02-03,852112,209463,238700,1455269.49,784328,805679
tw,2026-05-26,1249225,400703,430205,3385121.89,1161237,1182975
no,2025-10-22,73256,16842,15861,568704.36,60611,64515
pk,2025-11-18,895533,233057,231007,961857.13,771427,802260
sg,2026-01-22,202868,62059,58112,1150815.09,190620,190955
kh,2025-08-21,156705,30548,33321,183599.35,136002,140395
la,2025-09-16,33471,9076,10085,39240.41,28265,29847
my,2026-04-06,977473,217873,246194,1549884.33,854977,899260
at,2026-04-06,138978,46816,38326,1183695.41,116590,125713
se,2026-02-04,162797,43430,37987,1175549.64,133646,149233
sg,2025-12-10,205131,61425,57126,1136694.48,192469,193502
hk,2025-11-03,304555,78680,60914,1191305.19,274009,281189
mm,2026-02-18,122075,31218,34352,211762.68,106715,111965
no,2026-05-28,78989,18280,17075,681799.04,67331,74720
my,2025-07-13,1048376,210883,252538,1522921.29,895596,935919
tw,2025-09-02,1333679,400080,433373,3446760.8,1221474,1245655
no,2026-03-11,72357,16831,16545,624074.77,63149,66383
bd,2026-02-19,244313,39904,43126,219654.22,184912,223398
my,2026-02-19,724779,128230,141387,1026168.79,612595,672406
cz,2025-09-01,112236,33201,32648,568691.94,85531,95216
at,2025-08-09,92672,32665,27327,845937.77,74832,81108
no,2025-08-09,87670,21175,20005,743767.83,72307,78013
cz,2026-02-15,145043,42546,41365,852738.43,113190,128645
sg,2025-07-17,215324,60637,61182,1179993.96,195171,196296
la,2025-12-13,32596,9099,9910,41081.14,28277,30802
la,2025-09-30,34467,8785,9688,38744.09,27020,30886
no,2025-09-30,73671,16020,15073,531352.29,62031,66805
cz,2026-01-20,127902,39261,38773,701642.55,106047,112579
no,2025-09-05,86304,20658,19254,726251.05,73949,78659
no,2025-10-24,92765,23058,21502,822515.75,78184,82082
my,2026-05-11,1002846,221825,252548,1547620.34,894145,924285
mm,2026-05-25,136274,33009,36010,244067.88,107914,124834
kh,2025-07-16,139963,27492,30109,172852.74,119972,123489
cz,2025-11-19,125528,39812,39542,706797.09,101629,107953
sg,2025-11-19,215447,62568,59575,1154240.7,199377,200123
bd,2025-11-30,338239,70274,76801,308193.57,260870,308232
hk,2026-01-21,302781,79289,62089,1215440.5,283623,288921
at,2025-08-22,101161,34069,28564,859362.16,80869,87538
tw,2025-08-22,1418264,442965,477317,3934539.53,1291825,1314976
t3,2025-08-22,1791217,616479,390599,3639685.23,1606236,1682424
ph,2025-07-01,1210739,295543,331803,2168989.39,1014134,1092439
pk,2025-09-18,886681,228234,233614,947883.84,759627,786484
no,2026-04-19,123611,34740,33487,1322763.82,110194,117422
t3,2026-04-19,2046042,657078,414364,4277366.81,1913881,1977369
cz,2025-12-26,137444,29371,27066,558946.45,75399,119090
at,2026-05-22,100084,35490,29783,923426.69,85164,90495
ph,2025-10-13,1222006,313920,352675,2169647.57,1053277,1121398
hk,2026-04-01,323530,83713,68480,1339641.24,298824,304073
mm,2026-03-20,140831,31900,38753,257087.65,118611,126115
kh,2025-07-05,136120,26638,29355,174997.57,115146,119218
mm,2026-03-09,129208,32821,36100,231396.49,110115,117442
pk,2026-06-04,1140092,279826,273013,1300893.36,919880,1025856
la,2026-06-04,37011,10892,12071,53084.9,30807,34713
cz,2025-12-15,136914,43260,42725,776035.1,109923,120203
my,2025-11-08,1084971,236548,264153,1631591.61,948442,990879
at,2025-08-25,95546,30747,26333,768516.62,74950,81578
at,2026-02-14,121526,41492,34859,1143844.8,103033,110410
cz,2025-10-12,123623,38607,38127,740154.15,93048,107336
cz,2025-07-04,125357,36001,34618,619156.94,89898,104112
pk,2025-07-04,960086,203582,209490,884163.52,744393,836616
t3,2026-02-28,1925946,584200,385143,3904377.72,1782050,1853102
cz,2025-08-10,115924,35070,33511,642883.06,77992,92337
hk,2026-06-30,324713,83929,67180,1409129.6,296972,304611
at,2025-07-28,96991,31641,27068,809550.37,75453,82410
my,2026-01-04,909631,208735,231149,1484288.49,807680,845350
ph,2025-10-11,1337667,354892,405180,2678925.77,1146744,1234721
tw,2026-04-13,1168426,390442,421037,3256870.05,1100110,1113633
cz,2025-08-14,127539,39737,38572,696406.34,89802,98716
ph,2026-03-07,1349661,378794,416325,2747943.63,1182823,1246190
kh,2025-12-17,103025,24531,26427,151613.98,91788,94795
la,2025-08-13,35908,9140,10806,41610.23,29993,31606
tw,2025-08-13,1322092,280402,318263,2669552.26,1145657,1199245
no,2026-02-11,73483,16629,16662,623307.7,64518,68004
tw,2026-04-28,1197589,389172,418860,3236174.52,1123331,1135511
bd,2026-06-16,303058,69392,74655,342222.18,243939,275267
pk,2026-05-20,1109268,293849,284348,1323798.17,971153,1001749
sg,2026-05-20,245318,73503,67519,1321850.5,224381,227402
my,2026-03-06,828010,176144,196514,1336314.56,711825,760214
bd,2026-01-30,277614,67757,73605,337553.46,223475,256119
ph,2026-04-29,1346714,363094,400418,2462553.54,1179322,1247041
sg,2025-11-09,287721,86946,87629,1791307.81,264942,265746
hk,2026-01-31,367148,96904,85494,1749774.88,339942,351469
hu,2026-01-31,125025,36695,31949,653731.52,102928,112792
pk,2026-01-31,1010378,274378,275430,1234459.6,889704,927116
mm,2026-01-16,115897,30203,33399,205457.52,101227,105585
hk,2025-11-24,301110,77685,60388,1195968.77,274469,282178
cz,2026-03-19,133172,34605,40018,726981.53,109468,116203
se,2026-03-30,163292,40750,37459,1093502.86,124071,145278
t3,2026-03-30,1929516,566385,338324,3434677.33,1778623,1836230
bd,2026-04-25,308195,70563,76365,348012.29,250509,278534
sg,2026-04-25,298274,92143,92245,1909066.69,278508,280132
cz,2025-12-30,130707,38629,38174,763257.79,104399,115795
mm,2026-01-02,114186,28861,31981,202740.56,98440,103764
hu,2025-11-23,121681,36310,32254,622141.32,89739,110117
cz,2025-10-02,119959,36769,36746,648771.18,95274,102949
tw,2025-10-02,1321207,410456,444241,3528897.88,1220438,1238948
tw,2025-09-22,1349334,391041,424220,3426843.2,1227361,1270178
bd,2025-10-16,295963,68085,74141,334552.56,237110,266758
kh,2025-10-16,150525,26460,29373,167581.92,119241,123383
tw,2025-07-08,1496832,411110,446238,3848507.06,1340234,1396460
pk,2025-07-08,941544,202275,210562,853480.74,735947,832315
sg,2025-07-08,206128,57601,60294,1143556.87,183121,184302
pk,2025-08-29,950881,235458,236777,995527.63,786156,839979
pk,2026-06-15,1083786,275005,271583,1289918.45,932703,975494
bd,2026-04-11,297223,70856,76973,340608.17,247134,269173
t3,2025-12-18,1711162,583153,362702,3421533.4,1575340,1628280
t3,2026-01-03,2021517,592989,344830,3577732.33,1730043,1919003
bd,2025-10-05,279594,61270,67337,285769.06,214024,250927
la,2026-03-02,34548,9480,10400,42962.33,27029,31781
se,2026-01-28,167731,45781,40133,1243479.3,136636,153498
my,2026-05-04,975700,222496,254584,1570492.35,869577,902716
cz,2025-09-10,134281,40269,38656,681647.56,103468,115820
la,2026-06-26,36561,11399,12658,55558.13,30669,34427
kh,2026-01-14,97490,24589,26641,150861.56,88457,90807
hu,2025-08-17,122377,32845,31860,597068.21,79851,100931
no,2025-08-17,125243,29593,29156,1069529.54,99108,110985
mm,2025-08-17,130283,29698,34384,213196.07,103181,111600
hu,2026-03-17,123846,31049,35124,615086.65,101055,109983
at,2025-08-03,139359,48823,39464,1185869.04,112264,121763
hk,2025-10-19,389015,108797,95808,2013482.48,352373,367584
tw,2026-01-15,1230133,417854,453732,3537988.9,1166689,1177689
sg,2025-09-23,211602,61767,61096,1140490.12,194037,194599
hk,2026-03-18,311919,76808,64480,1290602.18,275377,283311
pk,2025-08-02,977178,240341,238660,1040310.58,805095,850156
at,2025-07-21,98922,32573,28063,824269.77,76594,83989
kh,2026-05-06,107510,24971,27047,156380.07,95451,98042
cz,2026-04-10,158999,49196,48419,957189.84,131258,141109
my,2026-05-02,1094576,240289,273402,1808694.71,970510,1015190
se,2026-03-14,214728,53691,54422,1743427.23,176329,197604
ph,2026-03-14,1347931,330320,414229,2769048.82,1165311,1227499
pk,2025-11-14,944454,247988,247160,1059480.73,816723,846697
la,2025-11-14,34100,9287,10322,42499.96,28699,30686
ph,2025-09-13,1357451,356009,402943,2697975.06,1142188,1248230
hu,2025-09-13,117174,37075,32571,629073.4,90760,99513
my,2026-02-07,975420,237297,262470,1746137.49,855699,911631
hk,2025-11-28,299010,82889,65775,1349964.24,275311,282403
no,2025-08-31,130476,33749,30794,1128503.88,108001,120406
se,2025-08-30,220825,66772,55898,1684470.25,169369,194608
bd,2026-06-24,315301,71434,76142,346041.55,250760,278942
hu,2025-08-05,114173,34278,30905,542166.48,86342,93276
pk,2025-09-26,917088,234485,241245,1019582.69,784984,813226
tw,2026-01-27,1332643,427585,460213,3579826.54,1247175,1277328
ph,2026-02-09,1201178,305766,332377,2056990.03,1049736,1113469
ph,2025-09-11,1222368,316243,355480,2248065.38,1054405,1121530
kh,2026-06-21,104456,25643,27958,183266.22,4748,5282
hk,2026-06-21,370751,103449,91395,2004046.46,21569,23561
sg,2026-02-05,219535,61981,57874,1168608.55,205609,206483
cz,2025-07-12,128221,37517,36073,695681.29,98038,109502
sg,2025-09-15,215346,58999,57265,1123669.18,194583,195433
se,2026-01-24,239202,71499,61153,2023629.7,202458,223765
no,2026-01-24,106296,25366,25359,980284.95,94849,99990
sg,2026-05-01,304284,92851,94436,1981058.07,285482,286354
cz,2026-03-12,137674,39555,42594,784648.24,111573,119824
t3,2026-03-12,1899350,551865,357242,3607428.42,1607925,1678214
ph,2025-12-22,1247492,340218,375268,2549133.1,1042966,1144272
at,2026-06-22,105608,35501,29899,918339.23,80959,93060
bd,2026-04-20,295233,69079,74779,323975.8,245138,266804
se,2026-04-20,139053,38159,35252,1032858.76,109527,127683
tw,2025-11-29,1465491,481975,517851,4312407.67,1366507,1391427
cz,2025-07-25,121542,37986,36773,660756.63,94618,102705
hu,2025-07-25,119718,36720,32841,583428.58,92444,98158
mm,2025-07-25,129128,31888,35534,205427.05,106497,112608
cz,2025-07-26,117083,35575,34047,655555.09,89651,99725
t3,2025-10-23,1805561,600043,362433,3418201.4,1620295,1677065
t3,2026-03-24,1988973,558056,307779,2879775.95,1582802,1640815
mm,2026-03-24,136409,33204,37005,242633.31,112760,123155
no,2026-05-26,76466,16587,15673,620718.17,64637,72219
bd,2026-02-17,264490,61847,66961,308574.16,218751,239134
hk,2026-01-22,338649,85116,64437,1267520.37,318551,324125
cz,2025-09-16,122260,36761,36189,628011.07,95962,103888
ph,2025-12-10,1205974,347098,378455,2351705.95,1060511,1128345
se,2025-12-24,106672,18359,12134,384581.19,48901,93122
ph,2025-11-03,1261059,284922,314512,1965440.85,907582,1157167
cz,2025-11-03,114499,34199,33847,587908.09,89595,97244
la,2025-08-09,37503,10215,11403,46782.86,30982,33116
t3,2026-01-23,1868988,587519,348872,3467006.84,1663999,1793574
cz,2025-10-21,119581,37793,37309,644105.09,89654,96421
tw,2025-10-25,1630010,488345,529884,4489381.57,1478510,1537079
hu,2026-01-08,153973,38570,29594,567718.08,110165,140435
bd,2025-07-17,304877,63754,68990,302367.82,232711,271402
at,2025-07-02,98033,33654,29250,868272.9,78528,84348
mm,2026-04-03,140329,33484,36975,253068.24,117150,127074
bd,2026-06-20,307718,70261,75186,355302.85,241142,276109
tw,2025-12-27,1513861,487035,525197,4336873.8,1398095,1451159
ph,2026-01-09,1178988,330014,359770,2297924.38,995255,1088292
at,2025-09-04,99265,27416,22781,680268.38,75369,80850
sg,2025-09-04,230075,65846,64657,1270818.66,207372,208193
cz,2025-11-05,118892,37480,36985,652701.18,94807,101320
cz,2026-05-10,120278,36789,35822,728170.27,96294,107665
se,2026-05-10,206412,64975,56457,1663871.08,160873,193164
pk,2026-05-10,1399248,351344,352152,1719914.22,1218930,1280940
bd,2025-07-16,298396,59667,66167,279506.25,226370,259415
mm,2025-11-19,117669,29276,32339,194958.14,99658,105919
hu,2025-11-30,121347,37089,33289,640155.53,89576,109873
se,2026-04-19,200356,61972,55239,1683714.42,158236,187446
ph,2026-04-19,1344844,379128,420524,2673921.35,1175917,1246144
t3,2025-12-26,1763633,599482,366718,3521592.53,1624646,1678845
ph,2026-01-06,1130230,311820,339947,2112123.78,967936,1041865
no,2026-03-20,90441,21072,21627,885011.91,63789,67256
kh,2026-03-20,118792,25771,28618,172169.55,103947,106663
hu,2026-04-15,124134,40720,38565,735534.31,99947,104644
tw,2026-06-04,1322106,410374,440697,3556992.04,1214399,1255478
pk,2026-06-18,1148814,271978,263862,1268701.08,934217,1032899
tw,2025-09-07,1710819,470716,502697,4307003.9,1506499,1614824
mm,2026-02-13,121766,31158,34466,217624.49,106459,111682
ph,2026-02-13,1406580,365793,401922,2719492.01,1243043,1312172
my,2025-09-06,1018180,217986,242223,1513269.9,883473,919477
kh,2025-09-06,134372,25314,27784,174719.42,112537,117484
hk,2026-01-07,300529,81739,64747,1265166.87,279353,284727
bd,2025-10-26,279066,62939,67921,285589.56,224548,248679
tw,2026-02-28,1532566,468073,498892,4172506.29,1424139,1471234
pk,2026-02-28,848707,215257,214622,1012754.32,709828,775707
kh,2026-02-28,115920,28210,30995,192900.98,103309,106342
ph,2026-04-17,1345138,369694,410394,2552778.97,1181694,1243765
at,2026-03-21,114568,36842,32334,1036738.34,95029,101914
tw,2025-12-28,1532210,497172,535909,4455725.21,1423676,1468201
ph,2026-06-30,1379617,346282,376042,2387850.33,1161248,1254980
mm,2026-06-30,144540,34982,38069,273542.14,119535,133615
no,2025-08-24,124754,32374,29543,1070513.97,103143,114573
at,2025-10-01,106220,36937,30390,907355.56,86843,93405
at,2025-07-07,101691,33217,29029,860835.49,79225,86114
my,2026-04-13,898979,220104,250982,1533105.79,809129,838239
at,2026-02-25,97146,31895,27168,827522.76,81468,86866
my,2026-02-25,734354,150541,166085,1125383.7,633059,682362
hu,2026-03-07,126557,39730,35348,736226.44,106010,114255
sg,2026-03-07,280587,83449,83670,1755127.2,260671,261646
se,2025-10-29,181781,49211,41866,1201023.23,138867,156971
no,2025-10-29,75233,16524,15563,545994,64126,67684
kh,2026-02-11,111350,25901,27875,164497.81,99947,102746
pk,2025-09-20,946669,245587,250341,1054346.42,809476,839201
la,2025-11-21,32610,9042,9881,41210.46,27866,29567
ph,2026-04-28,1336745,349855,385706,2352938.54,1164298,1236093
tw,2026-06-16,1275806,392568,422079,3372786.48,1181112,1213490
my,2026-02-26,696786,150955,168423,1127707.5,618232,649819
tw,2026-02-26,1240151,401502,433303,3437791.46,1164484,1185669
no,2025-10-28,65659,15061,14295,503080.82,55072,58772
my,2026-04-29,1075028,235895,267581,1681785.62,959463,995415
mm,2025-08-12,120899,30543,33867,198830.54,99879,104245
my,2025-12-02,1010445,220599,243362,1456300.69,885593,920263
pk,2026-06-17,1129770,283515,276985,1313966.23,976051,1020207
no,2026-01-31,105601,25522,25778,1009519.73,93822,98212
no,2026-02-12,79809,18201,18304,688371.42,70081,73793
pk,2025-09-08,956453,179794,172866,705274.43,634380,855189
t3,2025-11-24,1720199,557781,340670,3279073.46,1571379,1629995
tw,2025-07-20,1707343,493942,535147,4859469.42,1525726,1596686
tw,2026-06-13,1435876,457686,497634,4231061.9,1317877,1371790
la,2026-06-13,36269,11416,12823,58542.09,30179,34271
se,2025-10-17,206287,62364,51337,1588040.87,163490,181307
se,2026-05-07,159350,45759,40834,1177979.62,130481,147767
t3,2025-08-01,1842089,610090,376277,3632715.41,1591188,1677597
mm,2025-12-30,118527,29422,32737,194422.42,103184,108598
bd,2025-12-19,265941,67367,73348,334124.63,209105,239798
hu,2026-04-12,124775,38615,35118,738499.04,93768,113604
my,2026-04-12,980317,227111,253856,1662086.57,844005,918342
cz,2025-09-22,120635,35667,35156,604719.88,91637,103506
hu,2025-12-04,139062,45195,40259,732983.67,115515,125946
se,2025-07-08,141238,36489,30933,890718.12,103515,120203
cz,2026-06-14,141449,42215,41337,853892.28,107361,129432
se,2025-09-21,205774,63523,52298,1542399.67,150841,181628
no,2025-09-21,123914,32266,30203,1104944.63,103470,114152
at,2026-05-08,105528,40241,33929,1049328.91,90968,95817
sg,2025-08-18,220984,60362,58730,1145025.91,199519,200388
hu,2025-08-18,111460,33547,29903,520415.56,82226,92217
t3,2026-04-23,2049439,650055,422206,4135101.94,1824827,1878138
se,2025-08-15,182904,54502,44661,1345183.48,140989,159083
no,2025-08-15,88816,21374,19877,743130.33,73760,79426
at,2026-02-24,94870,31442,26957,815899.38,79465,84899
tw,2026-02-10,1311307,431809,463767,3667327.07,1226082,1251893
at,2025-08-04,97608,33453,28617,846409.64,75725,83245
tw,2025-10-30,1328083,407888,437919,3506547.25,1221257,1235650
se,2025-12-07,201385,63331,52509,1585926.64,158569,185695
bd,2025-10-19,276428,62772,68591,284591.44,220124,248984
cz,2026-01-29,141064,43646,42989,814275.14,116191,124058
hu,2026-01-15,147152,43181,37695,673782.02,118407,134534
my,2026-01-15,813986,197137,221773,1351630.37,751156,769027
cz,2026-05-19,121308,38557,37712,688555.24,100288,107294
se,2025-09-23,148558,40919,35045,999517.39,112536,130281
mm,2026-05-06,140113,34678,38085,254269.46,116435,128530
hu,2026-05-06,129957,43418,40140,794080.59,111649,118519
kh,2026-01-01,110995,24131,26028,181218.25,91267,103397
pk,2026-05-31,1149505,293492,289575,1371869.09,984509,1036475
bd,2025-09-27,267988,60885,67723,295646.03,213935,241155
t3,2025-12-21,1895603,614222,381326,3929816.99,1731170,1811813
mm,2025-12-21,111301,28158,31049,197303.23,95760,101186
kh,2026-01-26,107420,26491,28560,167301.93,96528,99091
no,2025-08-06,70803,15356,14379,518548.7,56864,61236
t3,2026-05-02,2086374,655193,410790,4154693.44,1957238,2014988
t3,2026-06-23,1919140,595104,364444,3701748.06,811681,848453
pk,2025-09-13,976543,247331,251687,1076525.88,840715,872440
no,2026-02-08,119643,30619,30385,1164092.91,103386,111843
at,2025-09-12,105194,38753,32105,974358.41,87287,93263
no,2025-11-28,98116,25030,23548,885414.25,86604,90664
la,2025-07-10,35389,8710,9765,38691.36,27921,30366
hk,2025-07-10,392337,84057,63646,1253434.2,355104,364120
bd,2025-08-31,272900,60305,65832,281858.33,216241,244456
bd,2026-04-21,300989,70017,76133,328425.73,251084,272990
hu,2026-04-21,117513,37429,35519,667245,101232,106798
pk,2026-01-12,957679,243007,236780,1032543.78,798466,873397
sg,2026-01-12,192553,58788,54857,1080553.92,178783,179152
hk,2025-09-26,314620,78764,62821,1299244.74,286094,294274
mm,2025-09-26,124549,31333,35581,214832.06,102860,108256
la,2025-09-11,33466,9276,10254,40004.8,28635,30512
tw,2025-10-31,1365426,422053,455371,3717505.21,982612,998085
pk,2025-08-19,986595,169490,167435,667327.35,607859,854249
my,2025-11-02,1126328,230305,246208,1554510.43,920654,1008174
cz,2026-05-29,127269,41468,40466,785999.63,104083,114916
pk,2026-02-05,985882,265542,265598,1204745.29,860762,899215
no,2025-07-27,116147,30320,28276,1014003.08,92518,103218
my,2026-01-24,908742,226988,258469,1675101.7,835711,860863
ph,2026-03-13,1347895,324144,398875,2613026.41,1150306,1212674
se,2026-03-12,149307,38467,37261,1135847.35,119123,135019
hu,2026-03-12,138030,38823,39474,706631.56,114099,123369
mm,2025-09-28,125583,31299,35797,225618.98,102030,110449
bd,2026-03-27,311023,71165,76964,351064.85,221638,281207
ph,2026-01-11,1212029,348596,381784,2487694.77,1050483,1132680
mm,2025-10-08,135512,33535,37625,229478.36,110118,119464
no,2025-11-29,102742,27580,26155,982060.51,90987,95079
bd,2025-07-26,290554,62039,66870,287584.91,217836,255365
mm,2025-07-26,126706,32168,35801,210893.37,104655,110378
la,2025-07-11,35471,8842,9968,39801.24,28134,30424
tw,2025-07-29,1432027,337729,360543,3096230.57,1281361,1326582
sg,2025-12-11,205260,63674,59835,1189577.53,192841,193700
ph,2025-12-25,1246843,271074,293958,2190503.62,699729,1160933
my,2025-12-25,854433,208151,235991,1569586.51,765493,790686
kh,2026-04-05,109732,27313,29841,189894.38,96411,100145
tw,2025-11-04,1429147,418424,449138,3610371.47,1299020,1329941
cz,2026-02-17,133232,40148,39712,731095.73,109717,116725
hu,2026-02-17,121711,38703,35118,616135,102623,109705
t3,2026-02-17,1978408,640550,367820,3560669.26,1840085,1894515
cz,2025-10-22,133465,41031,40409,716770.8,99588,107484
ph,2025-10-22,1239840,328317,365272,2259919.9,1075523,1137138
pk,2026-05-27,1175800,236666,223546,1105135.73,794996,1073195
hu,2025-11-17,133873,36212,32653,555282.73,104092,118277
ph,2026-02-19,1225818,320003,349718,2170418.3,1085979,1141857
sg,2025-09-01,232034,60239,58487,1163175.91,207558,209550
my,2026-03-10,812267,175497,199576,1290199.64,704578,744270
my,2025-07-17,950389,196465,227594,1326142.81,819155,847083
ph,2026-04-03,1528039,317338,345876,2293027.93,1102015,1425551
ph,2025-12-13,1295692,374666,416394,2745908.71,1109215,1208208
at,2025-12-13,117279,42452,34863,1133969.87,99611,106344
my,2025-12-13,891051,213752,237001,1526268.83,787230,837456
mm,2025-12-13,120441,30396,33765,214230.35,104992,110457
mm,2026-06-20,139958,35938,39292,278486.58,113957,127383
at,2026-04-18,99216,34487,29764,958967.23,85391,90090
se,2025-08-23,218551,61896,51193,1544071.27,168579,191020
no,2025-08-23,94649,23544,21870,821143.86,79824,86250
cz,2025-09-30,112066,34507,34458,593827.02,88678,95562
my,2026-01-20,793040,190580,215199,1297920.52,720664,739485
bd,2026-06-06,310296,70522,75167,356542.03,226413,282011
se,2025-10-24,240561,75525,63147,1970263.93,185351,208486
la,2026-03-22,37279,8950,9961,43439.1,25688,34294
hu,2026-05-11,125726,39755,36646,722328.4,103896,114568
my,2026-02-16,964636,209952,236800,1653736.48,836281,893691
la,2025-10-10,36216,10161,11145,44593.3,30500,32841
my,2026-04-30,1139239,252863,286962,1846900.86,1013769,1051602
cz,2026-01-21,131233,40532,39925,724382.61,109239,116141
my,2025-08-22,1000330,204694,228792,1409737.72,861457,896395
la,2025-08-22,34109,9290,10291,40469.3,28121,30478
bd,2026-04-04,311989,72266,78200,361802.62,255705,282377
cz,2026-04-04,110270,31163,30639,617098.37,90213,97227
hu,2025-12-26,85700,15413,12633,253343.81,36859,78779
kh,2026-06-07,108227,25913,28266,181492.62,95645,98834
kh,2025-10-13,144521,25014,27536,155674.42,115188,119136
t3,2025-08-26,1756784,602436,387722,3553964.17,1573037,1650521
tw,2026-02-27,1457530,475766,517747,4259703.59,1367858,1401750
kh,2026-02-27,120452,30203,32310,191436.12,107865,111378
hk,2026-02-27,327869,85931,68032,1408504.12,305902,312087
no,2026-04-15,67199,17067,16661,643069.14,54141,56299
at,2026-03-20,110472,35014,33035,1030444.51,72021,78192
at,2025-07-05,95577,32527,27810,862328.05,76535,82384
bd,2026-04-02,314872,73417,78899,358923.83,259831,286588
bd,2025-07-04,300953,62027,68689,309862.68,211506,268929
kh,2026-01-07,97400,24304,26347,164524.54,88144,90592
my,2025-10-26,1082808,229156,249096,1546692.26,912744,978430
kh,2026-06-19,102850,26882,28107,164932.62,90613,93252
at,2026-06-30,109271,39236,33549,1053828.39,87307,100216
la,2026-06-30,37358,10504,11516,50788.95,30121,35323
se,2025-11-07,216919,62912,52234,1572681.33,170141,187443
kh,2025-07-28,130110,24787,27019,151518.33,104303,110160
t3,2025-10-01,1780905,587887,363494,3450425.19,1619050,1683218
kh,2025-07-07,136420,26762,29566,160924.11,115458,119767
bd,2025-07-03,287584,59576,65663,289648.97,218438,256870
my,2025-07-03,1017000,203292,238313,1404113.58,877931,908258
my,2025-12-17,874750,199682,224551,1381616.96,762979,814498
no,2025-08-13,70519,11689,15375,547255.48,53655,58277
cz,2025-08-13,117932,30884,36294,646758.68,79038,86604
t3,2026-04-28,1891514,618705,411456,3836253.78,1767535,1817219
bd,2026-04-28,333060,68792,72707,320174.06,251763,301550
se,2026-01-18,192074,57884,49326,1540399.64,150284,177776
bd,2026-03-06,283991,58254,64381,345787.05,219151,257738
hk,2026-03-06,328390,87078,69483,1425683.68,302173,308280
hk,2025-10-14,305869,75474,59017,1189406.34,275884,285196
my,2025-10-28,987045,210381,234422,1363268.46,858889,888021
kh,2026-01-19,108179,26084,28365,176748.39,96648,100027
kh,2026-04-14,100505,23315,24934,174388.48,83476,95170
bd,2025-08-12,286759,62620,68584,287777.04,220450,250805
at,2025-11-09,142151,51561,41409,1256467.24,118231,126407
kh,2026-06-17,105019,27100,28297,162275.72,94324,96809
bd,2025-07-20,284714,60088,65118,274770.38,213385,251779
mm,2025-07-20,125453,30915,35056,211663.96,100476,106814
my,2025-07-20,1020447,215371,246065,1530649.9,871343,908450
at,2026-02-12,102660,37192,31814,949140.92,86241,91377
mm,2025-12-16,141599,33989,37360,220299.4,124218,130304
at,2025-10-03,108099,40317,33139,1021869.83,89515,95978
t3,2025-07-20,1796748,567737,357159,3598341.04,1536679,1656783
bd,2025-10-17,303766,70867,77588,356722.26,231273,276045
se,2025-08-01,181370,52631,42495,1286284.43,136649,156423
hk,2025-12-30,297199,77583,63442,1246537.5,275275,281942
ph,2025-07-09,1192756,282859,319850,2096535.34,1006243,1078639
cz,2025-07-09,117930,35189,34790,600741.22,92431,98178
t3,2025-10-02,1767736,588089,361400,3446552.3,1610736,1672443
no,2025-08-29,95778,22105,20185,773302.7,80728,87446
hk,2026-04-26,392628,112404,98837,2028278.32,365063,372894
sg,2025-09-21,274147,83480,86105,1766724.07,252656,253462
at,2025-11-12,92559,33193,30765,903607.72,77140,80907
la,2025-11-12,33956,9187,10185,41189.65,28463,30610
tw,2025-08-18,1417194,423740,456407,3749737.52,1283038,1313028
no,2026-03-02,70025,15824,15097,571993.37,59936,63851
la,2026-04-23,34725,8468,9025,35981.5,26215,32399
la,2026-01-28,30489,9145,10013,40311.33,26230,28191
my,2025-11-26,997624,213880,235875,1435940.17,877313,917204
my,2026-06-25,1018103,219606,252746,1630542.82,904571,938466
pk,2025-09-10,1018034,184561,179338,733733.42,733178,919978
ph,2025-08-04,1121056,291358,322554,2006425.68,938647,1003892
mm,2025-08-04,128764,32233,35568,208293.35,106588,111874
ph,2025-10-30,1366326,357482,398752,2621189.11,1136286,1255212
at,2025-10-30,106397,38629,32543,991967.17,86720,93198
hk,2026-05-05,329651,83126,65404,1284988.2,299684,312475
bd,2026-05-05,310341,69786,75451,341796.47,258678,282183
mm,2026-01-14,111759,28548,31532,192226.62,97783,101472
hk,2025-08-17,410360,96652,94875,1959031,353192,377644
hu,2026-05-30,126645,39136,35229,780330.96,101192,114980
mm,2026-03-03,125167,32126,35325,221617.32,107880,114362
my,2026-01-29,861838,208692,235510,1470655.76,781905,803470
bd,2025-07-22,282212,61883,67332,275822.82,217475,248745
t3,2025-07-22,1787068,579828,371896,3416514.9,1543724,1628052
pk,2026-01-15,986649,247326,246462,1091471.94,834569,914498
t3,2025-09-23,1672474,560968,360595,3302527.51,1521308,1581983
cz,2026-03-18,128854,33212,38673,700803.68,104309,112007
pk,2026-05-06,1098364,290876,287405,1325021.52,970905,1001122
cz,2026-05-31,130958,38090,36160,741486.87,97875,119620
my,2025-09-27,1080345,230369,256922,1590696.44,930148,984330
no,2026-03-14,96162,22241,24031,975806.08,84096,88036
at,2026-06-23,93716,32780,28422,847158.31,23968,27302
sg,2025-11-14,244372,69190,66313,1322528.84,224320,225212
pk,2025-09-12,948419,236481,241150,1013871.51,817294,849573
no,2026-03-29,110103,29488,27934,1063302.1,94084,101411
mm,2026-04-21,142838,33021,36223,230766.32,112349,131205
bd,2026-01-12,264674,62076,66864,293783.29,223765,242331
cz,2026-06-10,140991,42946,41866,790225.91,115644,127923
sg,2025-07-23,204176,57892,57039,1095292.88,181359,182373
kh,2025-12-09,87431,22928,25850,147169.02,74940,79213
mm,2026-02-20,121161,31381,34530,214144.39,105063,110452
no,2025-10-06,67786,14181,13358,463677.51,55897,60577
pk,2025-10-06,918955,185616,180428,740011.63,622681,820466
pk,2025-10-31,950687,247424,247002,1061700.83,678951,707035
cz,2026-04-22,123726,38265,37833,694524.01,103029,109418
la,2025-12-08,27945,8855,9609,39297.51,24559,26106
cz,2026-03-26,130798,39714,39588,715456.1,85148,91816
bd,2026-03-26,318500,69342,74512,351281.45,224541,289680
at,2025-11-02,167775,57474,43969,1342112.35,134979,148877
cz,2026-02-05,128295,39629,39357,721438.97,105891,112282
hk,2026-02-05,314506,82876,66189,1289587.91,294218,299492
hu,2026-04-08,126322,39766,37426,711416.27,107135,113966
no,2025-09-15,70946,15728,15115,538716.24,58504,63745
kh,2025-09-15,147568,26886,29672,168785.32,123895,129091
kh,2026-05-01,112992,26302,28770,185727.51,100271,103703
pk,2026-03-12,902616,211320,223802,1038599.05,720135,801966
at,2025-09-28,131099,48125,38276,1153367.6,109161,117491
pk,2025-08-07,931255,230750,231141,947054.73,771071,811272
my,2025-11-15,1058814,224592,248232,1566235.55,918893,961082
t3,2026-05-16,2100344,662159,408998,4208928.04,1707174,1759836
pk,2026-05-16,1155877,309816,306604,1450207.39,1016110,1047232
sg,2026-04-20,246183,71126,65898,1267496.27,225519,228383
hk,2025-07-25,331712,77761,63841,1272056.01,297587,303774
la,2025-07-29,35696,9286,10304,40203.63,29354,31344
ph,2026-05-12,1344946,356451,391234,2365954.25,1175863,1246784
la,2026-05-12,35805,8538,9182,37917.37,29988,32951
hu,2026-05-12,126964,41824,38464,746444.49,107676,115915
kh,2025-07-15,137779,27035,29742,167344.56,118193,121186
at,2026-01-22,104259,37795,32285,974423.7,88394,93543
t3,2025-07-14,1758640,538372,350139,3245109.5,1518402,1604259
hk,2026-02-04,314571,82746,65620,1271821.4,294362,299741
la,2025-11-03,35664,8999,9865,41516.37,29462,32197
cz,2026-05-28,124082,38684,37885,700167.07,100809,111734
hk,2025-09-02,352855,80244,64191,1243145.45,318905,328955
t3,2025-10-21,1748265,579541,355406,3318669.35,1571023,1632076
se,2025-10-21,155118,42818,36302,1053469.61,117660,135982
pk,2026-01-23,1037698,238767,232993,1041463.01,777583,964088
hu,2026-02-15,129184,38991,34220,690031.58,91841,117359
no,2025-10-25,95332,24205,22605,856899.42,81009,85103
cz,2025-12-13,155274,50514,49058,1003928.5,126821,138665
la,2026-01-20,30660,9394,10318,42469.24,26734,28584
cz,2025-11-06,124124,38984,38487,685035.6,99626,106496
tw,2025-09-04,1337644,402490,436998,3486497.6,1230714,1249029
cz,2026-05-25,122415,36321,35708,654045.72,97794,109906
cz,2025-07-16,122143,37196,36694,641227.59,94915,102136
t3,2026-02-01,1943531,577620,331703,3565581.93,1776240,1864818
tw,2025-11-30,1594254,478972,512378,4280783.92,1440982,1517131
ph,2025-11-30,1396968,371771,414967,2762826.01,1114094,1290616
my,2026-06-07,1049627,243558,271063,1805816.82,896976,964512
mm,2026-06-07,138914,34241,37281,269373.61,110392,128583
at,2026-06-07,133344,48659,39025,1168459.16,108901,123831
kh,2026-05-22,113048,26978,29229,168596.24,100442,103203
se,2025-12-01,154474,41336,34881,1015446.04,117613,139123
kh,2025-12-01,135159,24810,26821,153842.16,115422,119314
my,2026-04-01,1011592,221616,251784,1588061.94,875320,925461
la,2026-04-01,34300,8968,9808,41199.59,27539,31456
la,2026-02-27,33212,9818,10859,46262.64,27755,30800
cz,2026-04-15,141319,42406,42031,791021.44,110479,116816
tw,2026-03-09,1297599,394913,425018,3357844.85,1198798,1231260
my,2026-06-18,903348,206368,233439,1416218.06,797297,826388
t3,2026-04-02,1997695,616044,373902,3856386,1864389,1915320
ph,2025-08-25,1290313,315771,352236,2269143.95,1054220,1170329
hu,2025-08-25,102080,31638,28509,493068.99,75538,84111
hk,2025-10-12,399685,108782,96473,2037543.68,357950,378185
cz,2025-09-06,114637,35012,33915,649639.22,88975,99084
bd,2025-09-06,287821,65385,72457,318095.42,222936,258082
cz,2025-12-14,144107,45927,44999,900168.28,113421,128036
hu,2025-12-14,131333,42117,37132,738357.18,94741,119448
pk,2025-10-26,967212,259482,263108,1126619.54,851959,881356
t3,2025-10-26,1901018,617799,372790,3801710.66,1697009,1783542
se,2025-12-28,190249,59137,49263,1527732.59,144644,174724
sg,2025-12-28,225888,69542,70257,1457863.09,209625,210363
ph,2026-06-19,1442651,347709,380882,2455865.12,1223542,1312563
no,2026-06-30,92552,20372,18702,776329.28,76145,87477
at,2025-08-24,129706,45767,36680,1089503.8,104972,113608
pk,2025-08-24,1016951,240840,240322,1011395.59,833741,888347
hk,2025-10-01,414379,107781,94098,1951750.75,364206,393934
mm,2025-10-01,136030,31150,35192,213154.61,111669,120038
no,2025-07-07,69120,15352,14654,511986.02,53101,58047
cz,2026-01-04,120056,35800,35075,707623.63,94217,106391
kh,2026-01-04,100640,24548,26642,169150.46,90129,93361
hk,2025-10-11,343936,92343,79567,1675829.57,314909,325405
se,2026-03-07,220255,64335,55597,1817151.03,181361,202871
tw,2025-12-17,1222512,404997,435002,3345472.21,1150268,1165299
no,2025-09-20,101927,24646,23267,895969.46,87490,93492
at,2025-09-20,94984,33285,27388,847733.79,78479,84305
hu,2025-09-20,113160,34995,31007,603036.78,88025,95768
at,2026-06-16,97961,33551,28940,862625.41,78699,89582
mm,2025-10-15,118586,29568,33039,199338.32,98926,103466
kh,2026-05-09,109449,25917,28221,177183.6,97020,99756
hu,2026-02-26,126906,41208,37818,685698.95,109270,115807
tw,2026-06-02,1204167,388735,417857,3318853.86,1120933,1139301
hu,2025-07-31,114299,35069,31262,536843.19,86915,93014
my,2026-01-30,895172,217441,245386,1579613.88,805214,837677
sg,2025-10-28,215997,63330,61815,1171708.8,198310,198964
hk,2026-01-19,297423,77867,61070,1204242.39,275848,281450
la,2026-01-05,30633,8699,9447,38593.72,25395,28428
ph,2026-01-05,1130663,311909,339603,2126288.25,943826,1041535
tw,2026-01-05,1227319,403525,431764,3374249.29,1145831,1167013
my,2025-11-09,1081304,227493,248388,1533452.12,925109,981035
hk,2025-09-09,325813,78933,62743,1233881.89,295218,304762
se,2025-09-08,169557,38199,33051,944221.44,125263,146648
hk,2025-11-20,303053,80435,61933,1233083.22,278479,285642
no,2025-11-24,73786,16473,15824,549154.1,62809,67024
kh,2026-06-13,100753,25827,28072,177205.28,90719,93409
no,2025-10-17,90252,22694,21289,800924.45,77048,81232
kh,2025-08-01,139752,27455,29905,182128.19,117778,121795
ph,2026-03-19,1287869,309307,384834,2456873.62,1101191,1162950
kh,2025-08-16,149548,29070,31842,190425.72,122953,132370
no,2026-04-25,97146,25348,24293,1013351.13,87172,91863
no,2025-07-09,69067,15299,14604,507325.01,53789,57529
hk,2025-12-19,308965,78545,63187,1332769.26,285113,291871
pk,2025-11-23,989395,268523,265297,1158106.3,859855,894935
kh,2025-10-02,145075,25088,27604,156975.53,118855,123117
bd,2025-07-08,322510,45761,48446,185177.28,159154,292042
ph,2025-08-29,1299331,342548,382954,2543495.1,1089512,1180986
bd,2026-06-14,295999,66935,71778,330329.26,228232,269220
hk,2026-06-14,394809,108941,97060,2078013.34,350631,375627
tw,2026-06-15,1300126,399552,428450,3428197.82,1190265,1237080
my,2025-12-18,903125,212881,243785,1498354.24,811370,839737
cz,2025-08-15,132466,42010,40447,749111.56,91733,103108
hk,2025-08-15,345600,85400,66840,1355229.06,309429,320549
mm,2025-09-25,127282,31781,36173,214424.93,105962,110996
t3,2025-09-25,1708930,574673,365743,3404762.85,1563359,1621109
la,2026-06-25,37484,11539,12822,55799.68,31536,35455
pk,2026-06-26,1219991,219178,202786,1045999.62,823650,1127424
sg,2026-05-05,247640,68899,62462,1211065.76,229386,232312
ph,2025-12-07,1327351,371848,404043,2680338.83,1125284,1239408
kh,2025-12-07,97653,26284,28666,180934.48,88075,91026
hu,2025-11-11,132274,39866,36198,630518.45,103528,111709
mm,2026-03-17,135046,29360,37116,241682.93,113196,121030
hu,2025-08-03,111343,32505,28159,528307.65,74628,92622
cz,2025-08-03,114305,34215,33191,634979.77,76936,90322
no,2025-07-22,71192,15176,14232,504871.54,56814,63022
cz,2026-01-15,141869,44290,43626,820253.51,117234,125279
cz,2025-09-24,121544,37946,37850,656862.8,96952,104077
la,2025-08-02,36863,10006,11171,45609.95,30093,32506
ph,2025-12-06,1332878,381490,416098,2757349.72,1153619,1240833
hk,2025-12-06,330993,95121,81717,1684108.54,309950,317191
sg,2025-12-06,250458,76733,76865,1616651.57,233791,236119
mm,2026-06-27,141534,35699,39085,284491.47,117116,130825
no,2025-12-21,90660,24069,24001,877905.65,78138,84088
la,2026-05-02,36538,10690,11859,52137.25,29973,33580
mm,2026-03-14,134617,30546,38618,264798.04,113759,121381
cz,2025-09-13,126835,39372,38123,740571.06,96012,110321
tw,2025-12-31,1593023,411219,441167,3782776.17,1430490,1531576
se,2026-02-08,211859,61697,52939,1660824.11,163740,195613
se,2025-09-12,204721,59161,49232,1505942.85,162044,180077
kh,2025-11-28,134554,24555,26816,157467.07,114827,118633
mm,2025-08-31,130920,32556,36655,229319.9,103468,114963
pk,2026-05-17,1168730,318038,317039,1491506.9,1021616,1054166
hk,2026-05-17,399660,111837,99292,2093165.43,369185,378920
pk,2026-04-21,1049063,271262,270231,1208370.97,914700,948950
hu,2026-05-03,112148,33811,31378,663924.93,86699,102663
la,2026-03-15,35539,9763,11512,52588.79,28474,32607
no,2025-08-05,75184,15403,14441,524066.09,60396,65102
t3,2026-02-09,1802164,572151,354023,3420356.94,1674232,1730667
hu,2026-05-18,108603,35127,32459,618894.85,91255,98547
bd,2025-07-23,290477,64301,68746,283903.05,225911,257764
hu,2026-02-20,147374,46470,41364,780000.34,117564,133595
tw,2025-10-06,1661751,478477,521655,4425072.95,1496031,1570551
sg,2025-12-08,210321,61381,58659,1138134.47,194973,196481
my,2025-08-19,960101,194218,217363,1274708.68,832461,863432
se,2026-03-26,185074,51593,45644,1378321.63,106773,122839
kh,2026-05-14,110525,26041,28459,176566.71,98920,101343
pk,2026-05-29,1161922,272068,262668,1273941.31,939485,1050921
sg,2025-07-12,245509,70811,76620,1594311.91,222550,224130
pk,2025-07-12,943362,222556,232921,974823.86,785374,833258
my,2025-09-29,975318,210276,235692,1387555.49,851860,883836
at,2026-01-24,112876,38598,32461,1052920.39,96651,102945
my,2026-01-10,881641,216166,246477,1569229.66,803318,831977
kh,2026-03-12,108797,25323,28180,163075.57,95984,98525
tw,2025-12-22,1183493,398950,425496,3293082.48,1111554,1125383
la,2025-12-22,27987,8729,9621,39416.25,23520,25960
pk,2026-02-06,1003492,259427,258126,1144345.86,812704,904194
my,2026-02-06,921743,220450,244553,1600718.54,811707,859121
sg,2025-11-15,265484,78738,79476,1630711.23,245320,246003
se,2026-03-27,220427,65245,56613,1779196.89,170073,186405
t3,2025-09-14,1885200,620370,383654,3918352.59,1677161,1787248
cz,2026-05-15,157084,49640,47953,947297.04,130308,140667
sg,2026-05-15,266002,79024,74634,1505763.59,245938,247946
cz,2026-04-20,129317,37484,36987,682663.65,107842,115104
ph,2025-07-25,1272020,295597,326921,2174211.51,999244,1149762
no,2025-07-26,79753,19506,18421,671014.33,65451,70098
tw,2025-07-11,1451320,432886,472443,4120108.11,1308867,1340569
sg,2025-07-11,226670,63664,66376,1316526.62,202856,204099
bd,2025-12-11,270952,68110,71499,312332.75,226158,249508
at,2025-12-11,107356,40077,33903,1021368.45,91012,96684
kh,2025-12-11,123397,27698,30073,168264.07,112523,115292
tw,2025-12-11,1261686,419566,448843,3551864.17,1198264,1210897
sg,2026-05-12,242970,71022,65683,1262030.39,224967,226923
sg,2025-12-25,238038,69954,72655,1545144.51,221148,221883
hk,2025-12-25,329490,85475,76236,1660377.33,305023,313565
mm,2025-11-18,116624,29199,32265,193162.22,98632,104202
my,2026-06-08,943316,217990,245728,1510360.59,817453,865314
t3,2026-06-08,1976463,611527,373176,3719310.58,1832848,1899721
at,2025-09-16,96073,32460,27609,808582.32,77466,83248
hu,2026-03-25,117983,36159,33705,605285.27,99746,105483
t3,2025-11-03,1773886,574432,344554,3261335.55,1602554,1663872
hu,2025-11-03,116018,33761,30426,547084.45,93651,102691
kh,2026-05-28,115718,28863,30311,171243.93,102996,105807
hu,2026-05-28,117785,39126,36049,709725.19,96828,106497
hk,2026-04-07,352405,97081,87370,1749774.99,320804,334137
no,2025-11-17,76366,16660,15979,552712.11,65207,69454
pk,2026-03-11,909632,220538,221623,1026252.49,717152,811964
sg,2025-08-09,309164,84425,89340,1910164.16,278665,280091
pk,2025-10-21,866691,226620,226102,926242.97,757184,782899
sg,2025-10-21,206045,59437,57385,1101570.17,189341,190027
ph,2026-03-10,1212776,320455,349238,2183337.16,1049653,1103826
pk,2025-07-17,946565,207543,210928,854009.88,715753,831307
ph,2025-07-02,1207456,295050,331658,2153736.54,1018721,1088214
mm,2025-07-02,124948,30645,35210,201268.22,102812,106913
pk,2026-06-20,1187396,294837,291221,1446294.46,1006968,1045363
se,2026-04-18,198255,61891,55764,1744931.7,166457,185486
bd,2025-08-23,285213,62265,68176,292331.6,209461,249860
my,2025-12-12,905554,210408,231054,1430994.47,816612,856323
t3,2026-05-25,1857958,545083,326539,3418731.68,1590996,1651133
tw,2025-10-10,1611035,517829,567984,4775379.28,1495130,1522874
bd,2026-05-10,342370,76671,81709,404302.15,279491,312133
ph,2026-04-04,1337439,337940,374207,2453415.64,1137922,1237754
se,2026-02-02,152312,39365,34657,1063156.85,118700,138859
t3,2026-01-06,1885037,633148,393916,3670741.16,1713858,1800271
se,2025-10-13,147612,37780,32384,935689.32,108287,127732
tw,2025-10-13,1344723,417468,449200,3566806.37,1230497,1251703
ph,2025-08-26,1206327,298642,331593,2090878.78,1015190,1095880
tw,2026-04-15,1180011,382216,413160,3195107.03,1100136,1126298
no,2026-03-09,67867,15140,14465,548139.05,58100,61739
ph,2026-06-04,1340368,349397,380997,2361431.4,1145635,1231121
se,2025-09-07,206277,61909,51371,1515463.45,149745,180753
mm,2025-09-07,135052,33058,37655,231365.99,108035,118266
kh,2026-02-13,121166,28913,32026,192693.52,108190,111196
sg,2026-02-13,223084,63176,60395,1272235.39,208155,209495
no,2025-07-04,78187,18819,17791,661190.78,62358,65921
sg,2025-12-14,257272,74583,74038,1548162.34,240447,242371
mm,2026-01-07,111333,28600,31406,190352.81,97062,101490
no,2026-02-28,93517,25147,23984,966292.82,83221,86983
kh,2026-04-16,108673,23305,23415,163498.6,73330,102089
my,2025-08-10,1042251,219882,243341,1523214.48,888966,934906
tw,2025-08-10,1589577,489617,533130,4753367.06,1444084,1481590
la,2025-10-01,33382,9206,10194,40359.92,27932,29965
cz,2025-07-07,113863,33893,33597,576849.69,87090,94246
hu,2026-04-13,128117,42461,39765,758579.29,107288,116155
cz,2026-04-13,125323,38017,37712,690287.79,103431,110610
cz,2026-05-23,126427,38716,37300,769618.5,103324,112767
no,2025-08-14,78022,18463,17156,612699.17,64108,68649
cz,2026-04-27,112508,34762,34532,625760.49,93296,99542
kh,2025-10-29,145084,27100,29427,176859.49,119752,123139
kh,2025-08-13,138323,25056,28782,159999.5,116317,119685
kh,2026-06-16,105084,26098,27347,158019.38,94642,96942
tw,2025-10-15,1353181,418043,454269,3582239.9,1234062,1254055
hk,2025-10-15,305626,76645,60088,1210219.37,275019,283796
pk,2026-02-26,795629,193349,192785,877143.7,666733,727173
t3,2025-10-14,1730027,569518,351689,3336604.55,1571526,1633161
at,2026-03-08,145541,50534,40716,1236432.03,122770,131849
cz,2025-11-09,131495,38741,37648,748126.49,100907,114056
mm,2025-12-02,130860,31653,35177,208578.18,112847,118788
cz,2025-07-20,118276,36042,34730,661126.8,86350,100331
mm,2025-09-09,147547,32551,36696,216484.89,123925,130038
bd,2026-05-07,323459,74751,79873,375671.16,268680,293968
hu,2025-10-17,137207,45321,40633,743175.81,116074,123265
my,2026-03-04,778292,167148,186959,1245362.82,682258,720749
la,2025-08-01,35776,9610,10603,43537.43,29501,31407
bd,2025-08-16,285612,65489,71160,307236.65,219095,251271
pk,2026-05-21,1109784,290860,283020,1335205.36,958535,1000512
la,2026-05-21,35869,9602,10574,46552.6,30431,32851
hu,2026-04-25,118897,38213,35521,747054.03,101201,108015
t3,2026-02-23,1735260,483997,326042,3049913.46,1560722,1630399
se,2026-01-02,198790,52052,43077,1368608.51,159295,181968
my,2026-06-28,1077542,245324,277042,1849158.09,945621,997655
la,2025-10-02,33547,9583,10721,41928.21,29124,30659
sg,2025-12-04,246350,63613,59267,1204322.75,227910,232198
at,2025-07-08,112953,36359,31321,926672.98,88662,95932
tw,2025-08-29,1422195,439686,477976,3971953.21,1292175,1319763
sg,2026-03-05,239683,68247,63719,1261965.18,216197,217332
hk,2026-04-11,343622,97779,85448,1744369.32,321146,327645
sg,2026-01-17,237345,76210,76285,1620827.91,225093,225872
ph,2026-04-26,1412078,385986,426761,2703347.31,1226479,1306657
bd,2026-06-29,366508,77294,77904,358913.55,255088,293087
mm,2026-04-23,140585,33674,37025,238734.91,111507,128848
hk,2026-02-24,308065,81416,65693,1280689.38,287192,293270
t3,2026-06-25,1937330,612470,376252,3888353.55,1785146,1860968
at,2025-09-10,103811,35773,28367,829327.92,83329,91378
pk,2026-05-05,1101573,278075,273293,1278733.54,937288,1001946
my,2026-05-05,972460,219581,265127,1544910.45,875989,904872
my,2025-11-11,1029638,213313,238054,1399642.22,909450,940105
at,2026-01-14,106442,37011,31783,960491.85,89476,95548
la,2025-08-17,34917,9154,10977,45650.13,28864,31176
sg,2026-05-30,271514,84461,84247,1788161.86,250394,252634
hu,2026-04-24,130681,43650,41182,808841.33,112754,118811
at,2026-04-24,101675,35152,30873,964947.53,87496,91998
at,2026-01-29,112361,41149,35412,1086975.86,94996,100498
se,2026-01-29,169156,48004,42142,1312179.06,138229,154653
my,2026-05-19,962380,205317,238121,1445574.76,859195,884789
t3,2025-09-24,1699594,568168,362948,3344438.43,1543010,1607994
kh,2025-08-02,137446,27232,29840,184106.14,116357,120539
ph,2025-07-21,1261050,252173,276490,1757319.75,829400,1103561
my,2026-02-22,730687,143402,157750,1087252.88,622554,671705
mm,2025-11-10,120223,30381,33514,202428.82,101546,107612
hk,2025-11-10,305935,79942,61020,1206078.21,278390,285438
tw,2025-12-21,1480672,492396,534129,4373072.64,1391575,1419511
se,2025-08-06,160077,41340,34668,994071.86,119102,137517
no,2026-05-02,89035,22368,21238,873916.52,80225,83674
bd,2026-03-28,308081,71086,76736,340728.07,231959,277581
tw,2026-03-28,1415507,466041,509173,4201803.85,1307221,1325651
ph,2025-07-10,1209290,294551,331796,2182611.67,1027844,1094511
mm,2025-07-10,123274,29987,34574,194154.21,99978,104118
cz,2026-04-21,125898,37707,37532,688303.67,105332,111753
t3,2026-04-21,1907989,609004,393718,3730240.03,1773768,1835758
kh,2025-08-30,141522,26239,28840,179013.93,118448,122631
hu,2025-08-30,128810,35727,29346,565883.31,95613,108980
ph,2026-06-24,1285006,321974,351574,2194928.54,1078249,1145118
mm,2026-05-03,135411,32670,35959,252810.66,111689,124677
la,2025-11-27,31300,8759,9682,38943.04,27012,28745
at,2026-01-27,99019,33806,29299,884595.25,83126,88706
se,2026-01-27,168521,44580,39061,1209774.65,136046,154516
bd,2025-12-09,267797,65382,69995,291960.26,222140,245370
no,2025-12-09,73220,17420,16410,577849.25,64147,67704
at,2026-02-20,118798,37955,30375,975037.76,97869,106950
hu,2025-09-11,133227,41383,37455,649967.08,100640,111318
at,2026-04-22,97050,31544,27905,835041.75,82802,87308
my,2025-12-23,851930,211533,243840,1499573.53,765215,787834
at,2026-03-26,113008,39046,32744,994535.83,69829,75650
mm,2026-05-14,138702,33424,36418,243846.22,116073,127062
tw,2026-01-13,1251374,417442,453282,3522857.45,1183239,1196264
at,2026-02-05,110490,39104,33662,1005464.28,92930,98560
at,2025-07-27,137095,47308,38338,1161398.91,110580,119160
bd,2026-04-08,301341,70535,75933,331248.84,248259,272282
at,2026-04-08,97822,32912,29026,882539.2,81719,87007
tw,2026-04-08,1182052,381797,413664,3197461.13,1101258,1123611
at,2025-07-12,100064,33214,28801,886778.11,80881,86228
mm,2025-09-15,123593,29211,32957,193608.12,100654,107159
t3,2025-10-09,1809951,591505,360678,3451660.06,1643740,1709574
hk,2026-01-24,356400,95244,83563,1700906.88,338006,345023
no,2026-03-13,90910,20591,22277,912399.09,79330,82698
no,2025-08-07,71562,16279,15330,553496.41,58188,62446
pk,2025-11-15,979904,260518,260573,1124995.31,847534,879044
t3,2026-01-11,2129951,591160,301780,3167051.16,1837408,2038776
la,2026-01-11,32111,9733,10736,46736.26,27353,30312
kh,2026-05-15,109159,25489,27628,165076.22,96908,99504
no,2026-04-20,63582,15235,14781,570516.89,55360,58721
my,2025-07-25,1069677,218017,246764,1517859.14,920229,957426
my,2026-01-25,924952,221637,247077,1618301.92,833577,867837
hu,2026-04-09,134830,40184,37970,736106.74,114534,121503
at,2025-07-29,94284,32251,27457,817372.5,74105,80106
pk,2025-12-11,909932,257674,252634,1071762.54,803637,836532
my,2025-09-17,957446,178025,199848,1186118.46,829090,871607
no,2025-09-17,70258,15994,15041,538144.04,59157,63292
ph,2026-04-05,1291156,343601,381485,2492047.49,1109416,1187423
la,2025-09-03,33810,9309,10314,40418.34,29230,30808
kh,2026-02-03,108801,25555,27607,166373.46,98484,100846
kh,2026-05-26,109184,27158,28578,159468.49,97037,99847
mm,2025-10-22,131608,14931,25298,145120.14,102498,120099
hu,2025-11-18,123647,38422,35505,602139.43,100089,107971
se,2025-09-16,152912,40046,34467,1000035.33,114770,133596
mm,2025-09-16,123324,29911,33852,197556.1,101743,106649
hk,2025-12-10,291748,81142,63580,1254314.75,272530,278540
mm,2025-12-24,135592,29913,32999,209737.86,117815,123329
kh,2025-09-02,142925,26123,28561,161739.16,121317,124961
t3,2025-09-02,1814047,609801,388334,3585258.13,1628970,1707779
se,2025-09-01,160019,40351,34794,995512.28,114051,136639
t3,2025-08-09,1814661,612347,386045,3743561.33,1602067,1691680
pk,2025-08-09,989751,243620,242147,1027215.8,805717,858794
sg,2025-08-20,208763,60904,59221,1154080.48,189734,190485
kh,2025-10-21,162973,25757,28538,161978.05,119201,123093
la,2026-01-08,29530,8617,9441,38070.52,25342,27629
my,2026-01-08,887216,216569,242016,1538403.81,801736,826340
ph,2025-07-17,1248599,301240,333693,2165981.76,997877,1133573
kh,2025-12-13,116321,25706,28167,175464.68,105124,107695
sg,2025-12-13,242515,72362,72185,1519120.36,227675,229244
cz,2026-06-20,128744,39575,37912,792425.94,97116,115184
bd,2025-12-27,244950,59843,65109,286308.01,194536,219608
se,2025-09-04,174440,36967,31408,895666.35,131146,149937
bd,2026-05-11,316596,70918,75652,340955.54,263108,286241
se,2025-10-10,205794,60119,49571,1528094.22,163151,181267
at,2026-05-10,126543,46567,37629,1151672.94,109643,115978
mm,2026-05-10,140986,32884,35866,254644.05,113891,130084
at,2026-04-30,109406,38718,33612,1061421.86,93243,98972
pk,2026-02-01,1036890,280230,283095,1274838.79,909097,951702
at,2025-11-19,99792,35817,29958,888960.95,83135,88660
my,2026-01-21,807994,197705,222441,1349344.31,741594,761964
hk,2026-04-19,395659,114992,101739,2098923.9,367474,377008
my,2025-12-26,857485,201460,225527,1466040.51,762146,794481
cz,2026-02-02,115980,34904,34681,622542.63,95348,101954
ph,2025-07-19,1459238,304958,336182,2298076.25,968045,1331579
hu,2025-07-19,109273,32028,28477,528351.67,84167,90684
la,2026-01-06,30176,8564,9346,38199.87,25461,27928
cz,2025-10-13,118491,36134,36099,625028.87,93009,101253
se,2025-08-26,173133,46149,39419,1123829.91,129617,150070
la,2025-08-26,39885,7380,7855,31264.19,30436,36581
kh,2025-07-30,132570,25865,27912,159094.95,109505,114253
at,2025-12-01,109649,38171,32228,961537.64,89675,97215
at,2026-04-01,109124,35404,30602,950373.67,90935,97358
mm,2026-02-27,130856,34503,37975,244562.9,113951,120418
no,2025-09-07,116370,30470,28315,1015344.89,97831,107095
hu,2025-12-15,122055,38535,34466,625224.45,98575,109862
bd,2025-08-25,272775,60864,66025,276299.45,214768,239267
t3,2025-09-06,1921677,623494,376858,3760139.97,1734107,1818321
hu,2025-07-04,135848,41471,38197,689378.59,105317,111425
hk,2026-04-16,304549,83234,65606,1277796.38,282133,286991
hk,2026-06-05,347633,90634,72799,1548499.29,316624,326970
se,2026-06-19,140059,32602,27150,819531.45,78406,130601
t3,2026-06-30,1895802,591819,364653,3744527.74,1720180,1797604
cz,2025-08-24,117518,36704,35683,667303.44,80212,93765
se,2026-01-04,189297,53570,44230,1392724.22,142956,174393
se,2025-10-11,214521,63522,52525,1612056.18,168106,189494
no,2025-12-03,75653,17699,16764,589585.99,66335,69759
la,2025-08-28,35710,9411,10397,41775.23,29156,32536
mm,2025-08-14,121919,30521,33951,196250.69,100602,105110
la,2025-12-17,28064,9041,9972,39108.46,24671,26063
mm,2025-09-20,133372,32498,36945,229182.38,109370,117398
t3,2026-06-16,1962000,620143,387115,3866709.89,1810363,1876742
la,2026-06-16,34903,10864,12062,51400.19,29542,33056
no,2025-10-15,76079,16979,15993,562565.59,63580,67911
pk,2025-10-15,881298,230243,229869,937575.42,755232,786426
bd,2026-05-09,313966,72950,78827,365399.38,260772,285632
my,2026-01-18,868353,210821,234724,1519422.76,790107,815812
se,2026-06-02,154699,42605,38008,1108487.36,120455,144887
se,2026-01-30,214780,65050,55380,1815835.29,180578,197969
bd,2026-01-05,268443,62499,66995,296730.51,217528,241985
mm,2026-04-14,124546,22368,24006,178530.21,90775,115015
t3,2026-03-08,1979372,592012,383029,4026545.59,1815569,1901864
pk,2026-03-08,924195,234184,237770,1114513.14,756524,830904
la,2025-11-09,38312,10160,11207,48337.7,30523,35037
tw,2025-11-09,1620467,507573,550829,4702916.77,1481864,1523752
tw,2026-06-17,1243444,383095,413671,3271040.72,1145139,1180573
t3,2025-11-20,1765096,588079,360340,3417892.23,1619787,1673176
at,2026-04-25,99929,33180,28645,919821.31,85649,90707
ph,2025-12-05,1296322,371563,405829,2619571.5,1136206,1209088
kh,2026-06-28,104201,25220,27614,178015.84,92802,95633
kh,2025-11-23,133710,25784,28141,178628.05,116029,119833
la,2025-10-16,34292,9657,10658,42246,29740,31474
pk,2025-09-21,992249,256226,265012,1121448.37,851163,883816
se,2026-05-08,195880,59451,51749,1574655.72,164464,182715
mm,2026-05-08,139059,33358,36408,245091.97,114505,127630
kh,2026-01-03,99820,24364,26493,165391.21,89030,92346
bd,2025-08-18,274687,61244,66280,276165.95,212989,240174
at,2025-10-05,145090,52198,40242,1219533.75,119784,129962
t3,2026-03-02,1770956,534608,348239,3305160.21,1634745,1696014
bd,2026-04-23,313424,73310,79073,359788.72,259398,283532
ph,2026-04-23,1358286,357522,395972,2441199.7,1199895,1260566
hu,2026-01-28,115541,35548,31850,569618.45,97669,104891
at,2025-08-15,123792,43494,35109,1049534.31,99375,108689
mm,2026-02-24,119998,30545,33514,207877.99,104530,109689
se,2025-09-25,185223,54763,46552,1370894.36,140278,161581
pk,2025-09-25,875447,225727,231624,947906.1,749200,775322
mm,2026-05-04,135634,32873,35967,239954.69,110946,123942
tw,2026-06-25,1368389,386220,409632,3347303.24,1200322,1306399
my,2025-10-30,1010645,218925,243089,1441816.43,875738,907176
tw,2026-02-21,1520472,410365,445040,3876807.47,1372765,1456762
hk,2025-11-11,309822,80970,60754,1204889.93,282653,289862
my,2026-05-30,993475,205882,235755,1606009.26,837630,910649
tw,2026-03-03,1345756,394480,423223,3319102.99,1241961,1285100
t3,2026-04-24,1876408,630836,410773,3910530.39,1755633,1806814
tw,2025-10-19,1743666,499944,537879,4523238.96,1526966,1639165
bd,2026-06-12,328906,74108,78866,384608.41,239802,302547
hu,2025-09-24,114349,35064,31777,544918.74,89791,95832
my,2026-03-18,960751,175965,212067,1538883.22,739894,844158
pk,2025-07-21,885566,207196,210120,850129.09,718092,772135
hu,2026-01-01,139748,27363,21197,437969.31,66776,130800
hu,2026-04-10,151215,49039,45428,911562.55,128075,136925
sg,2025-12-31,247956,70372,70745,1567352.34,229830,234492
kh,2026-02-22,110261,27027,29445,185877.25,96627,100781
kh,2026-03-14,109411,25574,29902,185755.7,95667,99142
my,2025-10-07,976414,210443,235706,1370767.61,850049,880312
la,2026-03-29,38920,10086,11201,48088.53,28896,35791
hk,2026-03-29,391526,109875,98088,2019766.49,359740,368502
pk,2025-08-31,1032573,241105,241911,1033027.76,783791,919884
kh,2025-08-31,141221,26787,29410,185536.28,119680,123709
la,2026-01-12,29417,8648,9437,38479.34,25297,27403
hk,2026-01-12,292627,78646,62379,1213560.49,271798,277036
la,2026-05-03,37620,10404,11498,50434.08,29859,34649
bd,2025-08-05,340271,65600,71335,321200.8,240673,298895
my,2025-12-09,796795,202490,241391,1399987.07,724661,748271
cz,2026-02-20,147468,47025,46116,892291.05,121826,129825
no,2025-09-11,74469,17644,16534,601376.84,63042,67597
hk,2025-10-06,314786,72034,56204,1248655.97,280713,294388
sg,2025-10-31,250019,72342,70811,1413575.77,173516,174833
cz,2025-08-19,114589,35235,34486,595801.18,82359,89546
mm,2025-12-23,127519,29505,32494,197858.56,111405,116829
hu,2025-12-23,113335,34841,30426,631212.81,82674,102020
sg,2025-12-23,205861,59466,58817,1174077.8,189592,190231
pk,2026-03-26,1168601,294129,290517,1287631.49,955272,1061162
mm,2025-11-02,156319,24161,26027,165551.06,118136,141132
ph,2026-02-05,1246133,329458,359286,2252574.42,1082965,1169655
t3,2025-10-20,1733242,565935,346451,3228630.04,1549514,1614459
t3,2026-05-29,1845665,504762,281824,2986653.06,1575921,1775597
sg,2025-09-29,217887,63270,60825,1170140.74,199054,199716
se,2025-11-16,203971,63602,53063,1562656.39,150333,178584
tw,2025-10-09,1366524,434831,470850,3779536.03,1256754,1278474
ph,2026-01-24,1268467,354873,388893,2517602.06,1129716,1197455
my,2025-08-08,1020712,213545,238925,1460163.74,875382,911967
pk,2026-05-01,1187342,308255,308801,1487404.05,1051444,1085828
hu,2025-09-28,103895,32161,28415,538739.82,72615,88396
se,2025-11-15,220981,67024,55285,1694314.59,173565,193590
cz,2026-03-27,141653,43686,43309,824206.57,105511,112537
hk,2026-03-27,329612,86252,69244,1437216.85,301502,307519
la,2026-05-16,37419,11038,12260,55666.36,30916,34087
bd,2025-10-08,286794,64152,69206,296631.3,229857,257650
tw,2025-10-08,1348836,417918,452108,3562678.42,1237574,1261094
mm,2026-05-15,140835,34705,37919,257590.47,119453,128460
se,2025-11-29,226335,71959,59263,1857703.43,186994,207665
my,2025-11-29,1080599,230510,250282,1629227.08,925572,989074
mm,2025-11-29,135808,33610,37598,234703.01,116464,122847
ph,2025-07-26,1290063,314456,350135,2353765.47,1045472,1164749
no,2025-10-23,72534,17446,16258,580111.07,60149,63590
sg,2025-10-23,213928,62356,60016,1158337.4,196035,196825
my,2026-03-24,1129150,223161,248233,1818313.93,859294,1039357
se,2025-11-04,163086,43065,37166,1050165.16,122295,139866
hk,2026-02-03,301099,80040,63387,1220565.21,283257,288478
sg,2026-02-17,266922,45539,45879,1018459.7,195080,249808
la,2026-06-08,36576,10838,11938,52195.69,30499,34494
cz,2025-08-21,123030,38478,37541,649509.27,89222,96679
la,2026-03-25,34731,8313,9160,37612.53,26134,31840
at,2025-12-10,104816,38465,32455,979590.43,88077,94028
la,2025-12-10,27188,8853,9664,39512.57,24178,25436
pk,2025-12-10,914741,255024,248111,1053674.26,806765,840116
hu,2025-12-24,55860,5193,3368,74370.7,12684,51431
sg,2026-05-13,249133,72855,67041,1304357.75,229134,230253
bd,2026-05-28,183963,26214,27475,128218.32,108081,165973
se,2026-04-07,151123,39179,36150,1047065.69,121616,137303
sg,2026-03-11,241668,71317,66937,1314809.32,219961,220542
se,2025-10-25,244659,75124,62751,1939150.01,189655,214376
no,2025-07-02,72173,16461,15590,553889.5,57317,61504
pk,2025-12-13,966210,270356,270905,1190832.19,847261,880437
sg,2025-12-27,220471,65593,66020,1375904.07,204772,205454
bd,2025-09-30,288149,61522,68588,297692.73,219423,257773
se,2026-01-20,154630,40489,35208,1068417.04,124033,140976
tw,2026-01-20,1281889,423946,457906,3614854.34,1203626,1221592
la,2026-01-09,28887,8728,9565,39567.06,24477,26816
sg,2026-01-09,206902,65155,61530,1252567.24,193486,193929
my,2025-10-24,1095334,221125,241010,1477470.65,913687,984621
ph,2025-10-24,1300470,354535,394361,2493923.7,1127394,1192352
kh,2025-09-04,142791,26512,29000,163657.44,120408,124377
kh,2025-12-12,163286,30647,32954,187016.17,151251,154422
mm,2025-11-05,124960,30226,33184,203413.92,97257,111035
at,2026-02-01,145699,52715,43310,1318647.48,123979,132433
kh,2026-02-01,109253,27025,29410,194319.04,98184,101077
t3,2026-04-04,2158686,680416,402526,4359105.92,2018877,2068500
kh,2026-04-19,112925,26963,29291,182699.14,98390,104909
cz,2026-06-03,125772,38571,38084,697378.08,102985,113393
ph,2025-10-27,1240516,319754,355527,2173177.76,1012762,1135244
mm,2026-01-06,108648,28222,31045,187243.44,94721,99456
no,2026-04-01,76438,14985,14709,602490.18,66474,70139
cz,2025-07-05,108326,32103,30915,585389.88,83103,91243
at,2026-03-09,98573,33839,29746,884634.07,80970,87013
no,2026-06-18,83773,20667,19450,784254.44,70767,78935
my,2026-04-02,999926,228579,261975,1649498.72,889234,921483
ph,2026-04-02,1369005,330991,365843,2420427.83,1137037,1271580
ph,2026-02-28,1376065,387502,425553,2880747.25,1207549,1286090
se,2026-04-16,156396,43644,40077,1182374.19,129990,144682
mm,2026-04-16,127255,20701,21377,157721.54,86962,118492
my,2026-04-16,924650,226952,263130,1634901.06,829209,860623
ph,2025-08-10,1271226,344282,384168,2568924.58,1058980,1155787
pk,2025-12-28,976069,264964,265792,1187326.28,834532,873317
at,2026-06-19,101564,37273,31740,978976.06,81600,92339
kh,2026-06-30,109079,25518,27679,166968.77,97655,99743
sg,2025-07-03,212260,59955,61721,1191056.18,189371,190529
t3,2026-01-04,2012068,595623,352248,3713484.53,1749279,1909760
hk,2026-01-04,372318,107443,95182,1931332.8,345472,355768
t3,2025-10-11,1980465,639071,381290,3891394.03,1802883,1876775
se,2026-05-23,211727,64725,55934,1740625.02,175220,197108
hu,2026-05-23,107463,32868,30141,678564.8,88782,97058
bd,2025-08-28,285028,64319,70037,307293.28,227841,253069
tw,2026-04-27,1202942,381538,410870,3183026.3,1127751,1141327
t3,2025-12-17,1705344,574540,356732,3354932.99,1567980,1621915
at,2025-10-29,96645,34422,29116,868582.08,78631,84307
hk,2026-06-16,335743,81535,63258,1284241.93,289356,316817
la,2025-10-15,33441,9165,10068,39912.27,28727,30586
mm,2026-05-09,130398,33362,36668,254393.73,108805,119319
hu,2026-05-20,119802,39664,36779,710589.74,102570,108464
tw,2025-10-14,1378786,425478,457627,3646583.6,1260805,1280271
se,2025-10-14,151842,39117,33267,959933.78,116237,133163
kh,2025-10-14,150443,23824,25674,148070.13,116929,122100
ph,2025-10-28,1246252,327034,363213,2251182.22,1076764,1145386
cz,2026-01-05,117339,36144,35799,648853.27,94494,102713
cz,2025-08-12,116298,35377,34676,611840.03,82244,89897
sg,2025-08-12,219786,61470,61030,1166402.99,195958,196718
hu,2025-09-09,119585,37312,33886,588609.08,92634,100021
t3,2025-09-08,1745520,553296,351165,3267469.52,1558363,1637977
cz,2025-09-08,115971,32578,32378,550465.01,90980,99152
bd,2025-11-20,284356,65919,70215,304204.67,233812,257699
ph,2025-11-24,1264997,317554,350388,2156882.01,1047697,1162497
my,2026-05-07,1025489,229659,278936,1647301.84,921387,951729
ph,2025-08-16,1371222,350973,392234,2646657.92,1101216,1245762
hu,2026-05-21,129852,42018,38767,764511.29,110741,117770
bd,2025-10-02,278070,61442,68059,315598.07,212687,250609
sg,2025-10-02,234083,66559,64243,1257050.11,215835,216569
mm,2025-09-22,122424,29268,33255,192463.94,100884,106881
la,2025-09-22,34430,8616,9492,36746.1,28125,30853
la,2025-12-04,31846,8910,9699,38737.4,27283,29414
pk,2025-10-16,878355,232901,232196,962219.06,757649,783463
mm,2025-10-16,120494,30395,33848,204788.29,100312,106465
kh,2026-06-15,106577,26180,27586,157287.22,95659,98339
la,2026-03-05,32560,9277,10137,43380.76,26553,29283
t3,2026-03-31,1905252,601316,366639,3741377.12,1767193,1813687
at,2025-12-18,108885,41441,34886,1063731.96,91123,96785
mm,2026-01-28,124111,30348,33530,199936.14,108952,114100
cz,2025-08-04,106521,31689,31043,537652.06,73048,80873
my,2025-08-04,1013307,209263,231339,1359788.39,853321,903363
se,2025-10-30,193864,55266,46912,1364659.55,148588,167847
mm,2026-05-05,137159,33582,36739,246799.06,114782,125753
at,2025-11-11,97285,34735,29677,873255.36,79297,84946
sg,2026-01-14,200590,60257,56287,1111140.9,189092,189469
bd,2026-05-30,260508,52774,56385,278799.8,174540,236888
cz,2025-10-04,130449,38963,38132,761527.35,101332,113809
pk,2026-03-17,880277,186597,220016,1060100.32,700686,780056
ph,2026-04-24,1407289,378543,419293,2624059.23,1248429,1310198
no,2025-08-03,114861,29710,27583,1000034.27,92517,102548
mm,2025-08-03,135032,33197,37013,228070.01,109476,118741
hk,2025-08-03,410241,105663,95133,1920485.37,375095,383350
kh,2025-10-19,146541,27315,30528,190468.25,119626,124336
tw,2026-01-29,1236064,424257,460229,3549088.71,1165614,1176983
hu,2026-01-29,121161,37245,32610,589192.39,102610,109582
at,2025-09-24,99307,33773,27580,811908.66,80773,86882
pk,2025-09-24,869595,220676,227030,911480.88,747643,772988
la,2026-05-06,33851,9920,11007,47170.75,29005,31340
t3,2026-02-22,1865236,527890,330332,3502586.52,1703747,1788705
kh,2026-06-27,104961,24913,27057,175506.88,93366,96171
no,2026-06-23,85228,20539,19271,754158.28,49939,56216
kh,2026-03-28,107321,25429,27883,176930.18,94082,97279
at,2026-02-07,113914,39955,33783,1082642.5,96118,102722
sg,2026-02-07,259970,77039,77268,1655444.93,244086,244690
mm,2025-10-07,135210,32659,36650,235252.17,106841,119701
kh,2026-05-17,112665,27459,29754,191837.93,100111,103035
bd,2025-09-26,285599,66364,73647,337103.2,217772,257176
cz,2025-12-09,129963,41776,41228,736624.86,107842,114903
my,2025-10-06,983974,210676,231580,1375581.75,842992,885344
no,2025-12-08,69943,16855,15896,559806.33,60272,64056
pk,2026-06-21,1272994,301902,300933,1508154.47,193985,203939
ph,2025-11-02,1287868,344118,383526,2513429.7,1053582,1179109
no,2026-01-13,75925,15972,15950,567970.34,65164,69873
no,2026-05-29,89959,23823,22304,931396.3,77949,85293
kh,2025-10-20,148721,26050,29045,161287.18,119737,124455
bd,2025-11-16,280312,63798,68190,285979.85,226430,251660
se,2026-01-10,208445,60065,50363,1635523.54,172230,193315
t3,2026-05-01,2180340,656569,407631,4162441,2047803,2106502
no,2025-11-01,113292,28444,27640,1038543.15,96533,103741
hk,2025-11-01,360651,97314,83842,1713103.38,329988,339288
at,2025-12-22,102996,36451,30990,983864.31,83877,90795
ph,2026-02-06,1318714,348756,380059,2444006.65,1108805,1231009
at,2026-03-27,121077,41962,35771,1129926.47,95137,101632
kh,2026-03-27,110962,26528,28949,172196.72,97637,100610
hk,2026-05-16,365297,96550,83582,1745922.82,335437,345774
la,2025-07-25,33886,8825,9819,38630.56,27977,29630
kh,2026-01-25,109227,27169,29718,190543.05,97954,101448
bd,2025-07-11,303526,64301,72194,327489.71,220668,263072
tw,2026-04-09,1145138,357352,385000,2990097.85,1079534,1091669