lg_country_code,city_name,zone_name,created_date_local,promised_delivery_time_bucket_min,gross_orders,successful_orders,distance_order_count,surge_multiplier,mean_delay,cvr,healthy_vendor_availability_sessions
no,Oslo,Baerum,2025-07-01,,3,1,4621.0,0,7.8529578556647284,0.076923076923076927,1.0
no,Oslo,Baerum,2025-07-01,18.0,7,5,2279.4,0,8.200798885898724,0.14814814814814814,0.95833333333333337
no,Oslo,Baerum,2025-07-01,19.0,5,5,4417.0,0,8.06757628113414,0.23076923076923078,0.97142857142857142
no,Oslo,Baerum,2025-07-01,20.0,6,5,3881.8,0,5.7316384846197534,0.33333333333333331,1.0
no,Oslo,Baerum,2025-07-01,21.0,1,1,2900.0,0,3.0,0.1111111111111111,0.44444444444444442
no,Oslo,Baerum,2025-07-01,22.0,17,16,3507.0588235294117,0,9.123518778055141,0.18253968253968253,0.926605504587156
no,Oslo,Baerum,2025-07-01,23.0,13,13,3226.3846153846152,0,8.6580632292214119,0.26595744680851063,0.9885057471264368
no,Oslo,Baerum,2025-07-01,24.0,10,10,3725.2,0,8.5815442819453338,0.1875,0.96363636363636362
no,Oslo,Baerum,2025-07-01,25.0,63,62,3743.0952380952381,0,9.37184234156956,0.19117647058823528,0.96280991735537191
no,Oslo,Baerum,2025-07-01,26.0,43,43,3820.8837209302324,0,9.393794536808393,0.20093457943925233,0.90640394088669951
no,Oslo,Baerum,2025-07-01,27.0,37,37,3548.6756756756758,0,10.177679546715815,0.20441988950276244,0.96951219512195119
no,Oslo,Baerum,2025-07-01,28.0,22,22,3672.3636363636365,0,9.1157318198810273,0.13,0.978021978021978
no,Oslo,Baerum,2025-07-01,29.0,41,39,4933.51282051282,0,9.1653346364680885,0.19487179487179487,0.9606741573033708
no,Oslo,Baerum,2025-07-01,30.0,36,36,4202.833333333333,0,11.842467818050212,0.2275132275132275,0.97093023255813948
no,Oslo,Baerum,2025-07-01,31.0,4,4,4227.75,0,11.859930733280638,0.19047619047619047,0.9375
no,Oslo,Baerum,2025-07-01,32.0,3,3,3116.3333333333335,0,15.333202056382447,0.10256410256410256,0.972972972972973
no,Oslo,Baerum,2025-07-01,33.0,8,8,3818.5,0,11.496444176461148,0.16363636363636364,0.81481481481481477
no,Oslo,Baerum,2025-07-01,34.0,25,24,4035.7083333333335,0.007664933,16.729021884033443,0.26829268292682928,0.94666666666666666
no,Oslo,Baerum,2025-07-01,39.0,1,1,6966.0,0,8.1913402048233337,0.0,1.0
no,Oslo,Baerum,2025-07-01,44.0,6,4,4580.0,0.321475626,20.308012252733434,0.13333333333333333,1.0
no,Oslo,Baerum,2025-07-02,,1,1,1806.0,0,9.0,0.0625,1.0
no,Oslo,Baerum,2025-07-02,19.0,6,3,1911.0,0,10.18799313191254,0.2,0.7142857142857143
no,Oslo,Baerum,2025-07-02,20.0,1,1,775.0,0,1.1389139557952717,0.16666666666666666,1.0
no,Oslo,Baerum,2025-07-02,21.0,3,3,3398.6666666666665,0,6.9136299253210378,0.3,1.0
no,Oslo,Baerum,2025-07-02,22.0,5,5,2442.2,0,5.8189158446914524,0.15384615384615385,1.0
no,Oslo,Baerum,2025-07-02,23.0,36,36,3367.6388888888887,0,9.1226596977835381,0.18090452261306533,0.94680851063829785
no,Oslo,Baerum,2025-07-02,24.0,57,56,3193.0357142857142,0,9.0567786937797941,0.234375,0.94849785407725318
no,Oslo,Baerum,2025-07-02,25.0,17,17,5364.35294117647,0,5.8942450674275708,0.27710843373493976,0.93243243243243246
no,Oslo,Baerum,2025-07-02,26.0,32,30,3047.0,0,9.8931920353510048,0.17088607594936708,0.97872340425531912
no,Oslo,Baerum,2025-07-02,27.0,57,56,4475.7818181818184,0,8.3058553735942464,0.22018348623853212,0.966996699669967
no,Oslo,Baerum,2025-07-02,28.0,10,9,2831.6666666666665,0,13.326227895104941,0.1702127659574468,0.97727272727272729
no,Oslo,Baerum,2025-07-02,29.0,43,42,3552.4651162790697,0,10.855646503508625,0.20441988950276244,0.95
no,Oslo,Baerum,2025-07-02,30.0,37,37,4154.6756756756758,0,10.747196966031408,0.22839506172839505,0.93617021276595747
no,Oslo,Baerum,2025-07-02,31.0,19,18,5405.0,0,10.312823340908727,0.22368421052631579,1.0
no,Oslo,Baerum,2025-07-02,32.0,24,24,4836.375,0,9.628509686170176,0.19827586206896552,0.9907407407407407
no,Oslo,Baerum,2025-07-02,34.0,6,6,3881.0,0,12.870991852099335,0.11764705882352941,0.6875
no,Oslo,Baerum,2025-07-02,42.0,4,2,4241.0,,21.236348068858295,0.1875,0.0
no,Oslo,Baerum,2025-07-03,,1,1,,0,0.0,0.0,1.0
no,Oslo,Baerum,2025-07-03,20.0,1,1,2493.0,0,7.6613266370967716,0.16666666666666666,1.0
no,Oslo,Baerum,2025-07-03,21.0,2,2,4704.0,0,4.6387221674034329,0.23809523809523808,0.90476190476190477
no,Oslo,Baerum,2025-07-03,22.0,17,17,2712.0,0,7.2006398047191835,0.21978021978021978,0.96511627906976749
no,Oslo,Baerum,2025-07-03,23.0,27,27,3275.4814814814813,0,7.6410214290052147,0.25454545454545452,0.95876288659793818
no,Oslo,Baerum,2025-07-03,24.0,28,28,3784.1785714285716,0,7.4620580255810092,0.19760479041916168,0.93835616438356162
no,Oslo,Baerum,2025-07-03,25.0,31,30,3970.2903225806454,0,7.8733496851604077,0.16233766233766234,0.94736842105263153
no,Oslo,Baerum,2025-07-03,26.0,36,36,4149.25,0,7.944449629676118,0.2348993288590604,0.97058823529411764
no,Oslo,Baerum,2025-07-03,27.0,73,72,3985.0,0.004948356,10.52296593862456,0.23178807947019867,0.95419847328244278
no,Oslo,Baerum,2025-07-03,28.0,29,28,4645.8928571428569,0,8.4821773046636633,0.21212121212121213,0.95238095238095233
no,Oslo,Baerum,2025-07-03,29.0,23,22,4121.545454545455,0,12.275466923732766,0.21212121212121213,0.87058823529411766
no,Oslo,Baerum,2025-07-03,30.0,19,19,4974.1578947368425,0,11.416584949173821,0.24615384615384617,0.9642857142857143
no,Oslo,Baerum,2025-07-03,31.0,67,67,4078.2272727272725,0,12.369601269658235,0.24723247232472326,0.97881355932203384
no,Oslo,Baerum,2025-07-03,32.0,9,9,5149.4444444444443,0,11.457339910896456,0.13043478260869565,0.9
no,Oslo,Baerum,2025-07-03,34.0,13,13,4342.0,0,14.266107072404322,0.17647058823529413,0.93617021276595747
no,Oslo,Baerum,2025-07-03,37.0,6,6,3054.6,0,17.505109303632604,0.1875,0.967741935483871
no,Oslo,Baerum,2025-07-04,,3,3,5194.666666666667,0,3.8135676529519751,0.076923076923076927,0.875
no,Oslo,Baerum,2025-07-04,19.0,7,7,2619.2857142857142,0,8.8740393776550857,0.13513513513513514,0.90322580645161288
no,Oslo,Baerum,2025-07-04,20.0,12,12,2055.25,0,1.251859139637034,0.2153846153846154,0.98275862068965514
no,Oslo,Baerum,2025-07-04,21.0,11,11,4335.909090909091,0,5.2723214631132116,0.25,0.93103448275862066
no,Oslo,Baerum,2025-07-04,22.0,18,17,3844.2777777777778,0,7.650256749878789,0.10989010989010989,0.87804878048780488
no,Oslo,Baerum,2025-07-04,23.0,51,49,3608.4897959183672,0,8.295555283392531,0.26666666666666666,0.95575221238938057
no,Oslo,Baerum,2025-07-04,24.0,10,10,3675.4,0,6.6826974946116637,0.15942028985507245,0.91803278688524592
no,Oslo,Baerum,2025-07-04,25.0,47,44,3367.7272727272725,0,4.724727084703134,0.24757281553398058,0.95081967213114749
no,Oslo,Baerum,2025-07-04,26.0,89,88,4001.7471264367814,0,7.8856482838034756,0.23280423280423279,0.96726190476190477
no,Oslo,Baerum,2025-07-04,27.0,34,33,4604.727272727273,0,5.9541038851760062,0.26451612903225807,0.99259259259259258
no,Oslo,Baerum,2025-07-04,28.0,35,34,3962.3823529411766,0,7.6881954155775185,0.2857142857142857,0.972972972972973
no,Oslo,Baerum,2025-07-04,29.0,39,39,4077.6153846153848,0,10.335623186219232,0.17415730337078653,0.93827160493827155
no,Oslo,Baerum,2025-07-04,30.0,17,17,5777.7058823529414,0,10.40753397971263,0.26470588235294118,0.93442622950819676
no,Oslo,Baerum,2025-07-04,31.0,9,9,4243.333333333333,0,13.859840730567283,0.33333333333333331,0.96875
no,Oslo,Baerum,2025-07-04,32.0,3,3,7674.333333333333,0,10.572146383773319,0.14285714285714285,0.94444444444444442
no,Oslo,Baerum,2025-07-04,34.0,7,7,5356.5714285714284,0,14.547681733241509,0.35294117647058826,1.0
no,Oslo,Baerum,2025-07-04,37.0,10,9,6302.5,0,11.453378198443865,0.16666666666666666,1.0
no,Oslo,Baerum,2025-07-04,40.0,2,2,1357.0,,19.439737521625489,0.090909090909090912,0.27272727272727271
no,Oslo,Baerum,2025-07-04,43.0,3,3,8842.0,0.1875,16.296530393683323,0.23076923076923078,0.91666666666666663
no,Oslo,Baerum,2025-07-04,44.0,1,1,14138.0,0.275787188,18.698828311462488,0.1,0.25
no,Oslo,Baerum,2025-07-05,,3,1,13399.0,,13.682586175145675,0.13793103448275862,0.70833333333333337
no,Oslo,Baerum,2025-07-05,15.0,3,3,1531.0,0,6.3341812654995007,0.0,1.0
no,Oslo,Baerum,2025-07-05,17.0,1,1,779.0,0,4.521096836615401,0.071428571428571425,1.0
no,Oslo,Baerum,2025-07-05,20.0,13,13,1651.8461538461538,0,6.2206588391681548,0.23300970873786409,0.97894736842105268
no,Oslo,Baerum,2025-07-05,21.0,16,16,2977.75,0,4.44630268846215,0.17857142857142858,0.93150684931506844
no,Oslo,Baerum,2025-07-05,22.0,40,39,3157.6410256410259,0,6.2879689707833224,0.24571428571428572,0.95454545454545459
no,Oslo,Baerum,2025-07-05,23.0,67,67,3414.818181818182,0,5.5097862684855228,0.22340425531914893,0.95901639344262291
no,Oslo,Baerum,2025-07-05,24.0,41,40,3806.3414634146343,0,6.8650677157847353,0.24489795918367346,0.98235294117647054
no,Oslo,Baerum,2025-07-05,25.0,76,76,4034.8157894736842,0,4.6254676926846665,0.22816901408450704,0.97770700636942676
no,Oslo,Baerum,2025-07-05,26.0,30,30,5098.2666666666664,0,2.406019606398778,0.27536231884057971,0.94117647058823528
no,Oslo,Baerum,2025-07-05,27.0,37,36,4156.4,0,5.9457110256511365,0.21468926553672316,0.94871794871794868
no,Oslo,Baerum,2025-07-05,28.0,20,20,5388.85,0,4.3029797855245775,0.20224719101123595,0.98809523809523814
no,Oslo,Baerum,2025-07-05,29.0,23,22,4845.0,0,7.0870433049659605,0.22340425531914893,0.97530864197530864
no,Oslo,Baerum,2025-07-05,30.0,18,18,3492.0,0,10.556701360770157,0.16666666666666666,0.82417582417582413
no,Oslo,Baerum,2025-07-05,31.0,21,20,3897.65,0,10.705317681975743,0.21978021978021978,0.9550561797752809
no,Oslo,Baerum,2025-07-05,32.0,5,5,6311.6,0,10.332156709656388,0.10638297872340426,0.81818181818181823
no,Oslo,Baerum,2025-07-05,33.0,7,7,4737.2857142857147,0,12.148275571948188,0.10344827586206896,0.8214285714285714
no,Oslo,Baerum,2025-07-05,35.0,3,2,10922.0,0,14.693388842277292,0.15,0.77777777777777779
no,Oslo,Baerum,2025-07-05,39.0,5,5,5937.8,0,15.202670692553461,0.22727272727272727,0.45
no,Oslo,Baerum,2025-07-06,,5,5,4170.4,0,5.4184823400821527,0.13043478260869565,0.83333333333333337
no,Oslo,Baerum,2025-07-06,15.0,1,1,1323.0,0,3.1218542528810174,0.090909090909090912,1.0
no,Oslo,Baerum,2025-07-06,18.0,1,1,2944.0,,6.1814678963045653,0.0,1.0
no,Oslo,Baerum,2025-07-06,19.0,5,5,1803.6,0,4.35836735582581,0.25,0.93939393939393945
no,Oslo,Baerum,2025-07-06,21.0,13,13,4807.1538461538457,0,6.8879183931906445,0.18181818181818182,0.89873417721518989
no,Oslo,Baerum,2025-07-06,22.0,44,44,3243.340909090909,0,7.6949798573155643,0.23529411764705882,0.96449704142011838
no,Oslo,Baerum,2025-07-06,23.0,40,40,3221.3589743589741,0,6.1465451688328967,0.22929936305732485,0.93430656934306566
no,Oslo,Baerum,2025-07-06,24.0,54,51,4298.9215686274511,0,5.7130997884329009,0.20754716981132076,0.96949152542372885
no,Oslo,Baerum,2025-07-06,25.0,61,57,4066.4666666666667,0,5.1349114182937674,0.21691176470588236,0.97530864197530864
no,Oslo,Baerum,2025-07-06,26.0,49,48,4046.0833333333335,0,7.5908877776720116,0.29081632653061223,0.96195652173913049
no,Oslo,Baerum,2025-07-06,27.0,43,43,4993.4186046511632,0,4.5546873062061124,0.26570048309178745,0.96808510638297873
no,Oslo,Baerum,2025-07-06,28.0,64,64,4628.5,0,8.2579151096143271,0.24710424710424711,0.94170403587443952
no,Oslo,Baerum,2025-07-06,29.0,67,67,3926.9850746268658,0,10.276119885156678,0.24590163934426229,0.9634703196347032
no,Oslo,Baerum,2025-07-06,30.0,22,21,5559.3809523809523,0,9.6144768272386987,0.15833333333333333,0.91509433962264153
no,Oslo,Baerum,2025-07-06,32.0,28,27,4578.4285714285716,0,15.132109862216964,0.32307692307692309,0.9732142857142857
no,Oslo,Baerum,2025-07-06,33.0,30,30,5359.2,0,14.130309792296002,0.23728813559322035,0.96116504854368934
no,Oslo,Baerum,2025-07-06,34.0,24,24,4238.652173913043,0.034379671,15.322388852992649,0.12643678160919541,0.76543209876543206
no,Oslo,Baerum,2025-07-07,,1,1,2493.0,0,0.0,0.16666666666666666,
no,Oslo,Baerum,2025-07-07,19.0,7,7,1274.0,0,10.247831375473906,0.23404255319148937,0.93333333333333335
no,Oslo,Baerum,2025-07-07,20.0,11,11,1809.7272727272727,0,9.14615628421553,0.18309859154929578,0.96610169491525422
no,Oslo,Baerum,2025-07-07,21.0,2,2,3210.5,0,8.9694387036109564,0.125,1.0
no,Oslo,Baerum,2025-07-07,22.0,4,4,2869.5,0.505389222,10.721693866253741,0.21428571428571427,1.0
no,Oslo,Baerum,2025-07-07,24.0,6,6,1895.6666666666667,0,14.141816924229859,0.375,0.93333333333333335
no,Oslo,Baerum,2025-07-07,25.0,21,20,3599.5,0,10.857911136510248,0.16326530612244897,0.97727272727272729
no,Oslo,Baerum,2025-07-07,26.0,30,28,3674.6428571428573,0,9.6680844867592111,0.25170068027210885,0.95588235294117652
no,Oslo,Baerum,2025-07-07,27.0,73,70,3991.7323943661972,0.033463142,10.071009025778784,0.20612813370473537,0.96625766871165641
no,Oslo,Baerum,2025-07-07,28.0,17,17,3496.294117647059,0,10.560488911586607,0.29508196721311475,0.96153846153846156
no,Oslo,Baerum,2025-07-07,29.0,24,23,3363.9166666666665,0.070005534,14.3515638811773,0.27536231884057971,0.96296296296296291
no,Oslo,Baerum,2025-07-07,30.0,3,3,3747.0,0.480911681,16.352747331060268,0.1951219512195122,0.63888888888888884
no,Oslo,Baerum,2025-07-07,31.0,25,24,4615.791666666667,0,11.10651282929218,0.27551020408163263,0.90909090909090906
no,Oslo,Baerum,2025-07-07,32.0,40,39,4496.7692307692305,0.080149304,11.706641753015807,0.20618556701030927,0.97701149425287359
no,Oslo,Baerum,2025-07-07,33.0,15,15,3617.3333333333335,0,15.919386055582128,0.18965517241379309,1.0
no,Oslo,Baerum,2025-07-07,34.0,33,32,4758.0,0.069568084,13.79785189485864,0.16793893129770993,0.957983193277311
no,Oslo,Baerum,2025-07-07,35.0,7,7,3780.5714285714284,0,18.522171262177938,0.3,1.0
no,Oslo,Baerum,2025-07-07,36.0,5,5,3392.4,0.322498407,18.03657432512308,0.24,1.0
no,Oslo,Baerum,2025-07-07,37.0,8,8,5166.7142857142853,0,12.727031079453546,0.36363636363636365,1.0
no,Oslo,Baerum,2025-07-07,38.0,11,10,5364.7,0.060846561,18.248199425906094,0.2,0.88461538461538458
no,Oslo,Baerum,2025-07-07,39.0,6,6,5911.833333333333,0,16.203826562137618,0.25,0.8
no,Oslo,Baerum,2025-07-08,,2,2,3574.0,,12.494471545974442,0.0,0.66666666666666663
no,Oslo,Baerum,2025-07-08,11.0,1,1,369.0,0,0.40685042274306582,0.2857142857142857,1.0
no,Oslo,Baerum,2025-07-08,15.0,3,3,1929.0,0,4.7778790977060579,0.33333333333333331,0.90909090909090906
no,Oslo,Baerum,2025-07-08,16.0,1,1,1254.0,0,1.0709573746635781,0.090909090909090912,1.0
no,Oslo,Baerum,2025-07-08,18.0,2,2,2147.0,0,6.38001375921854,0.13953488372093023,0.89189189189189189
no,Oslo,Baerum,2025-07-08,21.0,19,19,2798.0,0,7.2934555983040115,0.22666666666666666,0.921875
no,Oslo,Baerum,2025-07-08,22.0,13,13,3134.1538461538462,0,8.5095922985168926,0.41463414634146339,0.972972972972973
no,Oslo,Baerum,2025-07-08,23.0,3,3,3993.3333333333335,0,8.2872846064604637,0.16129032258064516,0.96666666666666667
no,Oslo,Baerum,2025-07-08,24.0,34,32,2959.6969696969695,0,6.3605562394757138,0.2389937106918239,0.97761194029850751
no,Oslo,Baerum,2025-07-08,25.0,40,39,3913.8,0,7.1067234752921191,0.2032967032967033,0.975
no,Oslo,Baerum,2025-07-08,26.0,17,17,4908.35294117647,0,7.9856560112837833,0.21428571428571427,1.0
no,Oslo,Baerum,2025-07-08,27.0,57,54,4202.2142857142853,0,7.8744667132543471,0.20676691729323307,0.961038961038961
no,Oslo,Baerum,2025-07-08,28.0,31,29,4017.9655172413795,0,10.278002308915612,0.25757575757575757,0.97520661157024791
no,Oslo,Baerum,2025-07-08,29.0,37,36,4633.666666666667,0,10.606237435704493,0.19333333333333333,0.92537313432835822
no,Oslo,Baerum,2025-07-08,30.0,25,24,4755.833333333333,0,8.9247555625641422,0.29333333333333333,1.0
no,Oslo,Baerum,2025-07-08,31.0,21,21,4954.6,0,10.203699990748179,0.14414414414414414,0.95833333333333337
no,Oslo,Baerum,2025-07-08,32.0,8,6,3557.0,0,13.885035096515857,0.20454545454545456,0.78378378378378377
no,Oslo,Baerum,2025-07-08,39.0,2,2,4475.0,0.275299238,17.258533029874005,0.0,0.058823529411764705
no,Oslo,Baerum,2025-07-09,,1,1,2795.0,0,1.4850746547200318,0.14285714285714285,1.0
no,Oslo,Baerum,2025-07-09,12.0,2,2,943.0,0,5.8475218907846571,0.18181818181818182,0.75
no,Oslo,Baerum,2025-07-09,14.0,1,1,278.0,,3.546225426977144,0.071428571428571425,0.91666666666666663
no,Oslo,Baerum,2025-07-09,16.0,1,1,1442.0,0,4.6500276904972688,0.076923076923076927,1.0
no,Oslo,Baerum,2025-07-09,19.0,5,5,2125.6,0,8.5515816802017817,0.25806451612903225,0.93333333333333335
no,Oslo,Baerum,2025-07-09,20.0,2,2,1866.0,0,3.5058676268746094,0.066666666666666666,1.0
no,Oslo,Baerum,2025-07-09,21.0,22,21,2290.3333333333335,0,7.79740274287059,0.15596330275229359,0.98936170212765961
no,Oslo,Baerum,2025-07-09,22.0,6,6,2077.3333333333335,0,8.362584273656271,0.19047619047619047,0.97435897435897434
no,Oslo,Baerum,2025-07-09,23.0,14,13,2312.1538461538462,0,8.220062488734,0.2,0.9642857142857143
no,Oslo,Baerum,2025-07-09,24.0,17,17,2780.8823529411766,0.02582913,10.520764242806381,0.16666666666666666,0.97959183673469385
no,Oslo,Baerum,2025-07-09,25.0,16,16,4930.1333333333332,0,6.59458276370761,0.32203389830508472,0.92156862745098034
no,Oslo,Baerum,2025-07-09,26.0,16,16,4228.5625,0,6.37555499891236,0.26829268292682928,0.9726027397260274
no,Oslo,Baerum,2025-07-09,27.0,52,50,3894.6923076923076,0,8.0024908396651782,0.2072072072072072,0.98039215686274506
no,Oslo,Baerum,2025-07-09,28.0,53,53,4058.9811320754716,0,8.49219574887872,0.24882629107981222,0.95360824742268047
no,Oslo,Baerum,2025-07-09,29.0,52,52,3693.5,0,9.8520365037079412,0.23107569721115537,0.97209302325581393
no,Oslo,Baerum,2025-07-09,30.0,3,3,6229.333333333333,0,11.4375,0.1875,1.0
no,Oslo,Baerum,2025-07-09,31.0,37,37,4121.864864864865,0,10.253415228477429,0.18243243243243243,0.96923076923076923
no,Oslo,Baerum,2025-07-09,32.0,11,11,3545.181818181818,0,13.429026826464424,0.17142857142857143,1.0
no,Oslo,Baerum,2025-07-09,35.0,6,6,4262.666666666667,0,3.9713980227514862,0.16326530612244897,0.97619047619047616
no,Oslo,Baerum,2025-07-09,36.0,1,1,,0,6.7316783407416851,0.33333333333333331,0.875
no,Oslo,Baerum,2025-07-10,,1,0,,,16.943211490878788,0.0,0.38461538461538464
no,Oslo,Baerum,2025-07-10,14.0,1,1,440.0,0,7.4704395191310633,0.23076923076923078,1.0
no,Oslo,Baerum,2025-07-10,15.0,1,1,873.0,0,6.87640668408114,0.22222222222222221,1.0
no,Oslo,Baerum,2025-07-10,16.0,1,1,2121.0,,4.7191957507262616,0.22222222222222221,0.88888888888888884
no,Oslo,Baerum,2025-07-10,18.0,4,4,2672.0,0,6.104116913995445,0.085714285714285715,1.0
no,Oslo,Baerum,2025-07-10,19.0,12,11,2094.181818181818,0,5.3784060834364373,0.17105263157894737,0.95652173913043481
no,Oslo,Baerum,2025-07-10,20.0,10,10,1606.7,0,4.9913498460975338,0.15384615384615385,0.9375
no,Oslo,Baerum,2025-07-10,21.0,3,3,1826.3333333333333,0,7.38455038477843,0.12,1.0
no,Oslo,Baerum,2025-07-10,22.0,22,22,3539.3636363636365,0,6.5232892683650485,0.25,0.98360655737704916
no,Oslo,Baerum,2025-07-10,23.0,19,19,4285.7894736842109,0,0.97297415974012758,0.19402985074626866,0.98333333333333328
no,Oslo,Baerum,2025-07-10,24.0,16,16,3757.5625,0,6.56459475087611,0.17307692307692307,1.0
no,Oslo,Baerum,2025-07-10,25.0,31,31,3819.0322580645161,0,7.9623934262814853,0.18939393939393939,0.9375
no,Oslo,Baerum,2025-07-10,26.0,45,45,3747.2444444444445,0,6.6404229872691509,0.21,0.96791443850267378
no,Oslo,Baerum,2025-07-10,27.0,16,16,3592.4375,0,4.3289282180013444,0.15384615384615385,0.98717948717948723
no,Oslo,Baerum,2025-07-10,28.0,32,32,4239.8125,0,7.4755730459009762,0.291970802919708,0.99193548387096775
no,Oslo,Baerum,2025-07-10,29.0,32,32,3827.5,0,5.7899913763175164,0.29411764705882354,0.9438202247191011
no,Oslo,Baerum,2025-07-10,30.0,14,14,3590.9285714285716,0,9.2016570540320384,0.265625,0.8771929824561403
no,Oslo,Baerum,2025-07-10,31.0,13,13,4542.5384615384619,0,10.927558000108457,0.21739130434782608,0.96551724137931039
no,Oslo,Baerum,2025-07-10,32.0,6,6,5365.0,0,9.7503585132710384,0.41666666666666669,1.0
no,Oslo,Baerum,2025-07-10,33.0,16,15,4649.0714285714284,0,11.28657245456678,0.22352941176470589,0.97435897435897434
no,Oslo,Baerum,2025-07-10,34.0,4,4,6621.25,0,11.637338421907431,0.24,0.86956521739130432
no,Oslo,Baerum,2025-07-10,41.0,5,3,5693.666666666667,0.302631579,19.189198135451242,0.10526315789473684,0.2857142857142857
no,Oslo,Baerum,2025-07-11,,1,1,3773.0,,0.0,0.2,0.8
no,Oslo,Baerum,2025-07-11,15.0,1,1,400.0,,11.024487330097894,0.125,1.0
no,Oslo,Baerum,2025-07-11,16.0,1,1,1959.0,0,2.5796288718925462,0.047619047619047616,1.0
no,Oslo,Baerum,2025-07-11,18.0,2,2,1463.0,0,6.4833190632452835,0.083333333333333329,0.94736842105263153
no,Oslo,Baerum,2025-07-11,19.0,1,1,2423.0,,7.0005782536582162,0.1111111111111111,0.88888888888888884
no,Oslo,Baerum,2025-07-11,20.0,6,6,1190.1666666666667,0,7.6713073705899717,0.28,1.0
no,Oslo,Baerum,2025-07-11,21.0,12,11,1637.4166666666667,0,5.8109363113549612,0.15942028985507245,0.96491228070175439
no,Oslo,Baerum,2025-07-11,22.0,11,11,2612.3636363636365,0,6.8480229012770728,0.20289855072463769,0.98245614035087714
no,Oslo,Baerum,2025-07-11,23.0,21,21,3703.4761904761904,0,3.0742444004830354,0.23584905660377359,0.979381443298969
no,Oslo,Baerum,2025-07-11,24.0,9,9,3013.8888888888887,0,7.3675034888465056,0.2073170731707317,0.85135135135135132
no,Oslo,Baerum,2025-07-11,25.0,67,66,3697.9850746268658,0,7.55073803452844,0.23943661971830985,0.92913385826771655
no,Oslo,Baerum,2025-07-11,26.0,53,50,4259.14,0,6.870744448267093,0.20779220779220781,0.937799043062201
no,Oslo,Baerum,2025-07-11,27.0,38,38,5301.4473684210525,0,6.053546615001582,0.2413793103448276,0.97902097902097907
no,Oslo,Baerum,2025-07-11,28.0,44,41,4635.3571428571431,0,5.7299556583647089,0.225,0.97101449275362317
no,Oslo,Baerum,2025-07-11,29.0,36,35,3887.4285714285716,0,6.9877599095048488,0.18120805369127516,0.950354609929078
no,Oslo,Baerum,2025-07-11,30.0,17,16,4989.4375,0,4.524938966156892,0.16,0.98863636363636365
no,Oslo,Baerum,2025-07-11,31.0,8,7,3305.0,0,12.127681034332632,0.22222222222222221,0.73770491803278693
no,Oslo,Baerum,2025-07-11,32.0,4,4,3576.0,0,8.1937238711283129,0.078947368421052627,0.94117647058823528
no,Oslo,Baerum,2025-07-11,33.0,2,2,8951.5,0,10.494288558039539,0.18181818181818182,1.0
no,Oslo,Baerum,2025-07-11,37.0,3,3,7201.666666666667,0,12.73911201509207,0.1,0.7142857142857143
no,Oslo,Baerum,2025-07-11,38.0,4,4,8086.0,0,7.3909703901065145,0.16666666666666666,0.31578947368421051
no,Oslo,Baerum,2025-07-12,,5,4,2779.25,,6.1564184712132048,0.21739130434782608,0.72222222222222221
no,Oslo,Baerum,2025-07-12,18.0,1,1,4069.0,,4.870460172533174,0.1,0.94444444444444442
no,Oslo,Baerum,2025-07-12,19.0,4,4,1782.75,0,7.5424742750679021,0.30769230769230771,0.92307692307692313
no,Oslo,Baerum,2025-07-12,20.0,9,9,2382.7777777777778,0,6.5868653376586517,0.27906976744186046,0.975
no,Oslo,Baerum,2025-07-12,21.0,19,19,3425.7894736842104,0,4.1100595375501774,0.17543859649122806,0.86915887850467288
no,Oslo,Baerum,2025-07-12,22.0,16,15,3466.2666666666669,0,4.9830581273913932,0.19540229885057472,0.90909090909090906
no,Oslo,Baerum,2025-07-12,23.0,23,23,3378.2272727272725,0,6.3622512969824889,0.24719101123595505,0.97647058823529409
no,Oslo,Baerum,2025-07-12,24.0,27,27,3995.962962962963,0,6.129379206781767,0.22448979591836735,0.97037037037037033
no,Oslo,Baerum,2025-07-12,25.0,78,76,3919.090909090909,0,4.3198954037828639,0.23508771929824562,0.97254901960784312
no,Oslo,Baerum,2025-07-12,26.0,82,81,3667.2875,0,4.7219082199100129,0.23118279569892472,0.94626865671641791
no,Oslo,Baerum,2025-07-12,27.0,16,16,4553.25,0,4.7309450801845241,0.21428571428571427,0.987012987012987
no,Oslo,Baerum,2025-07-12,28.0,39,39,3348.9230769230771,0,7.6983462316853766,0.21276595744680851,0.96212121212121215
no,Oslo,Baerum,2025-07-12,29.0,14,14,5475.6153846153848,0,7.8243628519282176,0.21739130434782608,0.975609756097561
no,Oslo,Baerum,2025-07-12,30.0,14,14,3888.4285714285716,0,10.07481835473984,0.29333333333333333,0.95588235294117652
no,Oslo,Baerum,2025-07-12,32.0,12,12,5195.083333333333,0,12.438566287914192,0.20454545454545456,0.90243902439024393
no,Oslo,Baerum,2025-07-12,35.0,7,7,4051.1428571428573,0,14.762912973222695,0.3125,1.0
no,Oslo,Baerum,2025-07-12,37.0,1,1,1744.0,0.504784689,25.113516320105493,0.0,1.0
no,Oslo,Baerum,2025-07-12,46.0,4,3,4479.333333333333,1.342335187,27.880576811133441,0.14285714285714285,1.0
no,Oslo,Baerum,2025-07-12,51.0,1,1,8360.0,0.671167593,21.919996248603542,0.0,1.0
no,Oslo,Baerum,2025-07-13,,5,1,4958.0,0,14.679139284522982,0.12121212121212122,0.6333333333333333
no,Oslo,Baerum,2025-07-13,16.0,2,2,1369.5,0,5.88231623578903,0.33333333333333331,1.0
no,Oslo,Baerum,2025-07-13,18.0,1,1,2074.0,,8.131597673607617,0.0,0.25
no,Oslo,Baerum,2025-07-13,19.0,8,8,2320.125,0,4.7554879654148356,0.175,0.89189189189189189
no,Oslo,Baerum,2025-07-13,21.0,1,1,3982.0,0,6.4682681671951894,0.047619047619047616,1.0
no,Oslo,Baerum,2025-07-13,22.0,13,13,4800.6153846153848,0,4.7502367786078548,0.36734693877551022,0.9375
no,Oslo,Baerum,2025-07-13,24.0,51,51,2682.66,0,9.9022695425999,0.25896414342629481,0.95111111111111113
no,Oslo,Baerum,2025-07-13,25.0,34,33,2676.705882352941,0,10.288866727872112,0.2,0.968944099378882
no,Oslo,Baerum,2025-07-13,26.0,6,6,3744.3333333333335,0,9.0712464973958582,0.12195121951219512,0.82857142857142863
no,Oslo,Baerum,2025-07-13,27.0,63,62,3969.8225806451615,0,8.9360083062277234,0.2421875,0.948936170212766
no,Oslo,Baerum,2025-07-13,28.0,20,18,2947.6842105263158,0,11.618831251469453,0.24324324324324326,0.92156862745098034
no,Oslo,Baerum,2025-07-13,29.0,27,27,5050.1153846153848,0,10.832619521038408,0.23684210526315788,0.97101449275362317
no,Oslo,Baerum,2025-07-13,30.0,156,152,4247.6381578947367,0.010194878,10.822515714547185,0.24774774774774774,0.94660194174757284
no,Oslo,Baerum,2025-07-13,31.0,30,29,6614.3214285714284,0,8.0766823167880748,0.25833333333333336,0.98245614035087714
no,Oslo,Baerum,2025-07-13,32.0,48,47,4302.416666666667,0,14.177038593375103,0.27814569536423839,0.9642857142857143
no,Oslo,Baerum,2025-07-13,33.0,11,11,5032.7,0,12.940067484656151,0.22857142857142856,1.0
no,Oslo,Baerum,2025-07-13,34.0,43,42,4776.53488372093,0,10.32481936968224,0.22580645161290322,0.95321637426900585
no,Oslo,Baerum,2025-07-13,35.0,15,13,2711.8461538461538,1.055003427,18.602788502735446,0.21621621621621623,0.88405797101449279
no,Oslo,Baerum,2025-07-13,37.0,40,40,5126.3076923076924,0.04794379,14.209291880536707,0.20398009950248755,0.978494623655914
no,Oslo,Baerum,2025-07-13,39.0,37,37,4578.1111111111113,0.277225879,16.365018320418425,0.24475524475524477,0.96124031007751942
no,Oslo,Baerum,2025-07-14,,1,1,5917.0,0,0.0,0.2,1.0
no,Oslo,Baerum,2025-07-14,15.0,3,3,1146.3333333333333,0,7.0495884903296107,0.0,0.875
no,Oslo,Baerum,2025-07-14,21.0,10,10,2098.9,0,7.1100153393928229,0.20253164556962025,0.87142857142857144
no,Oslo,Baerum,2025-07-14,23.0,2,2,7670.5,0,4.9160679285756537,0.22222222222222221,0.56
no,Oslo,Baerum,2025-07-14,24.0,12,12,3520.3333333333335,0,9.6436051748247369,0.14942528735632185,0.93243243243243246
no,Oslo,Baerum,2025-07-14,25.0,16,14,3953.0714285714284,0,9.0375010815362611,0.1875,0.9885057471264368
no,Oslo,Baerum,2025-07-14,26.0,31,30,3630.7666666666669,0,9.4746414011212927,0.26956521739130435,0.941747572815534
no,Oslo,Baerum,2025-07-14,27.0,6,5,2721.2,0,10.874903726890032,0.17543859649122806,0.96153846153846156
no,Oslo,Baerum,2025-07-14,28.0,13,13,4699.3846153846152,0,9.27449902946919,0.22916666666666666,0.95238095238095233
no,Oslo,Baerum,2025-07-14,29.0,52,49,4059.625,0.004734261,10.689871405620297,0.22340425531914893,0.89221556886227549
no,Oslo,Baerum,2025-07-14,30.0,69,68,4431.2941176470586,0,12.379407341583837,0.24749163879598662,0.98467432950191569
no,Oslo,Baerum,2025-07-14,31.0,17,16,4722.9375,0,10.54110077779985,0.20224719101123595,0.92307692307692313
no,Oslo,Baerum,2025-07-14,32.0,20,20,3473.8,0,14.659757580585868,0.18390804597701149,1.0
no,Oslo,Baerum,2025-07-14,33.0,25,25,4207.36,0.080928023,14.480780527393561,0.23469387755102042,0.95604395604395609
no,Oslo,Baerum,2025-07-14,34.0,33,31,4319.59375,0.018046936,14.852520568624387,0.25190839694656486,0.97345132743362828
no,Oslo,Baerum,2025-07-14,35.0,21,21,5781.8095238095239,0,14.088043940518434,0.18181818181818182,0.98550724637681164
no,Oslo,Baerum,2025-07-14,37.0,8,8,6196.625,0,11.314433343596543,0.28125,1.0
no,Oslo,Baerum,2025-07-14,38.0,11,11,4892.454545454545,0.040832795,16.830814716035277,0.18604651162790697,1.0
no,Oslo,Baerum,2025-07-14,41.0,12,12,5675.5,0.028668172,14.570114439742355,0.16438356164383561,0.95588235294117652
no,Oslo,Baerum,2025-07-14,42.0,7,6,5890.5,0.057876712,19.601774629209359,0.15151515151515152,0.59375
no,Oslo,Baerum,2025-07-15,,2,1,1032.0,0,11.582353322113114,0.15625,0.93103448275862066
no,Oslo,Baerum,2025-07-15,19.0,1,1,1551.0,0,0.0,1.0,1.0
no,Oslo,Baerum,2025-07-15,20.0,5,5,3180.6,0,6.1205794588492894,0.14583333333333334,1.0
no,Oslo,Baerum,2025-07-15,21.0,9,9,3086.4444444444443,0,6.0816721830323557,0.17391304347826086,0.97619047619047616
no,Oslo,Baerum,2025-07-15,23.0,14,14,2243.7857142857142,0,6.7379936854881421,0.21739130434782608,1.0
no,Oslo,Baerum,2025-07-15,24.0,18,16,3041.75,0,10.419678293432954,0.16949152542372881,0.95238095238095233
no,Oslo,Baerum,2025-07-15,25.0,13,13,3232.6153846153848,0,9.0134162248466918,0.17647058823529413,0.972972972972973
no,Oslo,Baerum,2025-07-15,26.0,33,33,4276.212121212121,0,6.9247976185549893,0.25165562913907286,0.9642857142857143
no,Oslo,Baerum,2025-07-15,27.0,22,22,4169.181818181818,0,7.4925513543619529,0.15254237288135594,0.99082568807339455
no,Oslo,Baerum,2025-07-15,28.0,21,21,3690.9047619047619,0,10.776803855907179,0.21052631578947367,0.94936708860759489
no,Oslo,Baerum,2025-07-15,29.0,12,12,3319.9166666666665,0,11.167481531421522,0.19607843137254902,0.97777777777777775
no,Oslo,Baerum,2025-07-15,30.0,10,10,6212.4,0,8.2596477754077675,0.19444444444444445,0.97058823529411764
no,Oslo,Baerum,2025-07-15,31.0,45,43,3681.2727272727275,0.022964258,12.881654699029653,0.24285714285714285,0.93193717277486909
no,Oslo,Baerum,2025-07-15,32.0,21,20,5694.3684210526317,0,11.295675475807576,0.20408163265306123,0.9285714285714286
no,Oslo,Baerum,2025-07-15,33.0,28,28,4338.5357142857147,0,12.063606757514718,0.1875,0.96694214876033058
no,Oslo,Baerum,2025-07-15,34.0,17,17,3814.5,0.158195614,15.782445659339402,0.17857142857142858,0.97872340425531912
no,Oslo,Baerum,2025-07-15,36.0,13,13,4831.1538461538457,0,13.653134908518073,0.22222222222222221,0.95
no,Oslo,Baerum,2025-07-15,37.0,16,16,3979.0625,0.044382317,17.961663792907874,0.24615384615384617,0.94915254237288138
no,Oslo,Baerum,2025-07-15,38.0,6,6,7208.833333333333,0.295732468,20.248978470425538,0.25,1.0
no,Oslo,Baerum,2025-07-15,39.0,3,2,3148.5,0,17.368749451338363,0.33333333333333331,0.94117647058823528
no,Oslo,Baerum,2025-07-15,40.0,3,3,4766.0,0,11.21269372272705,0.16216216216216217,0.97142857142857142
no,Oslo,Baerum,2025-07-16,,1,0,,,18.498024817313176,0.055555555555555552,0.41176470588235292
no,Oslo,Baerum,2025-07-16,18.0,3,3,2315.0,,8.7046996434614687,0.1388888888888889,1.0
no,Oslo,Baerum,2025-07-16,19.0,8,8,2048.375,0,10.128672367237277,0.30434782608695654,0.890625
no,Oslo,Baerum,2025-07-16,21.0,1,1,2112.0,0,0.0,0.22222222222222221,0.88888888888888884
no,Oslo,Baerum,2025-07-16,22.0,9,9,2746.6666666666665,0,8.6030508173930542,0.21621621621621623,1.0
no,Oslo,Baerum,2025-07-16,23.0,3,3,4518.333333333333,0,8.7233919613431468,0.14285714285714285,1.0
no,Oslo,Baerum,2025-07-16,24.0,12,12,2133.0,0,10.078523438736079,0.36,1.0
no,Oslo,Baerum,2025-07-16,25.0,26,25,3871.08,0,9.178086497582278,0.17796610169491525,0.99029126213592233
no,Oslo,Baerum,2025-07-16,26.0,23,22,3881.391304347826,0,9.7453851775066784,0.24509803921568626,0.97727272727272729
no,Oslo,Baerum,2025-07-16,27.0,63,61,4179.1475409836066,0,9.95215895965354,0.22727272727272727,0.97026022304832715
no,Oslo,Baerum,2025-07-16,28.0,8,7,5335.1428571428569,0,12.896986429380963,0.15384615384615385,1.0
no,Oslo,Baerum,2025-07-16,29.0,64,62,3607.6393442622953,0,11.73266739332033,0.24774774774774774,0.97524752475247523
no,Oslo,Baerum,2025-07-16,30.0,13,13,4205.0769230769229,0,7.8977304224517866,0.17,0.93181818181818177
no,Oslo,Baerum,2025-07-16,31.0,28,27,4320.4285714285716,0,11.857073135770278,0.17592592592592593,0.95918367346938771
no,Oslo,Baerum,2025-07-16,32.0,19,18,5558.9444444444443,0,12.107076324785016,0.19540229885057472,0.987012987012987
no,Oslo,Baerum,2025-07-16,33.0,12,12,5816.416666666667,0,11.130661418721317,0.18840579710144928,0.953125
no,Oslo,Baerum,2025-07-16,35.0,4,2,3520.0,0,17.206581459051719,0.0,1.0
no,Oslo,Baerum,2025-07-16,36.0,15,14,5383.0714285714284,0.050909091,14.750358926176451,0.16304347826086957,0.94252873563218387
no,Oslo,Baerum,2025-07-16,38.0,13,13,5375.4615384615381,0,15.914228460180148,0.24390243902439024,0.94594594594594594
no,Oslo,Baerum,2025-07-17,,8,7,3797.0,0,2.485302659702187,0.18181818181818182,0.8666666666666667
no,Oslo,Baerum,2025-07-17,15.0,1,1,774.0,0,8.0317689387415214,0.14285714285714285,1.0
no,Oslo,Baerum,2025-07-17,23.0,10,10,4013.8,0,7.2568592028384638,0.19148936170212766,0.97590361445783136
no,Oslo,Baerum,2025-07-17,25.0,9,8,3029.5,0,7.3548493030156967,0.27586206896551724,0.96153846153846156
no,Oslo,Baerum,2025-07-17,26.0,10,9,2122.7,0,13.775357164626145,0.3,0.96551724137931039
no,Oslo,Baerum,2025-07-17,27.0,51,49,3192.3673469387754,0,11.255263345718454,0.20472440944881889,0.94491525423728817
no,Oslo,Baerum,2025-07-17,28.0,23,22,3336.0,0,10.701943445847913,0.26126126126126126,0.91666666666666663
no,Oslo,Baerum,2025-07-17,29.0,30,29,4019.3103448275861,0,10.91119698289266,0.23404255319148937,0.94262295081967218
no,Oslo,Baerum,2025-07-17,30.0,32,31,3634.46875,0.028230795,14.596827555089884,0.22480620155038761,0.923728813559322
no,Oslo,Baerum,2025-07-17,31.0,45,45,4200.8666666666668,0.012719809,12.823437683162016,0.22842639593908629,0.97142857142857142
no,Oslo,Baerum,2025-07-17,32.0,24,24,4462.875,0.026594618,13.395416055106038,0.22222222222222221,0.97014925373134331
no,Oslo,Baerum,2025-07-17,33.0,18,17,4355.1176470588234,0,9.2627006455900958,0.2072072072072072,0.95145631067961167
no,Oslo,Baerum,2025-07-17,34.0,21,21,3442.4761904761904,0.156694091,14.395133993710958,0.17777777777777778,1.0
no,Oslo,Baerum,2025-07-17,35.0,17,16,2765.6470588235293,0.155997514,18.629300946701882,0.28767123287671231,0.97222222222222221
no,Oslo,Baerum,2025-07-17,36.0,19,17,4254.75,0.053038829,16.541961223253722,0.23880597014925373,0.88524590163934425
no,Oslo,Baerum,2025-07-17,37.0,19,18,3495.6111111111113,0.164699712,17.8242338266607,0.2073170731707317,1.0
no,Oslo,Baerum,2025-07-17,38.0,3,3,2667.6666666666665,0.38440367,19.101975824313936,0.16666666666666666,0.6428571428571429
no,Oslo,Baerum,2025-07-17,39.0,8,7,5847.5,0,12.716692771603839,0.15094339622641509,0.98039215686274506
no,Oslo,Baerum,2025-07-17,40.0,7,7,3424.1428571428573,0.35427242,20.344396699418485,0.23809523809523808,0.95
no,Oslo,Baerum,2025-07-17,41.0,10,10,2969.1,0.959725138,22.478448693771497,0.088235294117647065,0.90322580645161288
no,Oslo,Baerum,2025-07-17,43.0,3,3,3035.6666666666665,1.992063492,18.121701412199648,0.066666666666666666,0.72727272727272729
no,Oslo,Baerum,2025-07-17,45.0,4,4,4057.6666666666665,0.451118476,22.06146021083303,0.21428571428571427,1.0
no,Oslo,Baerum,2025-07-18,,1,1,8437.0,0,4.5775160587932984,0.0,1.0
no,Oslo,Baerum,2025-07-18,15.0,1,1,1415.0,0,3.2337905645146834,0.052631578947368418,1.0
no,Oslo,Baerum,2025-07-18,17.0,2,2,513.5,0,8.4989600026530816,0.1111111111111111,0.875
no,Oslo,Baerum,2025-07-18,18.0,6,6,1687.6666666666667,0,8.8804989099154383,0.20689655172413793,0.95833333333333337
no,Oslo,Baerum,2025-07-18,19.0,2,2,1589.5,0,8.0275899271629036,0.21428571428571427,1.0
no,Oslo,Baerum,2025-07-18,21.0,6,6,4124.5,0,3.2978381755871085,0.18181818181818182,0.98039215686274506
no,Oslo,Baerum,2025-07-18,22.0,11,10,2679.0,0,6.1467166892218357,0.19672131147540983,0.94827586206896552
no,Oslo,Baerum,2025-07-18,23.0,21,21,2981.5238095238096,0,7.7269673986126444,0.19101123595505617,0.975
no,Oslo,Baerum,2025-07-18,24.0,10,10,2781.9,0,8.2266957763999038,0.28888888888888886,1.0
no,Oslo,Baerum,2025-07-18,25.0,19,19,3065.7368421052633,0,8.5776044031927086,0.25961538461538464,0.94565217391304346
no,Oslo,Baerum,2025-07-18,26.0,58,55,4579.4821428571431,0,7.2921659355605728,0.25,0.9543568464730291
no,Oslo,Baerum,2025-07-18,27.0,24,24,4736.739130434783,0,6.8090939689869279,0.24299065420560748,0.91397849462365588
no,Oslo,Baerum,2025-07-18,28.0,26,26,4150.0769230769229,0,8.6186600978272647,0.20454545454545456,0.93103448275862066
no,Oslo,Baerum,2025-07-18,29.0,46,45,3769.195652173913,0,10.158203187946549,0.28104575163398693,0.971830985915493
no,Oslo,Baerum,2025-07-18,30.0,34,34,3848.3939393939395,0,12.010316444271862,0.232,0.90517241379310343
no,Oslo,Baerum,2025-07-18,31.0,24,24,3988.9583333333335,0,12.040140009338781,0.21428571428571427,0.93055555555555558
no,Oslo,Baerum,2025-07-18,32.0,11,11,4382.181818181818,0,9.0780820037964673,0.25757575757575757,0.9838709677419355
no,Oslo,Baerum,2025-07-18,33.0,19,19,4513.9444444444443,0,14.5453534095401,0.2807017543859649,0.83018867924528306
no,Oslo,Baerum,2025-07-18,34.0,10,10,5372.666666666667,0,8.17293677842104,0.18421052631578946,0.94444444444444442
no,Oslo,Baerum,2025-07-18,35.0,12,12,4979.416666666667,0.040468926,13.793599210226651,0.26229508196721313,0.94545454545454544
no,Oslo,Baerum,2025-07-18,39.0,2,2,2851.5,0,15.144662613181652,0.2,0.33333333333333331
no,Oslo,Baerum,2025-07-18,41.0,1,1,9685.0,0,11.689711627661044,0.0,0.5714285714285714
no,Oslo,Baerum,2025-07-18,44.0,3,3,5469.666666666667,0.051439069,16.918682109489193,0.2,0.4
no,Oslo,Baerum,2025-07-19,,3,1,8437.0,0,3.3512598083372089,0.15151515151515152,0.86206896551724133
no,Oslo,Baerum,2025-07-19,20.0,1,1,1964.0,0,9.0,0.0,0.75
no,Oslo,Baerum,2025-07-19,21.0,14,13,2690.1538461538462,0,7.58855520456723,0.17073170731707318,0.88888888888888884
no,Oslo,Baerum,2025-07-19,23.0,15,15,4285.5333333333338,0,6.4489803965139787,0.2839506172839506,0.94666666666666666
no,Oslo,Baerum,2025-07-19,24.0,15,15,3741.3333333333335,0,7.8288527183740273,0.14444444444444443,0.96052631578947367
no,Oslo,Baerum,2025-07-19,25.0,17,17,1887.4117647058824,0,10.810910021818922,0.16666666666666666,0.94202898550724634
no,Oslo,Baerum,2025-07-19,26.0,26,25,4723.3076923076924,0,6.7845364664179124,0.29906542056074764,0.967032967032967
no,Oslo,Baerum,2025-07-19,27.0,46,45,3781.1777777777779,0,7.9413488778865409,0.23809523809523808,0.9426751592356688
no,Oslo,Baerum,2025-07-19,28.0,53,50,3530.6734693877552,0,11.035862313114615,0.18723404255319148,0.93269230769230771
no,Oslo,Baerum,2025-07-19,29.0,57,57,4065.5087719298244,0,10.82544631422056,0.24113475177304963,0.98015873015873012
no,Oslo,Baerum,2025-07-19,30.0,46,45,4584.173913043478,0,10.55053014079817,0.26829268292682928,0.96478873239436624
no,Oslo,Baerum,2025-07-19,31.0,15,14,3780.2142857142858,0,13.771050792408595,0.22580645161290322,0.96666666666666667
no,Oslo,Baerum,2025-07-19,32.0,28,28,3319.7777777777778,0,14.481412046816398,0.34177215189873417,0.98461538461538467
no,Oslo,Baerum,2025-07-19,33.0,3,3,9964.3333333333339,0,11.76122604122809,0.19148936170212766,0.97674418604651159
no,Oslo,Baerum,2025-07-19,34.0,2,2,6314.5,0,11.805589486951551,0.2,0.5
no,Oslo,Baerum,2025-07-19,35.0,22,21,6575.0476190476193,0,10.051366299647336,0.2072072072072072,1.0
no,Oslo,Baerum,2025-07-19,36.0,21,19,5177.4444444444443,0.076481258,15.237804353510434,0.22,0.95121951219512191
no,Oslo,Baerum,2025-07-19,37.0,1,1,8336.0,0,10.35997692391865,0.0,0.18181818181818182
no,Oslo,Baerum,2025-07-19,38.0,11,11,5061.727272727273,0,13.35333180351282,0.20930232558139536,0.97368421052631582
no,Oslo,Baerum,2025-07-20,,1,0,,,0.0,0.25,1.0
no,Oslo,Baerum,2025-07-20,21.0,5,5,1424.2,0,8.53448172305995,0.2,0.80645161290322576
no,Oslo,Baerum,2025-07-20,22.0,12,12,4405.75,0,8.7078413259736589,0.25,0.96491228070175439
no,Oslo,Baerum,2025-07-20,23.0,11,11,3154.4545454545455,0,10.565959420235634,0.19696969696969696,0.96491228070175439
no,Oslo,Baerum,2025-07-20,24.0,8,8,5175.25,0,8.1154301212174182,0.1111111111111111,0.91666666666666663
no,Oslo,Baerum,2025-07-20,25.0,13,13,1848.0769230769231,0,14.293618129092252,0.20833333333333334,0.93478260869565222
no,Oslo,Baerum,2025-07-20,26.0,5,5,3353.4,0,11.944550666588873,0.30434782608695654,1.0
no,Oslo,Baerum,2025-07-20,27.0,9,9,4116.0,0,9.4206642629358548,0.20370370370370369,0.91836734693877553
no,Oslo,Baerum,2025-07-20,28.0,22,22,4774.363636363636,0,10.591690348182272,0.22950819672131148,0.98245614035087714
no,Oslo,Baerum,2025-07-20,29.0,12,12,2665.0833333333335,0,13.135114700399706,0.13580246913580246,0.958904109589041
no,Oslo,Baerum,2025-07-20,30.0,16,16,3335.375,0,15.268092555677805,0.14772727272727273,0.61904761904761907
no,Oslo,Baerum,2025-07-20,31.0,36,35,3953.4,0.014740515,12.839035015471433,0.2711864406779661,0.94409937888198758
no,Oslo,Baerum,2025-07-20,32.0,32,32,4540.53125,0.070058936,11.990456145739095,0.2661290322580645,0.89565217391304353
no,Oslo,Baerum,2025-07-20,33.0,13,13,4201.3846153846152,0.063345018,15.935493041687346,0.14492753623188406,0.9464285714285714
no,Oslo,Baerum,2025-07-20,34.0,42,42,4700.9523809523807,0,12.695751506127296,0.24858757062146894,0.94674556213017746
no,Oslo,Baerum,2025-07-20,35.0,45,45,3809.1777777777779,0.112593221,16.412100361050989,0.23766816143497757,0.9
no,Oslo,Baerum,2025-07-20,36.0,77,71,4885.4788732394363,0.016489067,14.189384769197595,0.23929471032745592,0.96338028169014089
no,Oslo,Baerum,2025-07-20,37.0,56,54,3655.6363636363635,0,16.542699595185741,0.23668639053254437,0.935064935064935
no,Oslo,Baerum,2025-07-20,39.0,32,32,4422.40625,0.356204027,19.069967951621813,0.15894039735099338,0.86131386861313863
no,Oslo,Baerum,2025-07-20,40.0,27,26,4880.9230769230771,0.314002224,19.031665035924821,0.27380952380952384,0.935064935064935
no,Oslo,Baerum,2025-07-20,41.0,14,13,4033.9230769230771,0.296418733,18.784437445436776,0.27631578947368424,0.94202898550724634
no,Oslo,Baerum,2025-07-20,42.0,9,9,5368.5555555555557,0.180585296,20.601302171419768,0.21052631578947367,0.94444444444444442
no,Oslo,Baerum,2025-07-20,43.0,26,25,4701.8,0.238491857,20.930788280688731,0.25,0.82278481012658233
no,Oslo,Baerum,2025-07-20,46.0,21,19,6135.2105263157891,0.400965807,19.2056546561912,0.19565217391304349,0.82786885245901642
no,Oslo,Baerum,2025-07-21,,2,1,8437.0,0,8.2468710446595921,0.1111111111111111,0.88235294117647056
no,Oslo,Baerum,2025-07-21,18.0,3,3,1193.0,0,8.9721900634464582,0.3,1.0
no,Oslo,Baerum,2025-07-21,19.0,2,2,1223.5,0,4.5754936238902708,0.33333333333333331,0.8571428571428571
no,Oslo,Baerum,2025-07-21,20.0,1,1,770.0,0,13.458333333333332,0.25,1.0
no,Oslo,Baerum,2025-07-21,22.0,2,2,2482.0,0,10.10032565717505,0.15384615384615385,0.91304347826086951
no,Oslo,Baerum,2025-07-21,23.0,11,11,3709.181818181818,0,9.2891527276402766,0.18478260869565216,0.91139240506329111
no,Oslo,Baerum,2025-07-21,25.0,24,23,3295.608695652174,0,10.227606881032088,0.17886178861788618,0.926605504587156
no,Oslo,Baerum,2025-07-21,26.0,17,17,2369.0,0,12.458737885342103,0.18055555555555555,0.9538461538461539
no,Oslo,Baerum,2025-07-21,27.0,63,63,3615.6031746031745,0,11.789300552153664,0.19469026548672566,0.9258064516129032
no,Oslo,Baerum,2025-07-21,28.0,2,2,8510.5,0,9.9434443438886841,0.25,1.0
no,Oslo,Baerum,2025-07-21,29.0,34,34,3973.2647058823532,0,10.659796037641417,0.22289156626506024,0.9375
no,Oslo,Baerum,2025-07-21,30.0,55,54,4183.3888888888887,0,12.520655468784742,0.275,0.98360655737704916
no,Oslo,Baerum,2025-07-21,31.0,59,56,3770.0178571428573,0.032611498,14.188369519616474,0.2878787878787879,0.95906432748538006
no,Oslo,Baerum,2025-07-21,32.0,26,26,5838.6153846153848,0,12.649166855043443,0.23456790123456789,0.9726027397260274
no,Oslo,Baerum,2025-07-21,33.0,1,1,5844.0,0,10.914384097121959,0.0,0.083333333333333329
no,Oslo,Baerum,2025-07-21,34.0,28,28,3549.1428571428573,0,15.917687551783187,0.23404255319148937,0.94186046511627908
no,Oslo,Baerum,2025-07-21,35.0,5,5,6522.2,0,15.863487235400139,0.18181818181818182,0.90476190476190477
no,Oslo,Baerum,2025-07-21,37.0,4,4,7494.0,0,15.608622592846276,0.19047619047619047,0.90476190476190477
no,Oslo,Baerum,2025-07-21,38.0,14,14,5003.7142857142853,0.049021507,15.940500756094705,0.22413793103448276,0.98
no,Oslo,Baerum,2025-07-21,42.0,8,8,5311.375,0.206911929,16.702691188517822,0.12820512820512819,1.0
no,Oslo,Baerum,2025-07-22,,1,0,,,8.0784652750359189,0.21428571428571427,1.0
no,Oslo,Baerum,2025-07-22,17.0,1,1,905.0,0,2.25,0.0,1.0
no,Oslo,Baerum,2025-07-22,18.0,1,1,1155.0,0,10.270950019567131,0.25,1.0
no,Oslo,Baerum,2025-07-22,19.0,3,3,2180.3333333333335,0,6.9624306540443426,0.2,1.0
no,Oslo,Baerum,2025-07-22,20.0,10,9,1829.6,0,8.664986506656728,0.12962962962962962,0.97959183673469385
no,Oslo,Baerum,2025-07-22,21.0,4,4,2303.0,0,9.0500658000311009,0.15384615384615385,0.97368421052631582
no,Oslo,Baerum,2025-07-22,22.0,5,5,2521.2,0,8.2100802893102678,0.17241379310344829,1.0
no,Oslo,Baerum,2025-07-22,23.0,3,3,4310.666666666667,0,8.8799248081918414,0.12903225806451613,0.9285714285714286
no,Oslo,Baerum,2025-07-22,24.0,27,27,3224.7777777777778,0,7.1343657998971111,0.18579234972677597,0.97041420118343191
no,Oslo,Baerum,2025-07-22,25.0,17,17,3128.4117647058824,0,10.28147668478463,0.2073170731707317,0.98717948717948723
no,Oslo,Baerum,2025-07-22,26.0,2,2,1709.0,0,9.7244421427340928,0.15789473684210525,1.0
no,Oslo,Baerum,2025-07-22,27.0,35,32,3867.5151515151515,0,9.2123219804378209,0.16582914572864321,0.91304347826086951
no,Oslo,Baerum,2025-07-22,28.0,19,19,4286.2105263157891,0,11.104402297938638,0.20238095238095238,0.98648648648648651
no,Oslo,Baerum,2025-07-22,29.0,7,7,4988.4285714285716,0,10.17076933402539,0.081632653061224483,1.0
no,Oslo,Baerum,2025-07-22,30.0,20,19,3656.5,0,10.122142940186617,0.19540229885057472,0.975609756097561
no,Oslo,Baerum,2025-07-22,31.0,12,12,3608.75,0,12.733033758040049,0.28,0.85416666666666663
no,Oslo,Baerum,2025-07-22,32.0,38,34,3095.969696969697,0,14.051457272701731,0.27464788732394368,0.976
no,Oslo,Baerum,2025-07-22,33.0,26,25,4366.583333333333,0,12.843850050471836,0.27777777777777779,0.94
no,Oslo,Baerum,2025-07-22,34.0,34,33,4050.6666666666665,0,14.054618008964725,0.2392638036809816,0.95394736842105265
no,Oslo,Baerum,2025-07-22,35.0,38,38,3949.8108108108108,0,15.330515634270521,0.24087591240875914,0.967479674796748
no,Oslo,Baerum,2025-07-22,36.0,26,26,4158.4230769230771,0,15.867487047702594,0.21212121212121213,0.95652173913043481
no,Oslo,Baerum,2025-07-22,37.0,8,8,3264.75,0.083646825,15.530249475772365,0.27272727272727271,1.0
no,Oslo,Baerum,2025-07-22,38.0,3,3,8464.3333333333339,0,11.789088422704099,0.045454545454545456,0.59090909090909094
no,Oslo,Baerum,2025-07-23,,1,1,4149.0,,,,
no,Oslo,Baerum,2025-07-23,17.0,1,1,2892.0,0,3.9532906254450424,0.16666666666666666,1.0
no,Oslo,Baerum,2025-07-23,19.0,1,1,770.0,0,11.811646469403708,0.047619047619047616,0.94871794871794868
no,Oslo,Baerum,2025-07-23,21.0,11,10,3052.3,0,5.7204600853557244,0.2608695652173913,0.975
no,Oslo,Baerum,2025-07-23,22.0,12,12,2618.75,0,9.01177758747259,0.22388059701492538,0.93103448275862066
no,Oslo,Baerum,2025-07-23,24.0,6,5,2682.0,0,9.3490012960294528,0.1951219512195122,1.0
no,Oslo,Baerum,2025-07-23,25.0,6,6,2052.1666666666665,0,9.7856552224547464,0.21428571428571427,0.918918918918919
no,Oslo,Baerum,2025-07-23,26.0,19,18,3055.9473684210525,0,10.243405064201431,0.18309859154929578,0.953125
no,Oslo,Baerum,2025-07-23,27.0,22,22,3056.1363636363635,0,10.228801338383724,0.22935779816513763,0.94680851063829785
no,Oslo,Baerum,2025-07-23,28.0,28,28,3456.4285714285716,0,9.9545696067305034,0.21341463414634146,0.9668874172185431
no,Oslo,Baerum,2025-07-23,29.0,32,32,4183.84375,0,11.149984116808559,0.24603174603174602,0.94736842105263153
no,Oslo,Baerum,2025-07-23,30.0,56,54,4603.867924528302,0,12.696144958520202,0.22566371681415928,0.865
no,Oslo,Baerum,2025-07-23,31.0,6,5,4520.0,0,13.754683523270646,0.23809523809523808,0.9
no,Oslo,Baerum,2025-07-23,32.0,9,9,4334.7777777777774,0,10.017096591722719,0.125,0.92647058823529416
no,Oslo,Baerum,2025-07-23,33.0,51,51,4279.9803921568628,0,12.035966979106263,0.23589743589743589,0.94252873563218387
no,Oslo,Baerum,2025-07-23,34.0,10,10,3424.4,0,14.294572730346802,0.17391304347826086,0.926829268292683
no,Oslo,Baerum,2025-07-23,35.0,56,56,4621.1785714285716,0,14.080385330070355,0.20833333333333334,0.96759259259259256
no,Oslo,Baerum,2025-07-23,36.0,7,7,5916.8571428571431,0.058444547,14.95949674117719,0.15217391304347827,0.97674418604651159
no,Oslo,Baerum,2025-07-23,37.0,8,8,3289.375,0.049603757,19.604723224122232,0.125,0.8571428571428571
no,Oslo,Baerum,2025-07-23,39.0,14,14,5623.4285714285716,0,16.426703108239689,0.20967741935483872,0.68965517241379315
no,Oslo,Baerum,2025-07-23,40.0,2,2,6880.5,0,13.256362440448408,0.45454545454545453,0.90909090909090906
no,Oslo,Baerum,2025-07-24,,2,2,588.5,0,1.1186777929807497,0.2857142857142857,0.66666666666666663
no,Oslo,Baerum,2025-07-24,14.0,2,2,954.5,0,7.575081804447013,0.23076923076923078,0.91666666666666663
no,Oslo,Baerum,2025-07-24,16.0,2,2,1635.5,0,1.5571280128157894,0.0,1.0
no,Oslo,Baerum,2025-07-24,17.0,5,5,1688.4,0,7.9683557967515393,0.1111111111111111,0.94736842105263153
no,Oslo,Baerum,2025-07-24,18.0,2,2,1279.0,0,7.7834312789736257,0.31578947368421051,0.94444444444444442
no,Oslo,Baerum,2025-07-24,20.0,2,2,4875.0,0,6.00346475217675,0.18604651162790697,0.94871794871794868
no,Oslo,Baerum,2025-07-24,22.0,27,26,3287.6923076923076,0,6.3273663486029692,0.25954198473282442,0.97520661157024791
no,Oslo,Baerum,2025-07-24,23.0,3,3,5530.666666666667,0,5.4331464735166985,0.44444444444444442,0.88888888888888884
no,Oslo,Baerum,2025-07-24,24.0,35,33,4114.8125,0,7.9107951607934615,0.18131868131868131,0.96470588235294119
no,Oslo,Baerum,2025-07-24,25.0,7,7,4885.0,0,9.8168529466869643,0.1951219512195122,1.0
no,Oslo,Baerum,2025-07-24,26.0,23,23,3833.608695652174,0,10.308066910247403,0.29166666666666669,1.0
no,Oslo,Baerum,2025-07-24,27.0,69,69,3644.6376811594205,0,9.47979338814949,0.215311004784689,0.9732620320855615
no,Oslo,Baerum,2025-07-24,28.0,70,69,4485.463768115942,0,8.99707990293537,0.22255192878338279,0.94462540716612375
no,Oslo,Baerum,2025-07-24,29.0,42,40,4265.2195121951218,0,9.5901676305447872,0.19883040935672514,0.974025974025974
no,Oslo,Baerum,2025-07-24,30.0,17,16,4548.25,0,10.363531123266489,0.27058823529411763,0.89189189189189189
no,Oslo,Baerum,2025-07-24,31.0,13,13,3906.9230769230771,0,10.606208649997194,0.140625,0.95
no,Oslo,Baerum,2025-07-24,32.0,12,12,4515.666666666667,0,12.571507867886126,0.24285714285714285,0.96923076923076923
no,Oslo,Baerum,2025-07-24,33.0,18,17,5899.9411764705883,0.027655838,12.909851514269507,0.20652173913043478,0.96470588235294119
no,Oslo,Baerum,2025-07-24,34.0,4,4,5392.0,0.094879518,17.158038957660839,0.10526315789473684,0.61111111111111116
no,Oslo,Baerum,2025-07-25,,1,0,,,7.1219401642226581,0.071428571428571425,1.0
no,Oslo,Baerum,2025-07-25,20.0,5,5,2939.8,0,7.7628936647205773,0.14285714285714285,1.0
no,Oslo,Baerum,2025-07-25,21.0,12,11,2165.4545454545455,0,6.42536999341913,0.20289855072463769,0.9850746268656716
no,Oslo,Baerum,2025-07-25,22.0,9,8,2811.8888888888887,0,6.5645553686312672,0.18461538461538463,0.9464285714285714
no,Oslo,Baerum,2025-07-25,23.0,31,31,3698.1612903225805,0,6.0743701034589117,0.22857142857142856,0.961038961038961
no,Oslo,Baerum,2025-07-25,24.0,39,38,3404.6578947368421,0,7.1827967936973733,0.2,0.88372093023255816
no,Oslo,Baerum,2025-07-25,25.0,49,48,3856.7755102040815,0,6.26717789100382,0.27755102040816326,0.97797356828193838
no,Oslo,Baerum,2025-07-25,26.0,43,42,3912.9047619047619,0,7.4862464718025139,0.20588235294117646,0.96858638743455494
no,Oslo,Baerum,2025-07-25,27.0,56,55,4097.636363636364,0,9.1661943404108541,0.19379844961240311,0.79090909090909089
no,Oslo,Baerum,2025-07-25,28.0,33,31,4609.46875,0,9.3457851029524051,0.21666666666666667,0.87735849056603776
no,Oslo,Baerum,2025-07-25,29.0,9,9,4095.5555555555557,0,11.34681732434397,0.15555555555555556,0.95121951219512191
no,Oslo,Baerum,2025-07-25,30.0,12,12,4863.583333333333,0,6.6676280855618923,0.21666666666666667,0.9642857142857143
no,Oslo,Baerum,2025-07-25,31.0,29,28,5177.4642857142853,0,8.7358374952351863,0.18840579710144928,0.926829268292683
no,Oslo,Baerum,2025-07-25,32.0,10,10,3949.9,0,11.83760400684454,0.40625,0.96666666666666667
no,Oslo,Baerum,2025-07-25,33.0,6,6,6530.0,0,3.0952924864653881,0.17777777777777778,0.93023255813953487
no,Oslo,Baerum,2025-07-25,34.0,19,19,3303.3157894736842,0,15.988087884329541,0.21311475409836064,0.98148148148148151
no,Oslo,Baerum,2025-07-25,35.0,6,6,3555.1666666666665,0,14.315869629040247,0.17857142857142858,1.0
no,Oslo,Baerum,2025-07-25,37.0,10,10,5680.3,0,13.645165242687369,0.19718309859154928,0.97101449275362317
no,Oslo,Baerum,2025-07-26,,3,3,4110.333333333333,0,5.016841055808154,0.25,0.9
no,Oslo,Baerum,2025-07-26,18.0,1,1,2154.0,,9.71584649401621,0.0,1.0
no,Oslo,Baerum,2025-07-26,19.0,4,2,1678.5,0,7.8960751951611607,0.1875,1.0
no,Oslo,Baerum,2025-07-26,20.0,2,2,1633.5,0,8.63572508463723,0.16666666666666666,0.90909090909090906
no,Oslo,Baerum,2025-07-26,21.0,4,4,2597.75,0,8.0598375875553359,0.22222222222222221,0.9375
no,Oslo,Baerum,2025-07-26,22.0,2,2,436.0,0,11.149123003246331,0.090909090909090912,0.875
no,Oslo,Baerum,2025-07-26,23.0,11,11,2716.6363636363635,0,10.544223244385263,0.17307692307692307,0.93617021276595747
no,Oslo,Baerum,2025-07-26,24.0,18,18,4314.4444444444443,0,5.700895116474511,0.23741007194244604,0.9453125
no,Oslo,Baerum,2025-07-26,25.0,17,16,4279.333333333333,0,7.56968990515353,0.25531914893617019,0.75
no,Oslo,Baerum,2025-07-26,26.0,49,48,3742.6041666666665,0,9.6296572026793061,0.20512820512820512,0.95321637426900585
no,Oslo,Baerum,2025-07-26,27.0,31,31,4315.2903225806449,0,5.8754184728380654,0.20118343195266272,0.96710526315789469
no,Oslo,Baerum,2025-07-26,28.0,77,77,3975.9868421052633,0,9.06708584753354,0.23885350318471338,0.97909407665505221
no,Oslo,Baerum,2025-07-26,29.0,37,35,3800.9722222222222,0,8.53758335111539,0.267515923566879,0.986013986013986
no,Oslo,Baerum,2025-07-26,30.0,60,59,4063.4736842105262,0,11.665959767033794,0.19855595667870035,0.967741935483871
no,Oslo,Baerum,2025-07-26,31.0,33,31,4503.4838709677415,0,13.066890312620204,0.2283464566929134,0.91056910569105687
no,Oslo,Baerum,2025-07-26,32.0,8,8,4346.375,0,14.547638026331361,0.14634146341463414,0.972972972972973
no,Oslo,Baerum,2025-07-26,34.0,14,12,2672.0769230769229,0.072690414,14.672460848261267,0.20652173913043478,0.79268292682926833
no,Oslo,Baerum,2025-07-26,36.0,18,17,4858.0588235294117,0.049263984,14.173284609147482,0.2413793103448276,0.975
no,Oslo,Baerum,2025-07-26,37.0,4,3,8869.0,0,11.746097523514416,0.22222222222222221,0.4375
no,Oslo,Baerum,2025-07-26,40.0,8,8,5701.875,0,10.578981366531444,0.18840579710144928,0.96923076923076923
no,Oslo,Baerum,2025-07-26,41.0,2,2,6135.5,0,14.597608071619767,0.11538461538461539,0.90909090909090906
no,Oslo,Baerum,2025-07-27,,1,0,,,20.935272583167187,0.0,1.0
no,Oslo,Baerum,2025-07-27,21.0,5,5,3349.2,0,10.58739686646822,0.30434782608695654,0.81818181818181823
no,Oslo,Baerum,2025-07-27,23.0,2,2,2426.5,0,2.25,0.5,0.25
no,Oslo,Baerum,2025-07-27,24.0,18,17,3732.8333333333335,0,10.066469306966725,0.21348314606741572,0.8902439024390244
no,Oslo,Baerum,2025-07-27,25.0,31,28,3738.1071428571427,0,7.5165379493442463,0.17763157894736842,0.89436619718309862
no,Oslo,Baerum,2025-07-27,26.0,33,33,4003.818181818182,0,9.500482589194279,0.23036649214659685,0.95953757225433522
no,Oslo,Baerum,2025-07-27,27.0,41,41,3598.9756097560976,0,8.40481855928765,0.27607361963190186,0.959731543624161
no,Oslo,Baerum,2025-07-27,28.0,95,93,4033.2391304347825,0,10.882377294996814,0.20833333333333334,0.95428571428571429
no,Oslo,Baerum,2025-07-27,29.0,42,41,4291.9761904761908,0,10.781232276782589,0.26114649681528662,0.97857142857142854
no,Oslo,Baerum,2025-07-27,30.0,41,41,4070.1951219512193,0,13.724623100418841,0.30128205128205127,0.98611111111111116
no,Oslo,Baerum,2025-07-27,31.0,96,95,4425.208333333333,0.034881665,13.335865727449566,0.25188916876574308,0.9342465753424658
no,Oslo,Baerum,2025-07-27,32.0,21,20,4777.6190476190477,0.068682607,13.670690043448017,0.21238938053097345,0.92929292929292928
no,Oslo,Baerum,2025-07-27,33.0,51,51,3572.78,0.190528317,16.96994187134786,0.23394495412844038,0.905940594059406
no,Oslo,Baerum,2025-07-27,34.0,67,67,4680.8358208955224,0,12.367029027625152,0.29,0.97058823529411764
no,Oslo,Baerum,2025-07-27,35.0,3,3,9942.3333333333339,0,9.2930898847482251,0.15789473684210525,0.94444444444444442
no,Oslo,Baerum,2025-07-27,36.0,28,28,5227.9285714285716,0,12.743265107875056,0.28155339805825241,0.96907216494845361
no,Oslo,Baerum,2025-07-27,37.0,39,38,5244.74358974359,0,13.973166621122989,0.24666666666666667,0.97142857142857142
no,Oslo,Baerum,2025-07-27,39.0,16,16,5929.6875,0,14.490173088869867,0.19540229885057472,0.98765432098765427
no,Oslo,Baerum,2025-07-28,,1,1,2093.0,0,0.0,0.0,1.0
no,Oslo,Baerum,2025-07-28,17.0,2,2,4699.5,0,6.41804439927543,0.18181818181818182,1.0
no,Oslo,Baerum,2025-07-28,18.0,1,1,2892.0,0,3.8571428571428572,0.2857142857142857,0.83333333333333337
no,Oslo,Baerum,2025-07-28,20.0,1,1,3724.0,0,4.5,0.071428571428571425,0.91666666666666663
no,Oslo,Baerum,2025-07-28,21.0,3,3,1851.3333333333333,0,9.3451237146353723,0.23684210526315788,1.0
no,Oslo,Baerum,2025-07-28,22.0,8,8,2332.5,0,8.3133574961697381,0.25641025641025639,0.91428571428571426
no,Oslo,Baerum,2025-07-28,23.0,9,9,2873.1111111111113,0,9.63929128576453,0.18032786885245902,0.93333333333333335
no,Oslo,Baerum,2025-07-28,24.0,9,9,4065.0,0,8.21576220506054,0.2,0.96551724137931039
no,Oslo,Baerum,2025-07-28,25.0,21,21,4001.8095238095239,0,8.8991937574385265,0.17142857142857143,0.8936170212765957
no,Oslo,Baerum,2025-07-28,26.0,18,18,3586.8888888888887,0,9.7087865305326222,0.23529411764705882,0.93150684931506844
no,Oslo,Baerum,2025-07-28,27.0,8,8,3526.375,0,12.222907239596788,0.24444444444444444,0.95121951219512191
no,Oslo,Baerum,2025-07-28,28.0,28,27,3057.8148148148148,0,11.858433176032996,0.23684210526315788,0.81553398058252424
no,Oslo,Baerum,2025-07-28,29.0,57,55,4112.4821428571431,0,11.027797946993578,0.24279835390946503,0.96888888888888891
no,Oslo,Baerum,2025-07-28,30.0,23,23,4808.565217391304,0,10.836540519779133,0.24509803921568626,0.98936170212765961
no,Oslo,Baerum,2025-07-28,31.0,31,31,3664.5483870967741,0.020926017,13.558776571035784,0.16993464052287582,0.96453900709219853
no,Oslo,Baerum,2025-07-28,32.0,14,14,2582.3076923076924,0,13.13714443656513,0.20270270270270271,0.9850746268656716
no,Oslo,Baerum,2025-07-28,33.0,6,6,4863.833333333333,0,9.5222734345785849,0.12903225806451613,0.92
no,Oslo,Baerum,2025-07-28,34.0,23,22,4088.7272727272725,0,12.63263375758361,0.17857142857142858,0.94736842105263153
no,Oslo,Baerum,2025-07-28,35.0,3,3,6194.333333333333,0,9.18534677658681,0.045454545454545456,1.0
no,Oslo,Baerum,2025-07-28,36.0,24,23,4928.181818181818,0.051474314,14.104359677563375,0.2074074074074074,0.97520661157024791
no,Oslo,Baerum,2025-07-28,37.0,5,5,3478.4,0,8.724073523278264,0.19565217391304349,0.97674418604651159
no,Oslo,Baerum,2025-07-28,38.0,6,5,7290.833333333333,0,15.692200198728367,0.2857142857142857,1.0
no,Oslo,Baerum,2025-07-28,39.0,3,3,3831.5,0,14.126086239918745,0.0,1.0
no,Oslo,Baerum,2025-07-28,40.0,8,8,2476.2857142857142,1.59632572,20.870162768532907,0.17857142857142858,0.93617021276595747
no,Oslo,Baerum,2025-07-28,42.0,6,4,3627.5,0.212908634,18.762982983044722,0.058823529411764705,0.3125
no,Oslo,Baerum,2025-07-28,44.0,6,5,6423.2,0.082467532,15.353125758647492,0.17948717948717949,1.0
no,Oslo,Baerum,2025-07-29,,3,1,2508.0,,12.112397748352201,0.0,0.5
no,Oslo,Baerum,2025-07-29,17.0,3,2,3578.5,0,5.2122202806603815,0.21739130434782608,0.95652173913043481
no,Oslo,Baerum,2025-07-29,19.0,1,1,391.0,0,6.4146991652907648,0.15,0.89473684210526316
no,Oslo,Baerum,2025-07-29,20.0,3,3,3482.0,0,8.1418693323929645,0.25,0.96969696969696972
no,Oslo,Baerum,2025-07-29,21.0,13,13,2679.6153846153848,0,7.1946919841016514,0.10126582278481013,0.875
no,Oslo,Baerum,2025-07-29,23.0,16,16,3540.5,0,7.0695889067689643,0.2247191011235955,0.89610389610389607
no,Oslo,Baerum,2025-07-29,24.0,3,3,2202.6666666666665,0,10.0,0.27777777777777779,1.0
no,Oslo,Baerum,2025-07-29,25.0,15,14,4310.0714285714284,0,10.043602084625524,0.28985507246376813,0.953125
no,Oslo,Baerum,2025-07-29,26.0,18,17,3228.705882352941,0,11.242802807596124,0.21176470588235294,0.926829268292683
no,Oslo,Baerum,2025-07-29,27.0,26,26,3479.5,0,10.69236203099276,0.24285714285714285,0.984375
no,Oslo,Baerum,2025-07-29,28.0,12,12,5348.416666666667,0,10.016693345541739,0.0967741935483871,0.96491228070175439
no,Oslo,Baerum,2025-07-29,29.0,44,41,3667.6136363636365,0.004898853,11.778968616013458,0.22159090909090909,0.96875
no,Oslo,Baerum,2025-07-29,30.0,47,45,3737.978260869565,0,12.450762094845555,0.24454148471615719,0.92233009708737868
no,Oslo,Baerum,2025-07-29,31.0,42,42,4210.166666666667,0,11.744655538602027,0.28187919463087246,0.95744680851063835
no,Oslo,Baerum,2025-07-29,32.0,29,29,3201.5517241379312,0,15.274226038919259,0.25675675675675674,0.968503937007874
no,Oslo,Baerum,2025-07-29,33.0,7,5,4955.166666666667,0,14.284448912668442,0.15384615384615385,1.0
no,Oslo,Baerum,2025-07-29,34.0,36,36,4765.2777777777774,0.016822306,14.008148952236645,0.17901234567901234,0.972027972027972
no,Oslo,Baerum,2025-07-29,36.0,10,10,3743.9,0.203139428,17.228934571687997,0.22807017543859648,0.98039215686274506
no,Oslo,Baerum,2025-07-29,38.0,4,4,3075.0,0,13.616432722379285,0.21428571428571427,0.92307692307692313
no,Oslo,Baerum,2025-07-29,39.0,9,9,4370.666666666667,0,17.471774545884166,0.28846153846153844,0.97674418604651159
no,Oslo,Baerum,2025-07-29,40.0,12,12,3478.0833333333335,0.194488606,19.019834190929124,0.14285714285714285,1.0
no,Oslo,Baerum,2025-07-29,45.0,14,14,5152.2142857142853,0.373045209,20.213664916033864,0.2,1.0
no,Oslo,Baerum,2025-07-30,,3,3,5119.666666666667,0,4.7432044109003177,0.052631578947368418,0.82352941176470584
no,Oslo,Baerum,2025-07-30,15.0,1,1,1874.0,0,5.62611150469449,0.0,1.0
no,Oslo,Baerum,2025-07-30,20.0,4,4,2328.5,0,7.6805980331201864,0.16216216216216217,0.94117647058823528
no,Oslo,Baerum,2025-07-30,21.0,3,3,3483.0,,6.4693496470622369,0.45454545454545453,1.0
no,Oslo,Baerum,2025-07-30,22.0,3,3,2009.0,0,9.0458433788774855,0.17391304347826086,0.95454545454545459
no,Oslo,Baerum,2025-07-30,23.0,5,5,3398.4,0,9.0,0.29166666666666669,1.0
no,Oslo,Baerum,2025-07-30,24.0,9,9,3692.6666666666665,0,9.8395872282162671,0.35555555555555557,0.972972972972973
no,Oslo,Baerum,2025-07-30,25.0,14,14,3626.7142857142858,0,9.37045848865766,0.21333333333333335,1.0
no,Oslo,Baerum,2025-07-30,26.0,29,29,2855.2413793103447,0,12.095762919343748,0.2251655629139073,0.94852941176470584
no,Oslo,Baerum,2025-07-30,27.0,29,28,3497.6071428571427,0,11.096127092059039,0.24770642201834864,0.96938775510204078
no,Oslo,Baerum,2025-07-30,28.0,47,47,3345.7872340425533,0,11.060962447231798,0.20622568093385213,0.96982758620689657
no,Oslo,Baerum,2025-07-30,29.0,61,59,4008.0508474576272,0,9.9811053712510311,0.24180327868852458,0.958904109589041
no,Oslo,Baerum,2025-07-30,30.0,9,9,3773.625,0,10.757435069698964,0.21311475409836064,1.0
no,Oslo,Baerum,2025-07-30,31.0,49,49,4057.1458333333335,0,13.305929108421624,0.234375,0.96987951807228912
no,Oslo,Baerum,2025-07-30,32.0,12,12,5402.583333333333,0,11.597959251074354,0.16,0.93333333333333335
no,Oslo,Baerum,2025-07-30,34.0,35,35,3864.7428571428572,0.02486107,15.426816151733307,0.27611940298507465,0.97391304347826091
no,Oslo,Baerum,2025-07-30,35.0,34,30,5025.5483870967746,0.076611086,15.9571941082683,0.21985815602836881,0.86178861788617889
no,Oslo,Baerum,2025-07-30,36.0,15,14,4276.7142857142853,0,16.496122820741881,0.17307692307692307,0.95652173913043481
no,Oslo,Baerum,2025-07-30,37.0,6,6,5632.166666666667,0,16.979010169786939,0.2,1.0
no,Oslo,Baerum,2025-07-30,38.0,21,21,5864.4761904761908,0.05536242,15.225943949627078,0.24691358024691357,0.98630136986301364
no,Oslo,Baerum,2025-07-31,,1,1,2409.0,0,0.0,0.0,1.0
no,Oslo,Baerum,2025-07-31,17.0,3,3,733.66666666666663,0,19.226786561067723,0.14705882352941177,0.93548387096774188
no,Oslo,Baerum,2025-07-31,18.0,2,2,2912.0,0,14.262391112151427,0.25,1.0
no,Oslo,Baerum,2025-07-31,20.0,5,5,2643.8,0,12.000886128158895,0.11764705882352941,0.96666666666666667
no,Oslo,Baerum,2025-07-31,21.0,9,9,2671.8888888888887,0,19.560055903730333,0.22950819672131148,0.98245614035087714
no,Oslo,Baerum,2025-07-31,23.0,22,22,3051.7727272727275,0,19.922166953439906,0.24444444444444444,0.98765432098765427
no,Oslo,Baerum,2025-07-31,24.0,18,17,3769.0,0,20.622456966214511,0.21621621621621623,0.984375
no,Oslo,Baerum,2025-07-31,25.0,25,22,3263.8695652173915,0,20.970133399295936,0.21052631578947367,0.97413793103448276
no,Oslo,Baerum,2025-07-31,26.0,17,17,2449.0,0,23.31955674783401,0.18604651162790697,0.974025974025974
no,Oslo,Baerum,2025-07-31,27.0,8,7,2599.5714285714284,0,23.006655040562684,0.14634146341463414,0.97058823529411764
no,Oslo,Baerum,2025-07-31,28.0,31,30,5363.5666666666666,0.020300931,20.857567738108163,0.225,0.97115384615384615
no,Oslo,Baerum,2025-07-31,29.0,48,48,4323.416666666667,0.013945857,18.709892250956891,0.26845637583892618,0.965
no,Oslo,Baerum,2025-07-31,30.0,16,15,3043.8666666666668,0,24.596749305629785,0.26865671641791045,1.0
no,Oslo,Baerum,2025-07-31,31.0,39,38,3731.6052631578946,0,26.263895621772342,0.22222222222222221,0.92241379310344829
no,Oslo,Baerum,2025-07-31,32.0,19,16,3437.0625,0,26.983843754348388,0.168,0.972972972972973
no,Oslo,Baerum,2025-07-31,33.0,41,39,4414.6923076923076,0,27.137045467084516,0.2441860465116279,0.98039215686274506
no,Oslo,Baerum,2025-07-31,34.0,7,7,5305.8571428571431,0,26.143094411113687,0.16867469879518071,1.0
no,Oslo,Baerum,2025-07-31,36.0,28,28,4101.2857142857147,0,27.161570444601519,0.22727272727272727,0.95918367346938771
no,Oslo,Baerum,2025-07-31,37.0,30,30,5224.5333333333338,0,28.002625990037487,0.25438596491228072,0.96116504854368934
no,Oslo,Baerum,2025-07-31,38.0,20,19,3701.3684210526317,0.030088496,30.482990507876995,0.18497109826589594,0.98648648648648651
no,Oslo,Baerum,2025-07-31,39.0,7,7,8237.0,0,21.47053595925313,0.23076923076923078,0.97142857142857142
no,Oslo,Baerum,2026-06-01,,1,1,3090.0,0,0.0,0.0,0.0
no,Oslo,Baerum,2026-06-01,18.0,2,2,1898.0,0,5.4364514849427756,0.125,1.0
no,Oslo,Baerum,2026-06-01,19.0,5,5,3220.2,0,8.3885247134115133,0.15151515151515152,0.96666666666666667
no,Oslo,Baerum,2026-06-01,22.0,6,6,2991.5,0,7.9883307411728195,0.13636363636363635,0.90243902439024393
no,Oslo,Baerum,2026-06-01,23.0,7,7,2430.2857142857142,0,10.853522568569835,0.33333333333333331,1.0
no,Oslo,Baerum,2026-06-01,24.0,10,10,2641.4,0,9.3910210263192582,0.25,1.0
no,Oslo,Baerum,2026-06-01,25.0,17,17,4131.9411764705883,0,8.6277859855943664,0.2857142857142857,0.95454545454545459
no,Oslo,Baerum,2026-06-01,26.0,16,16,3705.3125,0,9.3880635946125679,0.17567567567567569,0.98571428571428577
no,Oslo,Baerum,2026-06-01,27.0,31,30,3977.7666666666669,0,10.453523203563911,0.18867924528301888,0.98692810457516345
no,Oslo,Baerum,2026-06-01,28.0,33,32,4605.3125,0,9.820250334610348,0.2119205298013245,0.97916666666666663
no,Oslo,Baerum,2026-06-01,29.0,32,31,4430.875,0,10.787254510526553,0.16666666666666666,0.94444444444444442
no,Oslo,Baerum,2026-06-01,30.0,40,39,5353.4210526315792,0,10.610320199800459,0.2125,0.98026315789473684
no,Oslo,Baerum,2026-06-01,31.0,15,14,5004.2142857142853,0,11.317518449044274,0.29411764705882354,1.0
no,Oslo,Baerum,2026-06-01,32.0,32,32,4077.90625,0,12.492419219078261,0.18888888888888888,0.97752808988764039
no,Oslo,Baerum,2026-06-01,33.0,33,33,3753.4545454545455,0,14.4163323002157,0.26811594202898553,1.0
no,Oslo,Baerum,2026-06-01,34.0,28,27,3541.8888888888887,0.023539342,13.715053174940877,0.23448275862068965,0.98550724637681164
no,Oslo,Baerum,2026-06-01,35.0,6,5,3884.3333333333335,0,16.6644755622818,0.23333333333333334,0.9642857142857143
no,Oslo,Baerum,2026-06-01,36.0,27,27,3971.4814814814813,0.031710343,16.091656387237368,0.21698113207547171,0.99038461538461542
no,Oslo,Baerum,2026-06-01,37.0,33,33,4257.34375,0,14.216510526932158,0.37113402061855671,0.979381443298969
no,Oslo,Baerum,2026-06-01,39.0,22,22,4485.772727272727,0,14.091443804734238,0.19191919191919191,0.96907216494845361
no,Oslo,Baerum,2026-06-01,40.0,16,16,4409.375,0.122931442,17.107921230642877,0.19402985074626866,0.98484848484848486
no,Oslo,Baerum,2026-06-02,,2,2,4474.0,0,0.0,0.0,0.0
no,Oslo,Baerum,2026-06-02,17.0,2,2,1375.5,0,5.2923499408892187,0.25806451612903225,1.0
no,Oslo,Baerum,2026-06-02,18.0,1,1,369.0,,10.556478304815842,0.0,0.81818181818181823
no,Oslo,Baerum,2026-06-02,20.0,3,3,3044.3333333333335,0,5.1890098708652967,0.041666666666666664,0.95652173913043481
no,Oslo,Baerum,2026-06-02,21.0,6,6,6515.166666666667,0,6.3753228074957748,0.14285714285714285,0.96226415094339623
no,Oslo,Baerum,2026-06-02,22.0,19,18,2875.5,0,8.4033603785459654,0.16666666666666666,1.0
no,Oslo,Baerum,2026-06-02,23.0,36,36,3195.5,0,8.003298110830384,0.18681318681318682,0.96045197740113
no,Oslo,Baerum,2026-06-02,24.0,11,11,4036.909090909091,0,9.0926417811183757,0.26923076923076922,0.98
no,Oslo,Baerum,2026-06-02,25.0,12,12,4621.916666666667,0,9.02542001831221,0.15714285714285714,0.98484848484848486
no,Oslo,Baerum,2026-06-02,26.0,18,18,4437.166666666667,0,8.65245430365413,0.17204301075268819,0.989010989010989
no,Oslo,Baerum,2026-06-02,27.0,66,65,3962.757575757576,0,8.8911625057445374,0.24734982332155478,0.98141263940520451
no,Oslo,Baerum,2026-06-02,28.0,60,59,4214.1186440677966,0,10.499492768967407,0.19444444444444445,0.98555956678700363
no,Oslo,Baerum,2026-06-02,29.0,56,55,4171.5714285714284,0,9.3572946929801581,0.20675105485232068,0.9821428571428571
no,Oslo,Baerum,2026-06-02,31.0,45,45,4004.5227272727275,0,11.063357334851354,0.26285714285714284,0.95625
no,Oslo,Baerum,2026-06-02,32.0,18,18,4015.1111111111113,0,13.330234913506626,0.24561403508771928,1.0
no,Oslo,Baerum,2026-06-02,33.0,4,4,2887.0,0,7.0183411583941258,0.2,1.0
no,Oslo,Baerum,2026-06-02,39.0,2,2,6348.0,0,10.258854795067244,0.066666666666666666,1.0
no,Oslo,Baerum,2026-06-02,44.0,1,1,5423.0,0,8.35489402110218,0.0625,1.0
no,Oslo,Baerum,2026-06-02,45.0,1,1,14147.0,0,1.3996428051653962,0.055555555555555552,0.82352941176470584
no,Oslo,Baerum,2026-06-03,,4,4,3388.75,0,4.3608737281759984,0.054054054054054057,0.058823529411764705
no,Oslo,Baerum,2026-06-03,19.0,4,4,2067.75,0,7.1550274076308877,0.037037037037037035,1.0
no,Oslo,Baerum,2026-06-03,21.0,8,8,1999.5,0,7.6165484383594109,0.225,1.0
no,Oslo,Baerum,2026-06-03,22.0,6,6,4187.0,0,8.7764223025967,0.33333333333333331,1.0
no,Oslo,Baerum,2026-06-03,23.0,25,24,3206.0,0,7.496532209771531,0.23157894736842105,0.967391304347826
no,Oslo,Baerum,2026-06-03,24.0,26,26,4206.1923076923076,0,8.74625629953972,0.16049382716049382,0.97315436241610742
no,Oslo,Baerum,2026-06-03,25.0,23,22,4601.545454545455,0,8.9158964718276774,0.20238095238095238,1.0
no,Oslo,Baerum,2026-06-03,26.0,39,39,3977.2307692307691,0,9.1326262569692673,0.21608040201005024,0.97905759162303663
no,Oslo,Baerum,2026-06-03,27.0,53,52,3783.4528301886794,0,8.69898294721841,0.22466960352422907,0.98630136986301364
no,Oslo,Baerum,2026-06-03,28.0,33,33,4777.151515151515,0,8.3438101496634847,0.18279569892473119,0.97701149425287359
no,Oslo,Baerum,2026-06-03,29.0,33,33,4344.090909090909,0,9.3840925375734141,0.28965517241379313,0.98518518518518516
no,Oslo,Baerum,2026-06-03,30.0,16,16,3705.3125,0,11.55290568500606,0.2441860465116279,0.97530864197530864
no,Oslo,Baerum,2026-06-03,31.0,52,50,4182.4509803921565,0,12.012912408024436,0.25,0.98445595854922274
no,Oslo,Baerum,2026-06-03,32.0,9,9,4095.7777777777778,0,7.6813637498412515,0.19230769230769232,0.98076923076923073
no,Oslo,Baerum,2026-06-03,33.0,18,18,5708.0555555555557,0,12.256869777838848,0.28125,1.0
no,Oslo,Baerum,2026-06-03,34.0,17,17,4365.35294117647,0.008292246,12.162316848746942,0.22388059701492538,0.98412698412698407
no,Oslo,Baerum,2026-06-03,35.0,22,22,5520.590909090909,0,11.033937523903402,0.16513761467889909,0.87
no,Oslo,Baerum,2026-06-03,38.0,18,18,3623.7647058823532,0.075044976,17.3845940692818,0.26760563380281688,0.95774647887323938
no,Oslo,Baerum,2026-06-03,60.0,1,1,11584.0,0,10.681442973089045,0.14285714285714285,0.83333333333333337
no,Oslo,Baerum,2026-06-04,,2,2,6646.0,0,14.238386608673219,0.1,0.9
no,Oslo,Baerum,2026-06-04,20.0,7,7,3503.8571428571427,0,8.3012996909198922,0.10526315789473684,1.0
no,Oslo,Baerum,2026-06-04,21.0,3,3,3440.3333333333335,0,7.4742119550841695,0.13333333333333333,0.9642857142857143
no,Oslo,Baerum,2026-06-04,22.0,2,2,3724.0,0,1.2546916860928725,0.1875,1.0
no,Oslo,Baerum,2026-06-04,24.0,27,27,3702.6666666666665,0,7.1581553291740754,0.24603174603174602,0.97478991596638653
no,Oslo,Baerum,2026-06-04,25.0,54,53,3243.2830188679245,0,6.9456473194620454,0.2300469483568075,0.98514851485148514
no,Oslo,Baerum,2026-06-04,26.0,33,33,4691.636363636364,0,8.6405629273655151,0.2129032258064516,0.97931034482758617
no,Oslo,Baerum,2026-06-04,27.0,20,20,3625.15,0,8.8857729416662909,0.2878787878787879,0.984375
no,Oslo,Baerum,2026-06-04,28.0,48,48,4379.020833333333,0,8.6030895017917164,0.29032258064516131,0.98360655737704916
no,Oslo,Baerum,2026-06-04,29.0,48,48,4871.25,0,9.4199374157311979,0.20143884892086331,0.99621212121212122
no,Oslo,Baerum,2026-06-04,30.0,43,43,4459.0465116279074,0,13.182048033890855,0.28082191780821919,1.0
no,Oslo,Baerum,2026-06-04,31.0,28,28,5008.0357142857147,0,10.447788411011739,0.24786324786324787,0.9910714285714286
no,Oslo,Baerum,2026-06-04,32.0,31,31,5399.1290322580644,0,12.011942021742581,0.23776223776223776,0.98571428571428577
no,Oslo,Baerum,2026-06-04,33.0,32,32,5240.09375,0,12.626371245309965,0.19135802469135801,0.967741935483871
no,Oslo,Baerum,2026-06-04,34.0,11,11,3985.7272727272725,0,13.742343929840462,0.26,0.98
no,Oslo,Baerum,2026-06-04,35.0,20,20,4949.45,0,13.911633991852645,0.20652173913043478,0.93258426966292129
no,Oslo,Baerum,2026-06-04,36.0,3,3,6473.333333333333,0,8.0462498413473416,0.16666666666666666,1.0
no,Oslo,Baerum,2026-06-04,37.0,1,1,14390.0,0,12.0,0.0,0.875
no,Oslo,Baerum,2026-06-04,38.0,13,13,4924.0,0,12.513887876985182,0.2857142857142857,0.95
no,Oslo,Baerum,2026-06-04,39.0,2,2,5447.0,0,10.601232159558334,0.16666666666666666,1.0
no,Oslo,Baerum,2026-06-05,,1,1,2848.0,0,7.5331000277130684,0.0,1.0
no,Oslo,Baerum,2026-06-05,17.0,4,4,2718.0,0,5.7869496686208928,0.30769230769230771,1.0
no,Oslo,Baerum,2026-06-05,18.0,4,3,2038.3333333333333,0,4.2378870576261853,0.21739130434782608,1.0
no,Oslo,Baerum,2026-06-05,20.0,6,6,2004.8333333333333,0,7.8200291083331,0.14583333333333334,0.95454545454545459
no,Oslo,Baerum,2026-06-05,21.0,2,2,2073.0,,8.86061310505194,0.25,0.875
no,Oslo,Baerum,2026-06-05,22.0,5,5,2650.0,0,8.5559637572178886,0.16666666666666666,0.97142857142857142
no,Oslo,Baerum,2026-06-05,23.0,3,3,5758.333333333333,0,8.5594940976328022,0.14285714285714285,0.93103448275862066
no,Oslo,Baerum,2026-06-05,24.0,29,29,4224.3448275862065,0,8.51276910034968,0.13855421686746988,0.98051948051948057
no,Oslo,Baerum,2026-06-05,25.0,13,13,3932.2307692307691,0,9.8514080557809152,0.18072289156626506,0.84810126582278478
no,Oslo,Baerum,2026-06-05,26.0,30,29,5084.9333333333334,0,7.5825904112687024,0.22297297297297297,0.87769784172661869
no,Oslo,Baerum,2026-06-05,27.0,67,66,3994.151515151515,0,7.614217620097139,0.24313725490196078,0.93801652892561982
no,Oslo,Baerum,2026-06-05,28.0,48,47,4583.6170212765956,0,9.01978533120224,0.24782608695652175,0.98206278026905824
no,Oslo,Baerum,2026-06-05,29.0,132,130,3745.1692307692306,0,8.59478873255815,0.30936819172113289,0.98611111111111116
no,Oslo,Baerum,2026-06-05,30.0,53,52,4689.3269230769229,0,10.011213729360561,0.21052631578947367,0.97379912663755464
no,Oslo,Baerum,2026-06-05,31.0,23,23,4350.909090909091,0,10.175153403570251,0.17777777777777778,0.97701149425287359
no,Oslo,Baerum,2026-06-05,32.0,27,27,4193.7407407407409,0,10.526811466446327,0.28125,1.0
no,Oslo,Baerum,2026-06-05,33.0,40,40,6211.325,0,8.5207079507656047,0.25517241379310346,0.98581560283687941
no,Oslo,Baerum,2026-06-05,34.0,36,36,5924.5714285714284,0,8.7424895355127017,0.20512820512820512,0.97278911564625847
no,Oslo,Baerum,2026-06-05,35.0,4,4,7837.75,0,7.5500858072953339,0.1,1.0
no,Oslo,Baerum,2026-06-06,,1,1,6314.0,0,0.0,0.0,0.0
no,Oslo,Baerum,2026-06-06,16.0,3,3,778.0,0,8.756355170179253,0.2857142857142857,1.0
no,Oslo,Baerum,2026-06-06,18.0,1,1,3507.0,0,4.8770705647760337,0.4,1.0
no,Oslo,Baerum,2026-06-06,19.0,4,4,2560.75,0,6.835006116052007,0.28,1.0
no,Oslo,Baerum,2026-06-06,20.0,2,2,2726.5,0,8.7082573222749975,0.088235294117647065,1.0
no,Oslo,Baerum,2026-06-06,21.0,21,21,2545.6190476190477,0,8.9260593223365436,0.24324324324324326,1.0
no,Oslo,Baerum,2026-06-06,22.0,10,10,2294.0,0,8.9034672229077323,0.14583333333333334,1.0
no,Oslo,Baerum,2026-06-06,23.0,31,31,3679.9677419354839,0,7.9498086927169895,0.20812182741116753,0.96721311475409832
no,Oslo,Baerum,2026-06-06,24.0,11,11,5266.0,0,7.184705830645143,0.21276595744680851,0.93023255813953487
no,Oslo,Baerum,2026-06-06,25.0,33,31,3371.483870967742,0,8.9389643167922266,0.17241379310344829,0.88148148148148153
no,Oslo,Baerum,2026-06-06,26.0,58,57,4231.0701754385964,0,7.5482103633832214,0.192,0.97083333333333333
no,Oslo,Baerum,2026-06-06,27.0,30,30,3147.3333333333335,0,6.8750859985353223,0.27586206896551724,0.98198198198198194
no,Oslo,Baerum,2026-06-06,28.0,71,70,3972.0289855072465,0,5.74651005293591,0.26885245901639343,0.95847750865051906
no,Oslo,Baerum,2026-06-06,29.0,101,101,4964.96,0,7.73684196163826,0.25878594249201275,0.96575342465753422
no,Oslo,Baerum,2026-06-06,30.0,32,32,5267.5625,0,6.9210512963918305,0.35227272727272729,0.9625
no,Oslo,Baerum,2026-06-06,31.0,58,57,4567.625,0,8.4991380542245114,0.30526315789473685,0.98369565217391308
no,Oslo,Baerum,2026-06-06,32.0,30,30,5738.4333333333334,0,10.927718459443019,0.18404907975460122,0.89808917197452232
no,Oslo,Baerum,2026-06-06,35.0,9,8,2674.1428571428573,0,10.465596775630523,0.30952380952380953,1.0
no,Oslo,Baerum,2026-06-06,36.0,9,9,6714.0,0,10.795540420467233,0.1951219512195122,0.975
no,Oslo,Baerum,2026-06-06,38.0,3,3,3971.0,0,11.118026639552541,0.10526315789473684,1.0
no,Oslo,Baerum,2026-06-07,,3,3,3394.0,0,0.0,0.125,0.0
no,Oslo,Baerum,2026-06-07,18.0,7,7,2030.7142857142858,0,8.7409926199507151,0.1875,1.0
no,Oslo,Baerum,2026-06-07,20.0,4,4,3102.75,0,9.48275708468397,0.1875,1.0
no,Oslo,Baerum,2026-06-07,23.0,18,17,2685.3529411764707,0,8.2415483522208515,0.23684210526315788,0.94444444444444442
no,Oslo,Baerum,2026-06-07,24.0,49,48,4470.020833333333,0,9.0170107921833473,0.20158102766798419,0.98367346938775513
no,Oslo,Baerum,2026-06-07,25.0,18,17,4245.7647058823532,0,10.956734779065966,0.20202020202020202,0.95833333333333337
no,Oslo,Baerum,2026-06-07,26.0,38,37,4092.6486486486488,0,8.72001534664113,0.17857142857142858,0.95789473684210524
no,Oslo,Baerum,2026-06-07,27.0,27,27,4414.5185185185182,0,9.3604881609613049,0.20408163265306123,0.98947368421052628
no,Oslo,Baerum,2026-06-07,28.0,75,75,3965.0,0,9.3579530202908039,0.29588014981273408,0.980544747081712
no,Oslo,Baerum,2026-06-07,29.0,142,140,4555.1438848920861,0,8.2210638938178029,0.28174603174603174,0.987603305785124
no,Oslo,Baerum,2026-06-07,30.0,116,116,4112.5517241379312,0,9.4473451013580583,0.287292817679558,0.97982708933717577
no,Oslo,Baerum,2026-06-07,31.0,37,37,5702.8888888888887,0,8.5937067622882886,0.28484848484848485,0.92993630573248409
no,Oslo,Baerum,2026-06-07,32.0,45,45,4770.2888888888892,0,6.7985227790402813,0.3,0.97727272727272729
no,Oslo,Baerum,2026-06-07,33.0,80,80,4626.9610389610389,0,9.9972636977759617,0.31525423728813562,0.97192982456140353
no,Oslo,Baerum,2026-06-07,35.0,34,34,4586.515151515152,0,13.489096367211802,0.26153846153846155,0.97540983606557374
no,Oslo,Baerum,2026-06-07,37.0,8,7,3432.8571428571427,0,17.164478518665128,0.125,0.625
no,Oslo,Baerum,2026-06-07,38.0,1,1,8562.0,0,11.298222863930206,0.0,1.0
no,Oslo,Baerum,2026-06-08,,1,0,,,0.0,0.0,0.2857142857142857
no,Oslo,Baerum,2026-06-08,19.0,2,2,2226.0,0,6.5326457992272955,0.045454545454545456,1.0
no,Oslo,Baerum,2026-06-08,20.0,4,4,4019.75,0,5.95301187202485,0.18518518518518517,1.0
no,Oslo,Baerum,2026-06-08,21.0,6,6,2679.3333333333335,0,7.9142183910216977,0.095238095238095233,0.95
no,Oslo,Baerum,2026-06-08,22.0,6,6,3639.6666666666665,0,8.7401637362793512,0.19354838709677419,0.96666666666666667
no,Oslo,Baerum,2026-06-08,23.0,26,26,3263.1923076923076,0,8.4196770284316944,0.1807909604519774,0.97590361445783136
no,Oslo,Baerum,2026-06-08,24.0,21,21,3293.7142857142858,0,8.7157406210460877,0.21276595744680851,0.9550561797752809
no,Oslo,Baerum,2026-06-08,25.0,25,25,3548.04,0,8.8836728284112816,0.25409836065573771,0.98290598290598286
no,Oslo,Baerum,2026-06-08,26.0,18,18,4596.9444444444443,0,8.0210561043628452,0.125,1.0
no,Oslo,Baerum,2026-06-08,27.0,34,33,3939.9375,0,9.65997068465567,0.2076923076923077,0.968
no,Oslo,Baerum,2026-06-08,28.0,22,22,4614.727272727273,0,11.306944960537805,0.27722772277227725,0.98979591836734693
no,Oslo,Baerum,2026-06-08,29.0,33,32,4438.3125,0,11.623374953440518,0.20481927710843373,0.89808917197452232
no,Oslo,Baerum,2026-06-08,30.0,34,34,4164.2647058823532,0,11.508146859209139,0.18125,0.96
no,Oslo,Baerum,2026-06-08,31.0,25,25,5728.48,0,12.62650134431645,0.25,0.90697674418604646
no,Oslo,Baerum,2026-06-08,32.0,17,17,4983.4705882352937,0,10.889446267891708,0.24358974358974358,0.94666666666666666
no,Oslo,Baerum,2026-06-08,33.0,13,13,3892.2307692307691,0,13.024106479812318,0.19354838709677419,0.98360655737704916
no,Oslo,Baerum,2026-06-08,34.0,15,15,3144.9333333333334,0,15.243182700398039,0.20408163265306123,1.0
no,Oslo,Baerum,2026-06-08,35.0,6,6,8454.8333333333339,0,14.25824967604146,0.15909090909090909,1.0
no,Oslo,Baerum,2026-06-08,36.0,42,42,4214.8292682926831,0,14.189697570029425,0.26666666666666666,0.98717948717948723
no,Oslo,Baerum,2026-06-08,37.0,15,15,5317.8666666666668,0,14.39888859934838,0.30188679245283018,0.94230769230769229
no,Oslo,Baerum,2026-06-08,41.0,14,14,5707.7857142857147,0,16.015296899911508,0.27272727272727271,0.95238095238095233
no,Oslo,Baerum,2026-06-08,44.0,1,1,17935.0,0,6.1031083791021432,0.15789473684210525,0.94444444444444442
no,Oslo,Baerum,2026-06-09,,2,1,6746.0,0,2.2670497581454785,0.1,0.88888888888888884
no,Oslo,Baerum,2026-06-09,19.0,3,3,1720.3333333333333,0,7.9313896799858954,0.19047619047619047,1.0
no,Oslo,Baerum,2026-06-09,22.0,7,7,2848.5714285714284,0,9.5794482141622144,0.13333333333333333,0.95348837209302328
no,Oslo,Baerum,2026-06-09,23.0,20,19,3623.4210526315787,0,7.9335687891391347,0.23021582733812951,0.98449612403100772
no,Oslo,Baerum,2026-06-09,24.0,3,3,1554.0,0,11.717787453240707,0.14285714285714285,0.9642857142857143
no,Oslo,Baerum,2026-06-09,25.0,23,23,4332.95652173913,0,7.8843008561733141,0.23664122137404581,0.97619047619047616
no,Oslo,Baerum,2026-06-09,26.0,6,6,3994.0,0,6.3584393039831042,0.052631578947368418,0.94444444444444442
no,Oslo,Baerum,2026-06-09,27.0,12,12,4386.416666666667,0,9.9041259506102843,0.25757575757575757,0.96666666666666667
no,Oslo,Baerum,2026-06-09,28.0,46,45,4257.5,0,10.996908303370425,0.18279569892473119,0.994413407821229
no,Oslo,Baerum,2026-06-09,29.0,16,16,3892.8125,0,11.517648545462388,0.1951219512195122,0.97530864197530864
no,Oslo,Baerum,2026-06-09,30.0,64,64,4327.625,0,11.779594533900173,0.23843416370106763,0.98872180451127822
no,Oslo,Baerum,2026-06-09,31.0,34,33,4464.848484848485,0,11.844351951740002,0.24175824175824176,0.95402298850574707
no,Oslo,Baerum,2026-06-09,32.0,33,33,5195.9032258064517,0,11.978543310386137,0.22,0.8571428571428571
no,Oslo,Baerum,2026-06-09,33.0,18,18,3741.2777777777778,0,14.057208365631064,0.27906976744186046,1.0
no,Oslo,Baerum,2026-06-09,34.0,58,58,4516.3448275862065,0,14.486969529796033,0.21768707482993196,0.98596491228070171
no,Oslo,Baerum,2026-06-09,35.0,37,37,5582.8108108108108,0,11.44199682208561,0.193717277486911,0.98351648351648346
no,Oslo,Baerum,2026-06-09,36.0,16,16,3723.6875,0,13.111744222736014,0.13114754098360656,1.0
no,Oslo,Baerum,2026-06-09,37.0,24,23,4560.041666666667,0,15.865178820932645,0.22727272727272727,0.98484848484848486
no,Oslo,Baerum,2026-06-10,,3,2,3020.0,0,5.7845445106045128,0.10526315789473684,0.9285714285714286
no,Oslo,Baerum,2026-06-10,19.0,4,4,1575.0,0,8.7387553338788848,0.1276595744680851,1.0
no,Oslo,Baerum,2026-06-10,21.0,6,5,2837.8,0,9.841433738925998,0.13461538461538461,0.803921568627451
no,Oslo,Baerum,2026-06-10,22.0,7,7,3507.0,0,6.1233924968038824,0.16666666666666666,0.98039215686274506
no,Oslo,Baerum,2026-06-10,23.0,29,29,2609.7586206896553,0,8.3014374207887816,0.20642201834862386,0.976303317535545
no,Oslo,Baerum,2026-06-10,24.0,29,28,2823.6206896551726,0,8.4309388973072945,0.19745222929936307,0.97972972972972971
no,Oslo,Baerum,2026-06-10,25.0,8,8,5191.625,0,10.130279721313162,0.1875,0.96666666666666667
no,Oslo,Baerum,2026-06-10,26.0,56,55,3310.0925925925926,0,8.9853715149339948,0.25089605734767023,0.98513011152416352
no,Oslo,Baerum,2026-06-10,27.0,12,12,4296.916666666667,0,9.79027937165565,0.25974025974025972,0.83561643835616439
no,Oslo,Baerum,2026-06-10,28.0,34,34,4072.3823529411766,0,10.027891142324885,0.19607843137254902,0.98666666666666669
no,Oslo,Baerum,2026-06-10,29.0,69,68,4220.3676470588234,0,11.462515605328646,0.27272727272727271,0.9779411764705882
no,Oslo,Baerum,2026-06-10,30.0,54,54,4793.0370370370374,0,11.668283741890519,0.25773195876288657,0.96276595744680848
no,Oslo,Baerum,2026-06-10,31.0,31,31,4985.5483870967746,0,12.599198591526177,0.14893617021276595,0.97709923664122134
no,Oslo,Baerum,2026-06-10,32.0,17,17,4138.2352941176468,0,10.841734529571989,0.27419354838709675,1.0
no,Oslo,Baerum,2026-06-10,33.0,11,11,5435.909090909091,0,12.947169864391432,0.13725490196078433,0.97959183673469385
no,Oslo,Baerum,2026-06-10,35.0,35,35,5106.9142857142861,0,11.089092664427838,0.20512820512820512,0.95575221238938057
no,Oslo,Baerum,2026-06-10,36.0,8,8,6910.875,0,6.41378118683278,0.17073170731707318,1.0
no,Oslo,Baerum,2026-06-11,,1,1,5521.0,0,0.0,0.0,0.0
no,Oslo,Baerum,2026-06-11,18.0,3,3,1612.3333333333333,0,5.7180230159665015,0.13793103448275862,1.0
no,Oslo,Baerum,2026-06-11,20.0,7,7,2765.8571428571427,0,7.7968976748316887,0.20588235294117646,1.0
no,Oslo,Baerum,2026-06-11,21.0,6,6,2725.6666666666665,0,9.4100055274933112,0.17948717948717949,0.89743589743589747
no,Oslo,Baerum,2026-06-11,22.0,12,10,2333.8,0,9.1579067045461251,0.18571428571428572,0.9538461538461539
no,Oslo,Baerum,2026-06-11,23.0,20,20,3497.65,0,9.0780328144322819,0.20175438596491227,0.98148148148148151
no,Oslo,Baerum,2026-06-11,25.0,21,21,4152.9523809523807,0,9.4626560698892721,0.1437125748502994,0.93421052631578949
no,Oslo,Baerum,2026-06-11,26.0,11,11,2569.6363636363635,0,11.934178170832782,0.14634146341463414,1.0
no,Oslo,Baerum,2026-06-11,27.0,13,13,3282.1666666666665,0,10.432314640267448,0.16494845360824742,1.0
no,Oslo,Baerum,2026-06-11,28.0,23,23,3622.608695652174,0,12.586578177905158,0.22857142857142856,0.98076923076923073
no,Oslo,Baerum,2026-06-11,29.0,17,17,5562.588235294118,0,11.602440253341399,0.27536231884057971,0.98484848484848486
no,Oslo,Baerum,2026-06-11,30.0,31,31,3874.5806451612902,0,11.981414663874769,0.22777777777777777,0.9707602339181286
no,Oslo,Baerum,2026-06-11,31.0,75,73,4472.28,0,13.251271552209012,0.24605678233438485,0.99350649350649356
no,Oslo,Baerum,2026-06-11,32.0,37,37,4206.3243243243242,0,14.157502336062615,0.23417721518987342,0.99328859060402686
no,Oslo,Baerum,2026-06-11,33.0,50,50,3045.9,0,14.019289974164623,0.22162162162162163,0.98857142857142855
no,Oslo,Baerum,2026-06-11,34.0,59,57,4023.8421052631579,0,13.959202063249542,0.19485294117647059,0.9923371647509579
no,Oslo,Baerum,2026-06-11,35.0,20,20,5104.25,0,12.515444094680973,0.20833333333333334,0.946236559139785
no,Oslo,Baerum,2026-06-11,36.0,6,6,6168.0,0,11.903652840214095,0.16666666666666666,0.9285714285714286
no,Oslo,Baerum,2026-06-11,37.0,18,18,5636.666666666667,0,15.651718694842353,0.16666666666666666,0.98780487804878048
no,Oslo,Baerum,2026-06-11,38.0,23,21,4032.6521739130435,0,14.197604427242885,0.20952380952380953,0.98039215686274506
no,Oslo,Baerum,2026-06-12,,4,4,3823.0,0,6.4195736215487731,0.05,0.77777777777777779
no,Oslo,Baerum,2026-06-12,16.0,1,1,1414.0,,7.7563599128556406,0.14814814814814814,1.0
no,Oslo,Baerum,2026-06-12,21.0,4,4,3308.5,0,6.3345664511409057,0.13207547169811321,0.97826086956521741
no,Oslo,Baerum,2026-06-12,22.0,3,3,4911.333333333333,0,7.6943237309010613,0.068965517241379309,0.96153846153846156
no,Oslo,Baerum,2026-06-12,24.0,2,2,1851.0,0,9.9099785839137287,0.13333333333333333,0.9285714285714286
no,Oslo,Baerum,2026-06-12,25.0,18,18,4041.0555555555557,0,10.231759846166494,0.24050632911392406,0.75
no,Oslo,Baerum,2026-06-12,26.0,30,30,3493.7,0,9.8242488894460411,0.19337016574585636,0.97159090909090906
no,Oslo,Baerum,2026-06-12,27.0,15,15,3534.2,0,11.725224173885698,0.16666666666666666,0.96875
no,Oslo,Baerum,2026-06-12,28.0,71,69,4075.2714285714287,0,11.334844887900822,0.21114369501466276,0.95679012345679015
no,Oslo,Baerum,2026-06-12,29.0,41,41,3501.0975609756097,0,12.047144161757513,0.23239436619718309,0.96296296296296291
no,Oslo,Baerum,2026-06-12,30.0,36,36,3575.9166666666665,0,11.307289519695221,0.25174825174825177,0.89130434782608692
no,Oslo,Baerum,2026-06-12,31.0,59,59,4134.6896551724139,0,10.492109474011743,0.29019607843137257,0.976
no,Oslo,Baerum,2026-06-12,32.0,19,19,6472.0526315789475,0,9.4246083282499047,0.15322580645161291,0.93162393162393164
no,Oslo,Baerum,2026-06-12,33.0,110,109,4101.4954128440368,0,12.440847846326001,0.28409090909090912,0.98516320474777452
no,Oslo,Baerum,2026-06-12,34.0,41,40,4642.1,0,14.263713598741164,0.272108843537415,0.972027972027972
no,Oslo,Baerum,2026-06-12,35.0,74,73,4216.3943661971834,0,14.234749097826079,0.23423423423423423,0.98089171974522293
no,Oslo,Baerum,2026-06-12,36.0,26,26,4736.7307692307695,0,14.086865965895409,0.25396825396825395,0.96
no,Oslo,Baerum,2026-06-12,37.0,34,33,4980.2647058823532,0,14.304372904304911,0.31896551724137934,0.98181818181818181
no,Oslo,Baerum,2026-06-12,38.0,42,42,4878.2380952380954,0,14.820126057081534,0.22602739726027396,0.99290780141843971
no,Oslo,Baerum,2026-06-12,41.0,3,3,5874.0,0,10.314923633025867,0.07407407407407407,0.96153846153846156
no,Oslo,Baerum,2026-06-13,,1,1,5049.0,0,4.0482633554594987,0.375,1.0
no,Oslo,Baerum,2026-06-13,15.0,1,1,557.0,,3.7103589967424351,0.086956521739130432,0.77272727272727271
no,Oslo,Baerum,2026-06-13,21.0,12,11,2330.5,0,8.3337601016540717,0.15957446808510639,0.91954022988505746
no,Oslo,Baerum,2026-06-13,23.0,3,3,2860.6666666666665,0,9.0261904371951154,0.32,1.0
no,Oslo,Baerum,2026-06-13,24.0,20,20,3026.75,0,11.36453119199537,0.18584070796460178,0.9719626168224299
no,Oslo,Baerum,2026-06-13,25.0,7,7,2988.2857142857142,0,9.3707889515916616,0.2,0.96875
no,Oslo,Baerum,2026-06-13,26.0,16,16,3824.5,0,10.614805423034964,0.14084507042253522,0.96923076923076923
no,Oslo,Baerum,2026-06-13,27.0,10,10,3843.3,0,11.240225348051723,0.140625,0.94915254237288138
no,Oslo,Baerum,2026-06-13,28.0,34,34,4040.7647058823532,0,11.18283329396162,0.23529411764705882,0.9932432432432432
no,Oslo,Baerum,2026-06-13,29.0,11,11,2466.4545454545455,0,13.61739009793467,0.21111111111111111,0.96470588235294119
no,Oslo,Baerum,2026-06-13,30.0,58,58,3889.9310344827586,0,11.48635140114547,0.27748691099476441,0.97252747252747251
no,Oslo,Baerum,2026-06-13,31.0,67,65,3880.3384615384616,0.016274691,11.705775054443551,0.23123123123123124,0.98442367601246106
no,Oslo,Baerum,2026-06-13,32.0,65,65,4468.0,0,9.91677115233361,0.3065134099616858,0.964
no,Oslo,Baerum,2026-06-13,33.0,34,34,4980.411764705882,0,12.7383319156646,0.25174825174825177,0.97841726618705038
no,Oslo,Baerum,2026-06-13,34.0,42,41,5331.7857142857147,0,13.599829609126834,0.2,0.93956043956043955
no,Oslo,Baerum,2026-06-13,35.0,50,48,4441.541666666667,0,13.470428465475374,0.25125628140703515,0.978494623655914
no,Oslo,Baerum,2026-06-13,36.0,63,63,5129.4603174603171,0,12.656368580913467,0.30188679245283018,0.99014778325123154
no,Oslo,Baerum,2026-06-13,37.0,53,53,4537.588235294118,0.00638794,15.05696637140262,0.2696629213483146,0.9882352941176471
no,Oslo,Baerum,2026-06-13,38.0,24,24,4234.5,0,15.828309379320038,0.2878787878787879,0.95238095238095233
no,Oslo,Baerum,2026-06-13,39.0,23,15,5697.4285714285716,0,15.687593592366966,0.22608695652173913,0.61261261261261257
no,Oslo,Baerum,2026-06-13,40.0,1,1,17649.0,0,9.0276450687991527,0.047619047619047616,0.94736842105263153
no,Oslo,Baerum,2026-06-13,41.0,1,1,12729.0,0,9.4882290374568736,0.0,0.93333333333333335
no,Oslo,Baerum,2026-06-13,42.0,15,15,5740.2666666666664,0.079785143,17.775267021983591,0.2537313432835821,0.9850746268656716
no,Oslo,Baerum,2026-06-14,21.0,13,12,2433.0,0,10.393191670827752,0.16521739130434782,0.91818181818181821
no,Oslo,Baerum,2026-06-14,23.0,8,7,5397.0,0,9.7534150222589258,0.3,0.94594594594594594
no,Oslo,Baerum,2026-06-14,24.0,11,11,3437.090909090909,0,10.854774083630845,0.15873015873015872,0.96721311475409832
no,Oslo,Baerum,2026-06-14,25.0,54,53,3501.3207547169814,0,9.6337877913390528,0.18992248062015504,0.96265560165975106
no,Oslo,Baerum,2026-06-14,26.0,32,31,4804.28125,0,9.3781403981048044,0.19047619047619047,0.97969543147208127
no,Oslo,Baerum,2026-06-14,27.0,35,35,4571.6285714285714,0,8.38369155354315,0.25984251968503935,0.984
no,Oslo,Baerum,2026-06-14,28.0,19,19,3036.3684210526317,0,10.411381497718017,0.18085106382978725,0.97777777777777775
no,Oslo,Baerum,2026-06-14,29.0,43,41,4589.2195121951218,0,9.7109999511350278,0.2422680412371134,0.96808510638297873
no,Oslo,Baerum,2026-06-14,30.0,82,80,4481.1375,0,8.8819154966136349,0.25454545454545452,0.97452229299363058
no,Oslo,Baerum,2026-06-14,31.0,104,103,3751.1747572815534,0,11.144909077103572,0.30188679245283018,0.98055555555555551
no,Oslo,Baerum,2026-06-14,32.0,128,128,4435.7165354330709,0,9.373234621020643,0.279296875,0.9617706237424547
no,Oslo,Baerum,2026-06-14,33.0,83,82,4873.4444444444443,0,9.5835621601407937,0.26541554959785524,0.97428571428571431
no,Oslo,Baerum,2026-06-14,34.0,15,14,5709.0,0,11.782004458320968,0.24193548387096775,0.95
no,Oslo,Baerum,2026-06-14,35.0,85,83,5815.265060240964,0,7.9564660021880469,0.26881720430107525,0.97426470588235292
no,Oslo,Baerum,2026-06-14,37.0,3,3,6453.5,0,11.076923076923077,0.23076923076923078,1.0
no,Oslo,Baerum,2026-06-14,38.0,21,20,6510.7142857142853,0,11.042899820140731,0.26506024096385544,0.98734177215189878
no,Oslo,Baerum,2026-06-15,,3,3,5714.0,0,7.5622527591994917,0.0967741935483871,0.73333333333333328
no,Oslo,Baerum,2026-06-15,22.0,4,3,1772.75,0,10.704914907596846,0.1875,1.0
no,Oslo,Baerum,2026-06-15,24.0,8,8,3123.75,0,10.7415833146501,0.19791666666666666,0.94565217391304346
no,Oslo,Baerum,2026-06-15,25.0,22,22,3249.7272727272725,0,8.5147433670718939,0.2441860465116279,0.97530864197530864
no,Oslo,Baerum,2026-06-15,26.0,15,15,2975.3333333333335,0,9.1204500341734835,0.21839080459770116,0.97647058823529409
no,Oslo,Baerum,2026-06-15,27.0,45,44,4069.8222222222221,0,8.5881918520596852,0.266304347826087,0.97790055248618779
no,Oslo,Baerum,2026-06-15,28.0,12,11,5500.818181818182,0,11.508909327428468,0.203125,0.98412698412698407
no,Oslo,Baerum,2026-06-15,29.0,82,82,4639.4512195121952,0,10.302501250822408,0.23809523809523808,0.96296296296296291
no,Oslo,Baerum,2026-06-15,30.0,33,31,4501.121212121212,0,13.075278251964424,0.23076923076923078,0.99315068493150682
no,Oslo,Baerum,2026-06-15,31.0,57,56,5181.8214285714284,0,11.983436731980188,0.22972972972972974,0.95192307692307687
no,Oslo,Baerum,2026-06-15,32.0,76,75,4085.36,0.004775077,13.074403326493456,0.21383647798742139,0.97666666666666668
no,Oslo,Baerum,2026-06-15,33.0,13,13,5031.8461538461543,0,15.214789516974175,0.1891891891891892,0.95714285714285718
no,Oslo,Baerum,2026-06-15,34.0,22,22,5607.590909090909,0.014270706,13.986623432018062,0.27906976744186046,0.97468354430379744
no,Oslo,Baerum,2026-06-15,35.0,9,9,4315.0,0,13.292726810150434,0.14,1.0
no,Oslo,Baerum,2026-06-15,36.0,4,4,7021.75,0,16.166856221082828,0.11538461538461539,0.96
no,Oslo,Baerum,2026-06-15,38.0,6,6,6395.0,0,17.602221907402438,0.1875,1.0
no,Oslo,Baerum,2026-06-15,39.0,3,3,2969.0,0.18056266,19.850851921110138,0.10526315789473684,0.9375
no,Oslo,Baerum,2026-06-15,41.0,2,1,4682.0,0.261551155,18.417171922007963,0.058823529411764705,0.88235294117647056
no,Oslo,Baerum,2026-06-16,,3,2,7229.0,0,0.82005810171158011,0.1111111111111111,0.92307692307692313
no,Oslo,Baerum,2026-06-16,17.0,2,2,997.5,0,10.581653830518228,0.14634146341463414,0.97435897435897434
no,Oslo,Baerum,2026-06-16,22.0,7,7,2852.7142857142858,0,10.07117829084714,0.20754716981132076,0.95918367346938771
no,Oslo,Baerum,2026-06-16,25.0,15,15,2911.8666666666668,0,10.875910377467656,0.1391304347826087,0.96363636363636362
no,Oslo,Baerum,2026-06-16,26.0,27,27,3891.9259259259261,0,9.6434183509779086,0.20114942528735633,0.9821428571428571
no,Oslo,Baerum,2026-06-16,27.0,18,17,3929.1111111111113,0,11.039723303972767,0.23770491803278687,0.9916666666666667
no,Oslo,Baerum,2026-06-16,28.0,42,41,3950.25,0,9.0247078813406816,0.16738197424892703,0.96846846846846846
no,Oslo,Baerum,2026-06-16,29.0,75,75,4236.8533333333335,0,10.472511158873182,0.21630094043887146,0.97712418300653592
no,Oslo,Baerum,2026-06-16,30.0,16,16,5743.75,0,12.413460117638767,0.08247422680412371,0.989010989010989
no,Oslo,Baerum,2026-06-16,31.0,17,17,4529.8823529411766,0.143113284,9.9462751860304124,0.21518987341772153,0.98630136986301364
no,Oslo,Baerum,2026-06-16,32.0,26,26,4016.6538461538462,0,13.185444415613766,0.27777777777777779,0.97647058823529409
no,Oslo,Baerum,2026-06-16,33.0,35,35,4099.3428571428567,0,14.411397571862821,0.25735294117647056,0.96825396825396826
no,Oslo,Baerum,2026-06-16,34.0,72,71,3804.1971830985917,0,14.033690226459674,0.21904761904761905,0.99009900990099009
no,Oslo,Baerum,2026-06-16,35.0,20,18,4371.2222222222226,0,12.842392765944407,0.31707317073170732,0.987012987012987
no,Oslo,Baerum,2026-06-16,36.0,7,7,4525.2857142857147,0.049689441,16.738883436546562,0.16216216216216217,0.88571428571428568
no,Oslo,Baerum,2026-06-16,37.0,24,23,6156.478260869565,0.068806909,15.525216212293087,0.22522522522522523,0.91743119266055051
no,Oslo,Baerum,2026-06-16,38.0,7,5,3062.0,0.306053812,20.582961577737418,0.21428571428571427,0.46153846153846156
no,Oslo,Baerum,2026-06-16,41.0,2,1,9317.0,0,13.160164381524105,0.2608695652173913,1.0
no,Oslo,Baerum,2026-06-16,43.0,10,10,5598.9,0.21937468,20.619455504825744,0.2,1.0
no,Oslo,Baerum,2026-06-16,44.0,7,7,6391.7142857142853,0.121565114,18.913027143328936,0.34615384615384615,0.96153846153846156
no,Oslo,Baerum,2026-06-17,,2,2,5484.0,,4.926223213980518,0.041666666666666664,0.52173913043478259
no,Oslo,Baerum,2026-06-17,16.0,1,1,215.0,0,8.4125451327848637,0.0,1.0
no,Oslo,Baerum,2026-06-17,18.0,1,1,551.0,0,7.02609360729633,0.13333333333333333,1.0
no,Oslo,Baerum,2026-06-17,20.0,4,4,1949.75,0,8.1394624872423318,0.17391304347826086,1.0
no,Oslo,Baerum,2026-06-17,21.0,5,5,2917.2,0,8.0506194006672427,0.25925925925925924,1.0
no,Oslo,Baerum,2026-06-17,22.0,4,4,1747.75,0,8.9336726731167442,0.25,1.0
no,Oslo,Baerum,2026-06-17,23.0,5,5,3298.4,0,9.2912075954986353,0.15625,1.0
no,Oslo,Baerum,2026-06-17,24.0,13,13,4058.7692307692309,0,7.4147537076475487,0.13043478260869565,0.94318181818181823
no,Oslo,Baerum,2026-06-17,25.0,1,1,3611.0,0,11.983650651046654,0.041666666666666664,0.95652173913043481
no,Oslo,Baerum,2026-06-17,26.0,28,28,4705.5,0,9.77977110346393,0.20129870129870131,0.958904109589041
no,Oslo,Baerum,2026-06-17,27.0,18,18,3579.8888888888887,0,11.02814703293458,0.17307692307692307,0.96875
no,Oslo,Baerum,2026-06-17,28.0,17,16,3601.3529411764707,0,12.65834469708966,0.24210526315789474,0.9887640449438202
no,Oslo,Baerum,2026-06-17,29.0,39,37,4064.8717948717949,0,11.428813599582579,0.20261437908496732,0.972027972027972
no,Oslo,Baerum,2026-06-17,30.0,66,66,4584.151515151515,0,12.659661091597139,0.25092250922509224,0.99215686274509807
no,Oslo,Baerum,2026-06-17,31.0,63,62,4394.2741935483873,0,10.912010419145192,0.23255813953488372,0.98780487804878048
no,Oslo,Baerum,2026-06-17,32.0,87,86,4161.6860465116279,0,13.142373204318915,0.22070844686648503,0.98550724637681164
no,Oslo,Baerum,2026-06-17,33.0,18,18,4903.5,0,13.531851480919181,0.16379310344827586,0.99122807017543857
no,Oslo,Baerum,2026-06-17,34.0,25,25,3902.68,0,14.471984922651075,0.15841584158415842,0.97979797979797978
no,Oslo,Baerum,2026-06-17,35.0,9,9,7331.333333333333,0,9.1176489846967215,0.26865671641791045,0.96923076923076923
no,Oslo,Baerum,2026-06-17,36.0,25,24,5420.375,0,13.635399484934178,0.22666666666666666,0.91666666666666663
no,Oslo,Baerum,2026-06-17,37.0,2,2,9761.0,0,8.9002929887659086,0.071428571428571425,1.0
no,Oslo,Baerum,2026-06-17,39.0,8,8,5668.875,0,12.798021760828705,0.168141592920354,0.9719626168224299
no,Oslo,Baerum,2026-06-17,40.0,1,1,5034.0,0,8.65278453377883,0.071428571428571425,1.0
no,Oslo,Baerum,2026-06-17,45.0,1,1,1541.0,,7.2709147240442347,0.15384615384615385,1.0
no,Oslo,Baerum,2026-06-18,,8,2,1643.5,0,15.866337406385643,0.12328767123287671,0.82608695652173914
no,Oslo,Baerum,2026-06-18,24.0,9,8,4248.375,0,11.636949951653932,0.0784313725490196,1.0
no,Oslo,Baerum,2026-06-18,26.0,42,42,4424.2857142857147,0,10.337652279276641,0.22065727699530516,0.97058823529411764
no,Oslo,Baerum,2026-06-18,27.0,4,4,3579.5,0,9.76338917257238,0.11538461538461539,0.96
no,Oslo,Baerum,2026-06-18,28.0,35,34,3560.4411764705883,0,12.049548491910176,0.31707317073170732,1.0
no,Oslo,Baerum,2026-06-18,29.0,40,39,4137.7692307692305,0,11.054984430482749,0.2304147465437788,0.98067632850241548
no,Oslo,Baerum,2026-06-18,30.0,54,54,4196.4444444444443,0,9.5439513160007685,0.21800947867298578,0.99004975124378114
no,Oslo,Baerum,2026-06-18,31.0,72,68,3531.457142857143,0.011494253,13.033649499349993,0.21245421245421245,0.97348484848484851
no,Oslo,Baerum,2026-06-18,32.0,46,44,4281.704545454545,0,11.738358539919833,0.23706896551724138,0.9817351598173516
no,Oslo,Baerum,2026-06-18,33.0,75,75,4783.1733333333332,0,11.151792207610322,0.27777777777777779,0.99272727272727268
no,Oslo,Baerum,2026-06-18,34.0,18,18,4317.2222222222226,0,12.4490095916889,0.18095238095238095,0.96969696969696972
no,Oslo,Baerum,2026-06-18,35.0,22,22,4800.0,0,11.850592758999177,0.24752475247524752,0.98969072164948457
no,Oslo,Baerum,2026-06-18,36.0,24,24,5787.458333333333,0,12.987339769293122,0.24468085106382978,0.94444444444444442
no,Oslo,Baerum,2026-06-18,37.0,4,4,1802.5,0.333105802,22.280778759905552,0.125,1.0
no,Oslo,Baerum,2026-06-18,38.0,6,6,3905.6666666666665,0,14.939040923138643,0.22222222222222221,1.0
no,Oslo,Baerum,2026-06-18,41.0,9,9,6460.2222222222226,0.142621793,19.502179696257734,0.2857142857142857,1.0
no,Oslo,Baerum,2026-06-18,43.0,6,3,4664.0,0,21.18144532628768,0.23333333333333334,0.59259259259259256
no,Oslo,Baerum,2026-06-18,44.0,6,6,3240.6666666666665,0.404009252,24.708206911606162,0.1111111111111111,0.94117647058823528
no,Oslo,Baerum,2026-06-19,,4,4,5966.0,0,4.1332706648310644,0.1702127659574468,0.48888888888888887
no,Oslo,Baerum,2026-06-19,22.0,3,3,1921.0,0,12.721971590090746,0.17391304347826086,0.95652173913043481
no,Oslo,Baerum,2026-06-19,23.0,16,16,3709.9375,0,10.181881073656953,0.23148148148148148,0.99009900990099009
no,Oslo,Baerum,2026-06-19,24.0,11,11,3053.181818181818,0,8.2091000965138488,0.23076923076923078,0.97959183673469385
no,Oslo,Baerum,2026-06-19,25.0,33,31,3451.1875,0,10.351142289290458,0.16666666666666666,0.94219653179190754
no,Oslo,Baerum,2026-06-19,26.0,17,17,4102.2941176470586,0,10.887944042793894,0.24390243902439024,0.98717948717948723
no,Oslo,Baerum,2026-06-19,27.0,58,55,4228.0,0,8.4357820298129376,0.28352490421455939,0.98380566801619429
no,Oslo,Baerum,2026-06-19,28.0,46,45,4079.3777777777777,0,10.830754036009306,0.22981366459627328,0.935064935064935
no,Oslo,Baerum,2026-06-19,29.0,38,37,4674.1621621621625,0,8.68800972097346,0.2361111111111111,0.97777777777777775
no,Oslo,Baerum,2026-06-19,30.0,64,62,3780.4126984126983,0,7.030790898376023,0.2857142857142857,0.98490566037735849
no,Oslo,Baerum,2026-06-19,31.0,47,44,4644.0222222222219,0,10.052967333479904,0.26267281105990781,0.96601941747572817
no,Oslo,Baerum,2026-06-19,32.0,64,64,3716.453125,0,12.324736639782458,0.25296442687747034,0.979253112033195
no,Oslo,Baerum,2026-06-19,33.0,91,89,5016.166666666667,0,10.1996326735767,0.24340175953079179,0.97484276729559749
no,Oslo,Baerum,2026-06-19,34.0,17,17,4269.8125,0,10.689108136823101,0.1728395061728395,0.98765432098765427
no,Oslo,Baerum,2026-06-19,35.0,45,43,5191.0714285714284,0.025454757,12.656184473759202,0.22885572139303484,0.984375
no,Oslo,Baerum,2026-06-19,37.0,24,24,4535.375,0,11.542669770741719,0.23584905660377359,0.86
no,Oslo,Baerum,2026-06-19,38.0,1,1,9501.0,0,6.62690213283621,0.055555555555555552,0.22222222222222221
no,Oslo,Baerum,2026-06-19,40.0,4,4,6474.5,0.106643952,13.442448934395554,0.033333333333333333,0.6785714285714286
no,Oslo,Baerum,2026-06-20,,2,2,2050.0,0,0.0,0.16666666666666666,0.5
no,Oslo,Baerum,2026-06-20,19.0,1,1,2216.0,,5.0062826631360871,0.13333333333333333,1.0
no,Oslo,Baerum,2026-06-20,21.0,17,17,3059.2352941176468,0,8.5068936186215076,0.15384615384615385,0.96296296296296291
no,Oslo,Baerum,2026-06-20,23.0,7,7,2702.8571428571427,0,8.7028484931164449,0.17741935483870969,0.96666666666666667
no,Oslo,Baerum,2026-06-20,24.0,21,21,2737.7,0,9.3679430099497214,0.21904761904761905,0.97916666666666663
no,Oslo,Baerum,2026-06-20,25.0,9,8,4000.1111111111113,0,8.9185805552654,0.18032786885245902,0.9152542372881356
no,Oslo,Baerum,2026-06-20,26.0,77,76,3379.5657894736842,0.012730465,9.0476659727083177,0.24233128834355827,0.97784810126582278
no,Oslo,Baerum,2026-06-20,27.0,61,59,4306.8813559322034,0,9.105106600616498,0.23157894736842105,0.94776119402985071
no,Oslo,Baerum,2026-06-20,28.0,112,110,4306.5090909090914,0,8.8851285843792542,0.30523255813953487,0.9779874213836478
no,Oslo,Baerum,2026-06-20,29.0,32,30,4439.2580645161288,0,7.4732893134480536,0.28275862068965518,0.94285714285714284
no,Oslo,Baerum,2026-06-20,30.0,17,17,4678.5294117647063,0,10.909428025765209,0.27777777777777779,0.97
no,Oslo,Baerum,2026-06-20,31.0,41,40,4685.0,0,7.8007225018669608,0.26530612244897961,0.99126637554585151
no,Oslo,Baerum,2026-06-20,32.0,71,71,4082.913043478261,0,10.396045465840222,0.25757575757575757,0.97551020408163269
no,Oslo,Baerum,2026-06-20,33.0,13,13,5076.0769230769229,0,13.43468062039048,0.23214285714285715,0.98076923076923073
no,Oslo,Baerum,2026-06-20,34.0,70,70,5425.434782608696,0.025023872,12.00916769974164,0.25570776255707761,0.975609756097561
no,Oslo,Baerum,2026-06-20,35.0,19,19,4930.9473684210525,0,11.110319463226038,0.36619718309859156,0.95454545454545459
no,Oslo,Baerum,2026-06-20,36.0,12,12,3516.6666666666665,0,17.065129104974115,0.23076923076923078,0.97142857142857142
no,Oslo,Baerum,2026-06-20,37.0,15,15,4513.2,0,13.885090941505212,0.30303030303030304,1.0
no,Oslo,Baerum,2026-06-20,41.0,6,6,3180.5,0.100206186,19.11616623625536,0.1702127659574468,0.97826086956521741
no,Oslo,Baerum,2026-06-20,46.0,8,7,7039.5714285714284,0.194019934,21.040040538077712,0.12903225806451613,0.65384615384615385
no,Oslo,Baerum,2026-06-20,47.0,3,2,8329.0,0.218944099,23.382395967704547,0.15384615384615385,0.38461538461538464
no,Oslo,Baerum,2026-06-21,17.0,1,1,829.0,,7.4692462273760576,0.0,
no,Oslo,Baerum,2026-06-21,19.0,4,4,3980.25,0,8.1395166565613568,0.12195121951219512,
no,Oslo,Baerum,2026-06-21,20.0,6,6,2291.3333333333335,0,8.228880271285389,0.23076923076923078,
no,Oslo,Baerum,2026-06-21,21.0,10,9,3078.5555555555557,0,5.4952039303091231,0.29310344827586204,
no,Oslo,Baerum,2026-06-21,22.0,5,5,2966.4,0,9.9026214257227956,0.12121212121212122,
no,Oslo,Baerum,2026-06-21,23.0,27,27,2856.6666666666665,0,8.4213618953397518,0.26732673267326734,
no,Oslo,Baerum,2026-06-21,24.0,18,18,3551.6666666666665,0,6.5353245329717158,0.22784810126582278,
no,Oslo,Baerum,2026-06-21,25.0,10,9,4515.3,0,9.2505488060943986,0.14772727272727273,
no,Oslo,Baerum,2026-06-21,26.0,19,19,4499.6842105263158,0,9.3510259917512286,0.18518518518518517,
no,Oslo,Baerum,2026-06-21,27.0,36,36,4016.3055555555557,0,7.8392616335554,0.23076923076923078,
no,Oslo,Baerum,2026-06-21,28.0,19,18,5059.666666666667,0,11.06529218228965,0.1702127659574468,
no,Oslo,Baerum,2026-06-21,29.0,44,44,3944.5454545454545,0,8.0760167755527146,0.35632183908045978,
no,Oslo,Baerum,2026-06-21,30.0,66,66,4428.169230769231,0,8.827004902750053,0.26973684210526316,
no,Oslo,Baerum,2026-06-21,31.0,72,71,5220.6714285714288,0,9.1732194556976072,0.25219941348973607,
no,Oslo,Baerum,2026-06-21,32.0,90,89,4241.5955056179773,0,10.521597012402539,0.25949367088607594,
no,Oslo,Baerum,2026-06-21,33.0,50,50,3763.58,0,11.468394068054319,0.30219780219780218,
no,Oslo,Baerum,2026-06-21,34.0,38,38,5209.0810810810808,0.009639988,8.4230418660070026,0.24647887323943662,
no,Oslo,Baerum,2026-06-21,35.0,56,56,4982.5535714285716,0,15.581510567234623,0.26190476190476192,
no,Oslo,Baerum,2026-06-21,36.0,15,14,3312.3571428571427,0.01682243,13.692463647437817,0.29333333333333333,
no,Oslo,Baerum,2026-06-21,40.0,57,56,4742.9285714285716,0.024149931,16.189146445623518,0.28965517241379313,
no,Oslo,Baerum,2026-06-21,44.0,17,17,5265.2941176470586,0.158493428,17.798318237104134,0.18421052631578946,
no,Oslo,Baerum,2026-06-21,46.0,22,21,5614.0952380952385,0.136020151,19.377283425347066,0.25806451612903225,
no,Oslo,Baerum,2026-06-22,,3,3,2213.0,,1.8095837216915875,0.086956521739130432,0.38095238095238093
no,Oslo,Baerum,2026-06-22,17.0,1,1,1531.0,0,4.78827012198077,0.0,1.0
no,Oslo,Baerum,2026-06-22,18.0,1,1,2487.0,0,6.0164576542294625,0.14285714285714285,1.0
no,Oslo,Baerum,2026-06-22,21.0,1,1,2716.0,,8.45605838693616,0.0,1.0
no,Oslo,Baerum,2026-06-22,23.0,6,6,3740.6666666666665,0,8.674416675074033,0.41176470588235292,1.0
no,Oslo,Baerum,2026-06-22,24.0,28,28,3046.75,0,9.4560118279813938,0.27536231884057971,0.96212121212121215
no,Oslo,Baerum,2026-06-22,25.0,30,28,3964.3333333333335,0,9.2188588762449015,0.22727272727272727,0.98203592814371254
no,Oslo,Baerum,2026-06-22,26.0,26,26,4281.9615384615381,0,9.2504149224974839,0.17054263565891473,0.984251968503937
no,Oslo,Baerum,2026-06-22,27.0,21,21,4731.4761904761908,0,12.128117714374397,0.26548672566371684,0.9363636363636364
no,Oslo,Baerum,2026-06-22,28.0,31,30,4871.4666666666662,0,11.949473292102478,0.19298245614035087,0.93333333333333335
no,Oslo,Baerum,2026-06-22,29.0,61,60,3720.25,0,11.92288924001306,0.23655913978494625,0.98084291187739459
no,Oslo,Baerum,2026-06-22,30.0,41,41,4721.0,0,11.650196061865776,0.17241379310344829,0.964824120603015
no,Oslo,Baerum,2026-06-22,31.0,38,38,4344.2894736842109,0,13.224587458879148,0.20772946859903382,0.984375
no,Oslo,Baerum,2026-06-22,32.0,41,41,4950.2195121951218,0,10.171348106228795,0.22388059701492538,0.98958333333333337
no,Oslo,Baerum,2026-06-22,33.0,11,11,6469.454545454545,0,9.2792784701928177,0.33333333333333331,0.97916666666666663
no,Oslo,Baerum,2026-06-22,34.0,47,46,5046.54347826087,0,11.857081504868626,0.24257425742574257,0.96446700507614214
no,Oslo,Baerum,2026-06-22,36.0,5,5,6866.8,0,16.540654090464198,0.086956521739130432,0.80952380952380953
no,Oslo,Baerum,2026-06-22,39.0,14,14,5013.1538461538457,0,15.559759166189085,0.1951219512195122,0.94444444444444442
no,Oslo,Baerum,2026-06-22,42.0,4,4,10633.0,0,16.298609641623916,0.041666666666666664,0.69565217391304346
no,Oslo,Baerum,2026-06-23,,1,1,1817.0,0,0.0,0.0,0.0
no,Oslo,Baerum,2026-06-23,19.0,6,5,2126.5,0,9.2622936786482253,0.27659574468085107,0.95454545454545459
no,Oslo,Baerum,2026-06-23,20.0,3,3,2910.6666666666665,0,5.8977084022881208,0.2413793103448276,1.0
no,Oslo,Baerum,2026-06-23,21.0,15,15,2860.6666666666665,0,6.1349202887215473,0.2,1.0
no,Oslo,Baerum,2026-06-23,23.0,29,29,3047.2068965517242,0,8.9714495839712463,0.15765765765765766,0.99264705882352944
no,Oslo,Baerum,2026-06-23,24.0,12,12,3555.1666666666665,0,9.1368553565231014,0.17333333333333334,0.95918367346938771
no,Oslo,Baerum,2026-06-23,25.0,31,31,3842.6774193548385,0,8.5649583860787022,0.15753424657534246,0.975609756097561
no,Oslo,Baerum,2026-06-23,26.0,20,18,3429.0555555555557,0,9.0046126106608586,0.25675675675675674,1.0
no,Oslo,Baerum,2026-06-23,27.0,38,37,3183.9473684210525,0,11.099369320845685,0.19266055045871561,0.96598639455782309
no,Oslo,Baerum,2026-06-23,28.0,36,35,3836.3055555555557,0,11.236448192213947,0.22772277227722773,0.94827586206896552
no,Oslo,Baerum,2026-06-23,29.0,9,9,5020.333333333333,0,8.3030673340494854,0.1375,1.0
no,Oslo,Baerum,2026-06-23,30.0,37,37,3382.1081081081079,0,11.559355509665018,0.26946107784431139,0.98319327731092432
no,Oslo,Baerum,2026-06-23,31.0,21,21,5724.4285714285716,0,10.008971903518457,0.1650485436893204,0.97619047619047616
no,Oslo,Baerum,2026-06-23,32.0,32,32,4022.125,0,13.194830046746132,0.20945945945945946,0.93877551020408168
no,Oslo,Baerum,2026-06-23,33.0,39,39,4440.3846153846152,0,12.129076661550865,0.2792207792207792,0.963963963963964
no,Oslo,Baerum,2026-06-23,34.0,18,17,4808.35294117647,0,11.867083047314454,0.34693877551020408,1.0
no,Oslo,Baerum,2026-06-23,35.0,14,13,5993.2857142857147,0,12.739993627073513,0.30769230769230771,1.0
no,Oslo,Baerum,2026-06-23,36.0,40,40,4427.775,0,14.244872184403027,0.26865671641791045,0.99047619047619051
no,Oslo,Baerum,2026-06-23,37.0,29,28,4784.7142857142853,0,14.150601694011906,0.20869565217391303,0.987012987012987
no,Oslo,Baerum,2026-06-23,38.0,7,7,4042.8571428571427,0,13.171073183935228,0.27777777777777779,0.97368421052631582
no,Oslo,Baerum,2026-06-23,39.0,3,3,7499.333333333333,0,9.4317447703276027,0.2,1.0
no,Oslo,Baerum,2026-06-23,44.0,1,1,11010.0,0,12.873587450290318,0.058823529411764705,1.0
no,Oslo,Baerum,2026-06-24,,3,3,5537.333333333333,0,3.3755178663941567,0.11538461538461539,0.33333333333333331
no,Oslo,Baerum,2026-06-24,16.0,3,3,1060.0,0,8.19458452975687,0.21739130434782608,0.90476190476190477
no,Oslo,Baerum,2026-06-24,18.0,2,2,1210.0,,5.7696650357393411,0.1111111111111111,1.0
no,Oslo,Baerum,2026-06-24,19.0,6,5,4825.0,0,6.12731266498356,0.20270270270270271,0.972972972972973
no,Oslo,Baerum,2026-06-24,21.0,5,5,3009.0,0,7.1208174701556866,0.31818181818181818,1.0
no,Oslo,Baerum,2026-06-24,22.0,1,1,2796.0,0,0.0,0.1111111111111111,1.0
no,Oslo,Baerum,2026-06-24,23.0,12,11,3395.1666666666665,0,7.9945837364837447,0.17543859649122806,0.98148148148148151
no,Oslo,Baerum,2026-06-24,24.0,6,6,3154.5,0,4.877225542468131,0.044117647058823532,1.0
no,Oslo,Baerum,2026-06-24,25.0,8,8,3520.625,0,8.3168939338911958,0.1,0.98571428571428577
no,Oslo,Baerum,2026-06-24,26.0,10,10,4374.9,0,8.7316700401933,0.23076923076923078,1.0
no,Oslo,Baerum,2026-06-24,27.0,26,26,3549.7307692307691,0,9.2216352250596128,0.21568627450980393,0.97752808988764039
no,Oslo,Baerum,2026-06-24,28.0,18,18,4134.7647058823532,0,8.0436425806646472,0.27536231884057971,0.96875
no,Oslo,Baerum,2026-06-24,29.0,15,15,4121.9333333333334,0,11.050280883502534,0.10344827586206896,0.98809523809523814
no,Oslo,Baerum,2026-06-24,30.0,55,54,4423.1454545454544,0,9.5404708578085486,0.21379310344827587,0.97833935018050544
no,Oslo,Baerum,2026-06-24,31.0,32,32,4151.90625,0,8.9696106770348436,0.1751412429378531,1.0
no,Oslo,Baerum,2026-06-24,32.0,22,22,5584.863636363636,0.01406086,11.351716201569301,0.17948717948717949,0.9732142857142857
no,Oslo,Baerum,2026-06-24,33.0,19,19,6224.2777777777774,0,7.963109883810918,0.25641025641025639,0.95370370370370372
no,Oslo,Baerum,2026-06-24,34.0,49,47,4683.4680851063831,0.034041611,13.119114710120046,0.2421875,0.96652719665271969
no,Oslo,Baerum,2026-06-24,35.0,17,17,5461.411764705882,0,13.533842910023424,0.26027397260273971,0.98571428571428577
no,Oslo,Baerum,2026-06-24,36.0,22,22,5493.545454545455,0,13.92371643968168,0.21126760563380281,1.0
no,Oslo,Baerum,2026-06-24,37.0,23,23,6014.681818181818,0.011376484,15.368821001681495,0.26760563380281688,1.0
no,Oslo,Baerum,2026-06-24,39.0,6,6,3127.5,0.160403814,18.467269729551756,0.2608695652173913,1.0
no,Oslo,Baerum,2026-06-24,45.0,2,2,5691.5,0,8.8885641083346,0.2,1.0
no,Oslo,Baerum,2026-06-25,17.0,3,3,2051.3333333333335,0,8.48189766979392,0.07407407407407407,1.0
no,Oslo,Baerum,2026-06-25,21.0,2,2,2792.5,0,5.5437355314384025,0.090909090909090912,1.0
no,Oslo,Baerum,2026-06-25,22.0,14,14,3469.0,0,7.4547920787577588,0.23376623376623376,0.97333333333333338
no,Oslo,Baerum,2026-06-25,23.0,13,13,2679.9230769230771,0,5.5833278764000989,0.29113924050632911,1.0
no,Oslo,Baerum,2026-06-25,24.0,31,31,3803.483870967742,0,9.6907079016725213,0.21311475409836064,0.97413793103448276
no,Oslo,Baerum,2026-06-25,25.0,21,21,3163.7619047619046,0,10.316998596163783,0.2,0.9826086956521739
no,Oslo,Baerum,2026-06-25,27.0,45,45,4030.5333333333333,0,9.5442242317658987,0.24336283185840707,0.98181818181818181
no,Oslo,Baerum,2026-06-25,28.0,49,48,3903.9591836734694,0,10.805620063889407,0.28272251308900526,0.98888888888888893
no,Oslo,Baerum,2026-06-25,29.0,26,26,5420.0,0,9.4570248668743755,0.30693069306930693,0.968421052631579
no,Oslo,Baerum,2026-06-25,30.0,54,54,4131.666666666667,0,9.8670096109365364,0.21632653061224491,0.9913419913419913
no,Oslo,Baerum,2026-06-25,31.0,58,57,4856.3684210526317,0,9.8362543331565764,0.20422535211267606,0.974169741697417
no,Oslo,Baerum,2026-06-25,32.0,59,59,4477.9137931034484,0,10.060132323077807,0.27358490566037735,0.94029850746268662
no,Oslo,Baerum,2026-06-25,33.0,15,14,4902.6428571428569,0,15.86813180794376,0.11538461538461539,0.80851063829787229
no,Oslo,Baerum,2026-06-25,34.0,2,2,2777.5,0,5.5857276771334128,0.20588235294117646,1.0
no,Oslo,Baerum,2026-06-25,35.0,16,16,4119.4375,0,5.74651601253623,0.296875,1.0
no,Oslo,Baerum,2026-06-25,36.0,5,5,7231.0,0,14.268893124585187,0.15789473684210525,1.0
no,Oslo,Baerum,2026-06-25,41.0,2,2,6203.0,0,8.4332470169098741,0.058823529411764705,1.0
no,Oslo,Baerum,2026-06-26,,1,1,3115.0,0,0.0,0.0,0.0
no,Oslo,Baerum,2026-06-26,20.0,4,4,1834.5,0,8.8673467502251668,0.23529411764705882,1.0
no,Oslo,Baerum,2026-06-26,21.0,2,2,2902.5,0,15.647506035579122,0.14285714285714285,0.90476190476190477
no,Oslo,Baerum,2026-06-26,22.0,5,5,3523.6,0,7.89689840216342,0.1891891891891892,1.0
no,Oslo,Baerum,2026-06-26,23.0,6,6,3636.0,0,9.3335714452069816,0.31034482758620691,1.0
no,Oslo,Baerum,2026-06-26,24.0,16,15,3260.0,0,8.51557904821974,0.13414634146341464,1.0
no,Oslo,Baerum,2026-06-26,25.0,25,25,4167.84,0,9.0928620527347537,0.22727272727272727,0.97058823529411764
no,Oslo,Baerum,2026-06-26,26.0,16,15,3049.6875,0,10.062809872888176,0.24637681159420291,0.93939393939393945
no,Oslo,Baerum,2026-06-26,27.0,33,33,3692.818181818182,0,9.1801904712821276,0.28448275862068967,0.963963963963964
no,Oslo,Baerum,2026-06-26,28.0,45,44,3472.409090909091,0,10.571337864204082,0.25454545454545452,0.97468354430379744
no,Oslo,Baerum,2026-06-26,29.0,64,64,4800.453125,0,8.7757370372733039,0.20462046204620463,0.97931034482758617
no,Oslo,Baerum,2026-06-26,30.0,23,22,3612.2727272727275,0,8.0264546519326654,0.168141592920354,0.98148148148148151
no,Oslo,Baerum,2026-06-26,31.0,35,35,4653.8857142857141,0,7.7530257205801076,0.26347305389221559,0.98136645962732916
no,Oslo,Baerum,2026-06-26,32.0,38,36,4458.8684210526317,0.027386038,11.188461199550066,0.23280423280423279,0.97814207650273222
no,Oslo,Baerum,2026-06-26,33.0,31,30,4558.7666666666664,0,8.7265518830157358,0.22047244094488189,1.0
no,Oslo,Baerum,2026-06-26,34.0,35,28,5725.8275862068967,0.060031465,14.051589426546405,0.25757575757575757,0.83333333333333337
no,Oslo,Baerum,2026-06-26,35.0,22,22,5893.863636363636,0,8.8173177494326023,0.21804511278195488,0.968
no,Oslo,Baerum,2026-06-26,36.0,15,15,6529.5333333333338,0,3.0049152961618293,0.21621621621621623,1.0
no,Oslo,Baerum,2026-06-26,37.0,31,31,4627.4838709677415,0,5.5632648272938825,0.27702702702702703,0.986013986013986
no,Oslo,Baerum,2026-06-26,38.0,20,19,5513.4,0,14.726557929485285,0.34920634920634919,0.96363636363636362
no,Oslo,Baerum,2026-06-26,39.0,24,24,4226.826086956522,0.113496472,19.412249313310813,0.4,0.95402298850574707
no,Oslo,Baerum,2026-06-26,40.0,22,20,2873.0952380952381,0.32447121,22.016903614734364,0.24074074074074073,1.0
no,Oslo,Baerum,2026-06-26,41.0,21,14,4501.9285714285716,0.21276274,21.273866783228449,0.1875,0.82051282051282048
no,Oslo,Baerum,2026-06-26,42.0,11,8,4325.666666666667,0.359610028,20.964218412131711,0.1111111111111111,1.0
no,Oslo,Baerum,2026-06-26,43.0,30,28,3976.0,0.310726107,23.322632628981939,0.17886178861788618,0.97413793103448276
no,Oslo,Baerum,2026-06-26,47.0,5,5,3629.8,0.331751681,22.490109881036915,0.23809523809523808,0.97435897435897434
no,Oslo,Baerum,2026-06-27,18.0,4,4,2641.0,0,6.1017184030295466,0.16216216216216217,0.972972972972973
no,Oslo,Baerum,2026-06-27,19.0,2,2,3686.0,0,3.2260895732876067,0.13636363636363635,1.0
no,Oslo,Baerum,2026-06-27,20.0,1,1,962.0,,9.653008285568129,0.15384615384615385,1.0
no,Oslo,Baerum,2026-06-27,21.0,8,8,1871.125,0,8.9923445845111321,0.24528301886792453,1.0
no,Oslo,Baerum,2026-06-27,22.0,9,9,3126.2222222222222,0,7.7751712639182058,0.24285714285714285,0.96825396825396826
no,Oslo,Baerum,2026-06-27,23.0,6,6,4222.0,0,6.5253058978037792,0.20689655172413793,0.62962962962962965
no,Oslo,Baerum,2026-06-27,24.0,12,12,5055.75,0,7.7036576670263974,0.2608695652173913,0.95454545454545459
no,Oslo,Baerum,2026-06-27,25.0,38,36,3347.4594594594596,0,8.86541329088638,0.17857142857142858,0.96216216216216222
no,Oslo,Baerum,2026-06-27,26.0,65,65,3778.6307692307691,0,6.4918627391573294,0.25362318840579712,0.95849056603773586
no,Oslo,Baerum,2026-06-27,27.0,36,35,4160.2222222222226,0.013434903,6.8789192551842948,0.18831168831168832,0.84827586206896555
no,Oslo,Baerum,2026-06-27,28.0,63,62,4017.7258064516127,0,9.0697226331385714,0.2151394422310757,0.96694214876033058
no,Oslo,Baerum,2026-06-27,29.0,121,119,4744.8907563025214,0,7.679849184272288,0.27107061503416857,0.97584541062801933
no,Oslo,Baerum,2026-06-27,30.0,71,70,4078.942028985507,0,8.2822820943919684,0.28378378378378377,0.9859154929577465
no,Oslo,Baerum,2026-06-27,31.0,29,29,5446.6551724137935,0,7.1646964672231981,0.24087591240875914,0.99236641221374045
no,Oslo,Baerum,2026-06-27,32.0,11,10,6495.0,0,10.286397225003835,0.16393442622950818,0.91379310344827591
no,Oslo,Baerum,2026-06-27,33.0,19,19,3442.7894736842104,0,7.5547252521794279,0.27777777777777779,0.95454545454545459
no,Oslo,Baerum,2026-06-27,34.0,29,28,4974.1785714285716,0,10.326935799389325,0.28676470588235292,0.98449612403100772
no,Oslo,Baerum,2026-06-27,35.0,9,8,6221.875,0,14.236392469209278,0.20833333333333334,0.97826086956521741
no,Oslo,Baerum,2026-06-27,36.0,3,3,3354.0,0,14.721694492891219,0.1111111111111111,0.88888888888888884
no,Oslo,Baerum,2026-06-28,,1,1,1779.0,,0.0,0.25,0.0
no,Oslo,Baerum,2026-06-28,14.0,1,1,681.0,,4.1230895713319633,0.13636363636363635,1.0
no,Oslo,Baerum,2026-06-28,16.0,1,1,2733.0,0,3.8306002978056557,0.071428571428571425,0.9285714285714286
no,Oslo,Baerum,2026-06-28,19.0,5,4,2770.5,0,6.728470256997034,0.42857142857142855,0.95
no,Oslo,Baerum,2026-06-28,20.0,4,4,4360.0,0,4.0836054824975792,0.3,1.0
no,Oslo,Baerum,2026-06-28,23.0,8,8,3193.25,0,6.1765830304797511,0.2711864406779661,0.96491228070175439
no,Oslo,Baerum,2026-06-28,24.0,23,23,3236.8260869565215,0,7.487708225299559,0.23,0.95744680851063835
no,Oslo,Baerum,2026-06-28,25.0,53,53,3176.2641509433961,0,10.079121625248829,0.24630541871921183,0.98941798941798942
no,Oslo,Baerum,2026-06-28,26.0,33,33,3299.4242424242425,0,6.2419418465789018,0.24096385542168675,0.98148148148148151
no,Oslo,Baerum,2026-06-28,27.0,19,19,4498.105263157895,0,10.198408503383467,0.18390804597701149,0.98837209302325579
no,Oslo,Baerum,2026-06-28,28.0,24,24,4658.416666666667,0,5.1278645982307021,0.3235294117647059,0.99
no,Oslo,Baerum,2026-06-28,29.0,56,55,4793.2142857142853,0,10.895150625477212,0.27450980392156865,0.96969696969696972
no,Oslo,Baerum,2026-06-28,30.0,76,75,4009.4933333333333,0,7.3931474889989346,0.24188790560471976,0.9785276073619632
no,Oslo,Baerum,2026-06-28,31.0,78,77,4445.3116883116882,0,9.2059803798972411,0.29518072289156627,0.953416149068323
no,Oslo,Baerum,2026-06-28,32.0,27,26,5622.8076923076924,0,12.796177528815065,0.20588235294117646,0.9
no,Oslo,Baerum,2026-06-28,33.0,22,22,5446.727272727273,0.044291339,12.324342387506416,0.31958762886597936,0.95744680851063835
no,Oslo,Baerum,2026-06-28,34.0,59,59,5383.9830508474579,0,9.61417088990128,0.29767441860465116,0.97572815533980584
no,Oslo,Baerum,2026-06-28,35.0,4,4,4446.75,0,8.758247648660646,0.19047619047619047,1.0
no,Oslo,Baerum,2026-06-28,36.0,51,50,4100.416666666667,0.051812665,14.424123031471176,0.19658119658119658,0.9732142857142857
no,Oslo,Baerum,2026-06-28,37.0,28,28,3233.2962962962961,0,16.656369469481383,0.3888888888888889,1.0
no,Oslo,Baerum,2026-06-28,38.0,4,3,4997.0,0,7.6522361576930251,0.33333333333333331,0.77777777777777779
no,Oslo,Baerum,2026-06-28,39.0,56,56,3820.7142857142858,0.035503701,16.755134359584808,0.25980392156862747,0.98445595854922274
no,Oslo,Baerum,2026-06-28,40.0,37,37,4172.4324324324325,0.212874947,18.010357945746836,0.25827814569536423,0.97222222222222221
no,Oslo,Baerum,2026-06-28,41.0,25,25,4765.08,0.07776873,18.281264287313974,0.19047619047619047,0.98765432098765427
no,Oslo,Baerum,2026-06-28,49.0,2,2,6798.0,,24.336072944766,0.125,0.5
no,Oslo,Baerum,2026-06-29,19.0,1,1,4142.0,0,4.2005902249965459,0.0,1.0
no,Oslo,Baerum,2026-06-29,21.0,11,11,2324.5454545454545,0,8.9762967623773466,0.12121212121212122,0.93548387096774188
no,Oslo,Baerum,2026-06-29,22.0,9,9,2530.2222222222222,0,7.2200693240811855,0.17142857142857143,0.97058823529411764
no,Oslo,Baerum,2026-06-29,23.0,5,5,2240.8,0,10.0,0.25925925925925924,1.0
no,Oslo,Baerum,2026-06-29,24.0,13,13,4154.4615384615381,0,8.1431607287581667,0.30952380952380953,1.0
no,Oslo,Baerum,2026-06-29,25.0,31,30,3234.1333333333332,0,10.492456669642689,0.18888888888888888,0.95774647887323938
no,Oslo,Baerum,2026-06-29,26.0,39,38,3255.9473684210525,0,10.109267026260953,0.22023809523809523,0.96226415094339623
no,Oslo,Baerum,2026-06-29,27.0,30,30,4356.0,0,9.5227594276511613,0.28030303030303028,0.96875
no,Oslo,Baerum,2026-06-29,28.0,40,40,5354.1,0,9.81024713237566,0.17786561264822134,0.97685185185185186
no,Oslo,Baerum,2026-06-29,29.0,51,47,4726.6326530612241,0,10.511274712018906,0.19718309859154928,0.95588235294117652
no,Oslo,Baerum,2026-06-29,30.0,22,22,4478.590909090909,0,9.1285612595870926,0.22549019607843138,0.97058823529411764
no,Oslo,Baerum,2026-06-29,31.0,36,36,4938.083333333333,0,11.149883900237834,0.24253731343283583,0.97409326424870468
no,Oslo,Baerum,2026-06-29,32.0,32,32,4726.875,0,12.20405118491577,0.22068965517241379,0.993006993006993
no,Oslo,Baerum,2026-06-29,33.0,30,30,5049.0666666666666,0,12.603198135125371,0.205,0.97744360902255634
no,Oslo,Baerum,2026-06-29,34.0,25,25,4469.12,0,13.52374009830738,0.21604938271604937,0.96808510638297873
no,Oslo,Baerum,2026-06-29,36.0,7,5,8890.6,0,9.57358665916481,0.13235294117647059,0.95238095238095233
no,Oslo,Baerum,2026-06-30,,1,1,3503.0,0,0.0,0.0,0.0
no,Oslo,Baerum,2026-06-30,19.0,3,3,764.33333333333337,0,8.633723376091357,0.095238095238095233,1.0
no,Oslo,Baerum,2026-06-30,20.0,6,5,2158.0,0,6.0388692686064234,0.12307692307692308,1.0
no,Oslo,Baerum,2026-06-30,22.0,5,5,3147.6,0,8.2750033650307824,0.12121212121212122,1.0
no,Oslo,Baerum,2026-06-30,23.0,6,6,3750.5,0,8.7090491544078912,0.15730337078651685,0.98780487804878048
no,Oslo,Baerum,2026-06-30,24.0,8,8,2910.375,0,8.4991821344345748,0.22857142857142856,1.0
no,Oslo,Baerum,2026-06-30,25.0,26,26,3299.8461538461538,0,9.23050357156498,0.18604651162790697,1.0
no,Oslo,Baerum,2026-06-30,26.0,23,23,3713.1739130434785,0,7.9360729543740023,0.13839285714285715,0.98148148148148151
no,Oslo,Baerum,2026-06-30,27.0,9,9,4544.8888888888887,0,9.6889546230766346,0.16666666666666666,1.0
no,Oslo,Baerum,2026-06-30,28.0,42,41,4434.2195121951218,0,11.065800414463471,0.20670391061452514,0.9760479041916168
no,Oslo,Baerum,2026-06-30,29.0,11,11,3857.3636363636365,0,11.069375613548381,0.16923076923076924,0.98360655737704916
no,Oslo,Baerum,2026-06-30,30.0,18,17,4044.3529411764707,0,11.920093175746294,0.21333333333333335,0.94285714285714284
no,Oslo,Baerum,2026-06-30,31.0,26,24,5800.333333333333,0.014512439,13.149529451669965,0.20161290322580644,0.86776859504132231
no,Oslo,Baerum,2026-06-30,32.0,17,17,3893.5294117647059,0,12.949726639046009,0.25,0.979381443298969
no,Oslo,Baerum,2026-06-30,33.0,47,47,4776.2765957446809,0.013185573,12.043330328976376,0.23553719008264462,0.97835497835497831
no,Oslo,Baerum,2026-06-30,34.0,19,19,4187.7894736842109,0,14.811909861738494,0.18085106382978725,0.97826086956521741
no,Oslo,Baerum,2026-06-30,35.0,19,19,4910.5263157894733,0.063986478,14.243821788578481,0.17333333333333334,0.9850746268656716
no,Oslo,Baerum,2026-06-30,37.0,36,30,4049.8333333333335,0.060225068,17.91735374308665,0.24615384615384617,0.873015873015873
no,Oslo,Baerum,2026-06-30,40.0,22,22,3682.8636363636365,0.227261227,19.415767844110203,0.29545454545454547,0.93975903614457834
no,Oslo,Baerum,2026-06-30,41.0,47,47,3505.1063829787236,0.146902238,19.036409662198686,0.20425531914893616,0.9908675799086758
no,Oslo,Baerum,2026-06-30,44.0,14,14,3655.6428571428573,0.454336735,21.32148379978921,0.2978723404255319,0.95348837209302328
no,Oslo,Baerum,2026-06-30,46.0,37,35,3838.1944444444443,0.341827593,23.196463259908661,0.24666666666666667,0.92517006802721091
no,Oslo,Baerum,2026-06-30,47.0,13,13,2579.5384615384614,0.482390252,25.713152182940821,0.22972972972972974,0.85915492957746475
no,Oslo,Baerum,2026-06-30,48.0,19,19,3883.9473684210525,0.452606877,25.07762218208395,0.22580645161290322,0.8392857142857143
no,Oslo,Baerum,2026-06-30,54.0,23,23,4917.739130434783,0.403030303,24.952600528165551,0.27083333333333331,0.9042553191489362
no,Oslo,Jessheim,2025-07-01,,1,1,7599.0,0,0.0,0.0,0.2
no,Oslo,Jessheim,2025-07-01,18.0,1,1,1959.0,0,6.8712915245337838,0.25,1.0
no,Oslo,Jessheim,2025-07-01,19.0,1,1,2605.0,,11.562996385363919,0.25806451612903225,0.93333333333333335
no,Oslo,Jessheim,2025-07-01,20.0,1,1,1664.0,,11.428627599590538,0.0,1.0
no,Oslo,Jessheim,2025-07-01,21.0,5,5,1157.6,0,10.783659157610082,0.16666666666666666,1.0
no,Oslo,Jessheim,2025-07-01,24.0,10,10,2257.6,0,12.933271087485418,0.3,0.88888888888888884
no,Oslo,Jessheim,2025-07-01,25.0,5,5,2046.0,0,9.6858944673686729,0.375,1.0
no,Oslo,Jessheim,2025-07-01,26.0,7,6,1575.5,0,17.288813701390264,0.10344827586206896,0.7407407407407407
no,Oslo,Jessheim,2025-07-01,27.0,18,17,4516.0588235294117,0,9.32469874858508,0.17647058823529413,0.9
no,Oslo,Jessheim,2025-07-01,28.0,9,9,3532.7777777777778,0,9.7158851960440025,0.16363636363636364,0.85416666666666663
no,Oslo,Jessheim,2025-07-01,29.0,21,21,4041.1428571428573,0.266948513,14.070710317416806,0.2878787878787879,0.83870967741935487
no,Oslo,Jessheim,2025-07-01,30.0,10,10,4301.5,0.049822064,15.045399451113614,0.13333333333333333,0.95121951219512191
no,Oslo,Jessheim,2025-07-01,31.0,30,30,4486.0,0,13.1238122226271,0.23030303030303031,0.85526315789473684
no,Oslo,Jessheim,2025-07-01,33.0,20,20,3418.15,0.166440525,17.186853382372732,0.15942028985507245,0.81355932203389836
no,Oslo,Jessheim,2025-07-01,34.0,6,6,8403.6666666666661,0,11.202742188645955,0.27586206896551724,1.0
no,Oslo,Jessheim,2025-07-01,35.0,7,6,4086.8571428571427,0.380478988,14.692435384471977,0.068965517241379309,0.9642857142857143
no,Oslo,Jessheim,2025-07-01,36.0,6,6,4741.166666666667,0,16.208131243704916,0.086956521739130432,0.95238095238095233
no,Oslo,Jessheim,2025-07-01,37.0,4,3,7135.333333333333,0,14.257826906474122,0.17647058823529413,0.4375
no,Oslo,Jessheim,2025-07-01,40.0,3,2,3206.5,0.293706294,18.949947769713916,0.13636363636363635,0.80952380952380953
no,Oslo,Jessheim,2025-07-01,41.0,5,5,3114.2,0.063757116,18.026585024294707,0.045454545454545456,0.81818181818181823
no,Oslo,Jessheim,2025-07-01,44.0,4,4,7850.5,0,16.791004005913006,0.36363636363636365,1.0
no,Oslo,Jessheim,2025-07-01,46.0,2,2,1180.5,0.454696592,18.65293839133658,0.20833333333333334,0.95652173913043481
no,Oslo,Jessheim,2025-07-02,,3,2,495.5,0,4.8275968181899254,0.16666666666666666,0.5
no,Oslo,Jessheim,2025-07-02,13.0,1,1,858.0,0,5.3204004407105021,0.0,1.0
no,Oslo,Jessheim,2025-07-02,17.0,5,5,4226.8,0,6.2201817892897875,0.5,1.0
no,Oslo,Jessheim,2025-07-02,18.0,4,4,1296.75,0,9.8694739194549559,0.15789473684210525,0.73584905660377353
no,Oslo,Jessheim,2025-07-02,23.0,6,6,3285.6666666666665,0,10.236562067408023,0.18367346938775511,0.82978723404255317
no,Oslo,Jessheim,2025-07-02,24.0,5,5,5387.6,0,7.0581112481788333,0.14285714285714285,0.94827586206896552
no,Oslo,Jessheim,2025-07-02,26.0,19,18,3469.4444444444443,0,11.980275370192063,0.18421052631578946,0.90196078431372551
no,Oslo,Jessheim,2025-07-02,27.0,24,24,4581.5,0,9.3602659751772013,0.1981981981981982,0.91752577319587625
no,Oslo,Jessheim,2025-07-02,28.0,3,3,6263.666666666667,0,10.719361903750116,0.13043478260869565,0.95238095238095233
no,Oslo,Jessheim,2025-07-02,29.0,4,4,3518.25,0,9.1426342188370917,0.14814814814814814,0.84
no,Oslo,Jessheim,2025-07-02,30.0,11,11,6297.272727272727,0,10.046338850697506,0.21666666666666667,0.94230769230769229
no,Oslo,Jessheim,2025-07-02,31.0,6,6,5795.666666666667,0,13.277502303751492,0.05128205128205128,0.88571428571428568
no,Oslo,Jessheim,2025-07-02,32.0,17,17,3673.705882352941,0.15619195,13.226158408973737,0.18548387096774194,0.8771929824561403
no,Oslo,Jessheim,2025-07-02,33.0,3,3,4667.666666666667,0,11.018673634292957,0.1,0.94117647058823528
no,Oslo,Jessheim,2025-07-02,35.0,6,6,3841.3333333333335,0,11.249969803304415,0.23076923076923078,0.96875
no,Oslo,Jessheim,2025-07-02,36.0,2,2,8486.5,0,14.888374661767855,0.12,0.95833333333333337
no,Oslo,Jessheim,2025-07-02,38.0,16,15,5196.2,0.170994994,16.051257653793684,0.2153846153846154,0.93548387096774188
no,Oslo,Jessheim,2025-07-02,39.0,2,2,6474.0,0,14.70681719477734,0.15151515151515152,0.9
no,Oslo,Jessheim,2025-07-02,41.0,7,6,6437.5,0,13.865844959547776,0.10526315789473684,0.82857142857142863
no,Oslo,Jessheim,2025-07-02,45.0,3,3,4356.333333333333,0.264012572,19.83434847569217,0.20833333333333334,0.5
no,Oslo,Jessheim,2025-07-02,57.0,3,3,14597.333333333334,0,19.053736122381995,0.125,0.7857142857142857
no,Oslo,Jessheim,2025-07-03,,1,0,,,0.0,1.0,1.0
no,Oslo,Jessheim,2025-07-03,11.0,2,2,869.5,0,3.0213935297093113,0.20512820512820512,1.0
no,Oslo,Jessheim,2025-07-03,12.0,2,2,1026.5,0,3.5885964480687464,0.058823529411764705,1.0
no,Oslo,Jessheim,2025-07-03,13.0,1,1,328.0,0,4.6568240486892822,0.14285714285714285,0.875
no,Oslo,Jessheim,2025-07-03,14.0,2,2,1031.5,0,7.4834158744643329,0.11538461538461539,0.91304347826086951
no,Oslo,Jessheim,2025-07-03,17.0,3,3,1814.6666666666667,0,8.3748385459847139,0.076923076923076927,0.92307692307692313
no,Oslo,Jessheim,2025-07-03,19.0,3,3,1467.0,0,8.3737791249900368,0.10526315789473684,0.92307692307692313
no,Oslo,Jessheim,2025-07-03,20.0,6,6,2455.1666666666665,0,6.2654521985428993,0.19444444444444445,0.98484848484848486
no,Oslo,Jessheim,2025-07-03,21.0,1,1,4818.0,,3.3869197032054048,0.125,1.0
no,Oslo,Jessheim,2025-07-03,22.0,12,12,3815.5833333333335,0,6.8395356433605148,0.042857142857142858,0.95
no,Oslo,Jessheim,2025-07-03,23.0,10,10,2392.5,0,10.277654152259361,0.21153846153846154,0.95744680851063835
no,Oslo,Jessheim,2025-07-03,24.0,11,11,2326.181818181818,0,10.407292245669167,0.22727272727272727,0.9285714285714286
no,Oslo,Jessheim,2025-07-03,25.0,20,20,3355.45,0,10.114691466473751,0.22935779816513763,0.978021978021978
no,Oslo,Jessheim,2025-07-03,26.0,21,21,4164.2857142857147,0,9.9966439832473437,0.16101694915254236,0.93203883495145634
no,Oslo,Jessheim,2025-07-03,27.0,6,6,4684.5,0,11.234046088392763,0.065217391304347824,0.90909090909090906
no,Oslo,Jessheim,2025-07-03,29.0,16,15,5023.2666666666664,0,10.593526678638733,0.19444444444444445,0.92307692307692313
no,Oslo,Jessheim,2025-07-03,31.0,2,2,8228.5,0,9.070299517842388,0.15625,0.8666666666666667
no,Oslo,Jessheim,2025-07-03,32.0,2,2,4655.5,0,10.90925503170798,0.0,0.8928571428571429
no,Oslo,Jessheim,2025-07-03,33.0,7,7,3385.1428571428573,0,13.935077302664324,0.33333333333333331,0.92
no,Oslo,Jessheim,2025-07-03,34.0,6,6,6654.5,0,9.8527303329659226,0.18181818181818182,1.0
no,Oslo,Jessheim,2025-07-03,35.0,5,5,6288.4,0,17.612041756368615,0.1,0.896551724137931
no,Oslo,Jessheim,2025-07-03,40.0,2,2,4742.5,0,1.4221534051040285,0.25,1.0
no,Oslo,Jessheim,2025-07-04,,3,2,2342.0,,0.0,0.071428571428571425,1.0
no,Oslo,Jessheim,2025-07-04,10.0,1,1,240.0,0,4.2603611319587884,0.0,0.84615384615384615
no,Oslo,Jessheim,2025-07-04,14.0,3,3,1040.0,0,6.4848310856717495,0.21739130434782608,0.90476190476190477
no,Oslo,Jessheim,2025-07-04,15.0,3,3,1422.6666666666667,0,0.15532137279079,0.19047619047619047,1.0
no,Oslo,Jessheim,2025-07-04,16.0,4,4,1247.25,0,5.2732406062530712,0.093023255813953487,0.97435897435897434
no,Oslo,Jessheim,2025-07-04,17.0,2,2,904.5,0,7.4216488661075593,0.15384615384615385,0.92307692307692313
no,Oslo,Jessheim,2025-07-04,18.0,7,7,2035.4285714285713,0,4.71332712115175,0.14606741573033707,0.948051948051948
no,Oslo,Jessheim,2025-07-04,19.0,3,3,2663.0,0,5.5959958953788638,0.25,1.0
no,Oslo,Jessheim,2025-07-04,20.0,5,5,1311.8,0,9.17090359119537,0.15384615384615385,1.0
no,Oslo,Jessheim,2025-07-04,21.0,18,18,2394.7222222222222,0,8.7507124023771041,0.22916666666666666,0.85057471264367812
no,Oslo,Jessheim,2025-07-04,22.0,18,17,4638.333333333333,0,3.4174137575988253,0.1984126984126984,0.94117647058823528
no,Oslo,Jessheim,2025-07-04,23.0,3,3,1686.6666666666667,0,8.1990139421941475,0.12,1.0
no,Oslo,Jessheim,2025-07-04,24.0,9,9,2222.4444444444443,0,4.5446045617709094,0.13235294117647059,0.93650793650793651
no,Oslo,Jessheim,2025-07-04,25.0,7,7,3040.1428571428573,0,8.8217904310120971,0.086206896551724144,0.97826086956521741
no,Oslo,Jessheim,2025-07-04,27.0,14,14,5898.7857142857147,0,3.9464513558585734,0.17241379310344829,0.94871794871794868
no,Oslo,Jessheim,2025-07-04,28.0,12,12,4355.916666666667,0,7.550491072808132,0.21666666666666667,1.0
no,Oslo,Jessheim,2025-07-04,29.0,9,9,5411.1111111111113,0,7.9761273608847985,0.19444444444444445,0.927536231884058
no,Oslo,Jessheim,2025-07-04,31.0,5,5,8166.4,0,7.4445453633741154,0.13043478260869565,0.926829268292683
no,Oslo,Jessheim,2025-07-04,32.0,1,1,13803.0,0,4.7591061305814222,0.0,1.0
no,Oslo,Jessheim,2025-07-04,33.0,2,2,5317.5,0,4.1792157850459706,0.1,1.0
no,Oslo,Jessheim,2025-07-04,34.0,7,7,4591.1428571428569,0,16.854912513691733,0.40909090909090912,0.85
no,Oslo,Jessheim,2025-07-04,35.0,4,3,5919.333333333333,0,8.3618076387831213,0.13157894736842105,0.94444444444444442
no,Oslo,Jessheim,2025-07-04,36.0,5,5,7374.8,0,15.514124639046448,0.1,1.0
no,Oslo,Jessheim,2025-07-04,37.0,1,1,8149.0,0,7.3904039706872577,0.0,1.0
no,Oslo,Jessheim,2025-07-04,43.0,3,3,9193.0,0,10.05603375937004,0.10714285714285714,0.88461538461538458
no,Oslo,Jessheim,2025-07-05,,1,1,4140.0,,0.0,0.0,0.2
no,Oslo,Jessheim,2025-07-05,12.0,1,1,1156.0,0,8.1920446184914528,0.12903225806451613,0.92
no,Oslo,Jessheim,2025-07-05,18.0,14,14,2232.2857142857142,0,7.6229416396698708,0.10666666666666667,0.97142857142857142
no,Oslo,Jessheim,2025-07-05,19.0,10,10,3180.8,0,7.0065082669447776,0.23255813953488372,0.925
no,Oslo,Jessheim,2025-07-05,20.0,3,3,2453.6666666666665,0,7.49320366226516,0.16129032258064516,0.9642857142857143
no,Oslo,Jessheim,2025-07-05,21.0,3,2,1527.0,0,7.8091772296432032,0.23529411764705882,0.93333333333333335
no,Oslo,Jessheim,2025-07-05,22.0,7,7,6183.1428571428569,0,6.0407087706848639,0.18518518518518517,0.96078431372549022
no,Oslo,Jessheim,2025-07-05,23.0,5,5,2947.8,0,10.510715171261895,0.19148936170212766,0.93333333333333335
no,Oslo,Jessheim,2025-07-05,24.0,12,12,3796.5833333333335,0,4.4380400245106877,0.20618556701030927,0.95294117647058818
no,Oslo,Jessheim,2025-07-05,25.0,8,7,4557.0,0,4.50466315600325,0.10144927536231885,0.83076923076923082
no,Oslo,Jessheim,2025-07-05,26.0,18,17,5402.666666666667,0,8.00640290509318,0.25,0.95238095238095233
no,Oslo,Jessheim,2025-07-05,27.0,12,12,4725.666666666667,0,10.1682574778984,0.1875,0.8833333333333333
no,Oslo,Jessheim,2025-07-05,28.0,6,6,5118.166666666667,0,8.7239350789655319,0.13793103448275862,0.89795918367346939
no,Oslo,Jessheim,2025-07-05,29.0,23,23,3911.1304347826085,0,11.776511319759841,0.22784810126582278,0.91176470588235292
no,Oslo,Jessheim,2025-07-05,30.0,5,5,8530.4,0,10.434315140984751,0.09375,0.93548387096774188
no,Oslo,Jessheim,2025-07-05,31.0,14,14,4804.7142857142853,0,13.428204706952526,0.16393442622950818,0.93220338983050843
no,Oslo,Jessheim,2025-07-05,32.0,6,6,7151.833333333333,0.08997155,11.244577957603273,0.21428571428571427,0.88888888888888884
no,Oslo,Jessheim,2025-07-05,34.0,16,16,7709.5,0,10.905558057028729,0.19672131147540983,0.97916666666666663
no,Oslo,Jessheim,2025-07-05,36.0,7,7,6565.0,0,15.426587681298095,0.2413793103448276,0.88
no,Oslo,Jessheim,2025-07-05,37.0,5,5,4953.6,0,14.009045582690204,0.083333333333333329,0.79411764705882348
no,Oslo,Jessheim,2025-07-05,39.0,2,2,10645.0,0,14.764697184567543,0.33333333333333331,1.0
no,Oslo,Jessheim,2025-07-05,40.0,1,1,10286.0,0,11.185086587823045,0.0,0.875
no,Oslo,Jessheim,2025-07-06,,3,3,8625.6666666666661,0,0.0,0.058823529411764705,0.0
no,Oslo,Jessheim,2025-07-06,18.0,6,6,1739.8333333333333,0,7.67097338615237,0.21052631578947367,0.91176470588235292
no,Oslo,Jessheim,2025-07-06,19.0,7,7,3264.7142857142858,0,1.70258842363379,0.2391304347826087,0.91111111111111109
no,Oslo,Jessheim,2025-07-06,20.0,18,18,2721.6111111111113,0,9.1949601494989164,0.29292929292929293,0.90109890109890112
no,Oslo,Jessheim,2025-07-06,21.0,20,19,1704.3684210526317,0,10.598215395956384,0.21951219512195122,0.83783783783783783
no,Oslo,Jessheim,2025-07-06,22.0,9,9,2009.1111111111111,0,10.590325255712573,0.22413793103448276,0.90566037735849059
no,Oslo,Jessheim,2025-07-06,23.0,10,10,3648.4,0,10.34721561915585,0.17391304347826086,0.90476190476190477
no,Oslo,Jessheim,2025-07-06,24.0,22,22,3581.9545454545455,0,9.23566661515705,0.15789473684210525,0.83177570093457942
no,Oslo,Jessheim,2025-07-06,25.0,10,10,4650.9,0,8.3428966797009778,0.18181818181818182,0.83333333333333337
no,Oslo,Jessheim,2025-07-06,26.0,39,38,4203.394736842105,0,8.4672354787894744,0.19883040935672514,0.92156862745098034
no,Oslo,Jessheim,2025-07-06,27.0,7,7,4270.4285714285716,0,10.553202922583594,0.19607843137254902,0.59090909090909094
no,Oslo,Jessheim,2025-07-06,28.0,16,14,6738.5714285714284,0,8.9170755793471521,0.17910447761194029,0.8666666666666667
no,Oslo,Jessheim,2025-07-06,29.0,21,21,4753.333333333333,0,10.503641397276851,0.16875,0.76978417266187049
no,Oslo,Jessheim,2025-07-06,30.0,5,5,5329.2,0,13.708624787194681,0.125,0.86206896551724133
no,Oslo,Jessheim,2025-07-06,31.0,17,17,3905.8823529411766,0,13.502455333901423,0.15596330275229359,0.898989898989899
no,Oslo,Jessheim,2025-07-06,32.0,8,8,6619.5,0,13.854817500837735,0.22222222222222221,0.91304347826086951
no,Oslo,Jessheim,2025-07-06,33.0,5,5,2624.2,0.098558629,16.299515604535188,0.17857142857142858,0.038461538461538464
no,Oslo,Jessheim,2025-07-06,34.0,1,1,626.0,0,13.290401385199795,0.0,0.0
no,Oslo,Jessheim,2025-07-06,35.0,1,1,6022.0,0,16.596801862020918,0.1,0.0
no,Oslo,Jessheim,2025-07-06,39.0,7,5,6862.0,0,18.525077276554843,0.14893617021276595,0.57777777777777772
no,Oslo,Jessheim,2025-07-06,40.0,4,2,11487.0,0,16.042021096530306,0.12121212121212122,0.87878787878787878
no,Oslo,Jessheim,2025-07-06,47.0,1,1,11980.0,0.671439936,19.496463030425929,0.043478260869565216,0.8
no,Oslo,Jessheim,2025-07-07,,3,3,2257.0,0,4.725,0.175,0.48148148148148145
no,Oslo,Jessheim,2025-07-07,10.0,1,1,642.0,0,2.6315773646761835,0.055555555555555552,1.0
no,Oslo,Jessheim,2025-07-07,16.0,1,1,1096.0,,6.9199963458215894,0.08,1.0
no,Oslo,Jessheim,2025-07-07,17.0,3,3,1613.3333333333333,0,6.7271410360372679,0.14583333333333334,0.8571428571428571
no,Oslo,Jessheim,2025-07-07,18.0,2,2,1021.0,0,8.470286127413015,0.0625,0.896551724137931
no,Oslo,Jessheim,2025-07-07,20.0,5,5,2852.6,0,5.3932987767409371,0.25,0.95454545454545459
no,Oslo,Jessheim,2025-07-07,22.0,1,1,1603.0,,3.4365587770469226,0.083333333333333329,1.0
no,Oslo,Jessheim,2025-07-07,23.0,17,17,3522.5294117647059,0,9.1255985152098145,0.13513513513513514,0.88235294117647056
no,Oslo,Jessheim,2025-07-07,24.0,5,5,2672.2,0,8.9693177811121014,0.16666666666666666,0.91304347826086951
no,Oslo,Jessheim,2025-07-07,25.0,27,27,3041.962962962963,0,10.299631017508265,0.16030534351145037,0.92561983471074383
no,Oslo,Jessheim,2025-07-07,26.0,22,21,3569.9523809523807,0,10.60766814102738,0.18840579710144928,0.90909090909090906
no,Oslo,Jessheim,2025-07-07,27.0,6,5,5526.4,0,8.84168966276563,0.14705882352941177,0.88461538461538458
no,Oslo,Jessheim,2025-07-07,28.0,2,2,2329.0,0.612590799,11.769608823385639,0.125,1.0
no,Oslo,Jessheim,2025-07-07,29.0,8,8,3366.5,0.076319759,16.360587794095625,0.16,0.95652173913043481
no,Oslo,Jessheim,2025-07-07,30.0,23,22,4056.1739130434785,0.021351864,11.756238474391433,0.17266187050359713,0.9296875
no,Oslo,Jessheim,2025-07-07,31.0,2,2,3743.0,0,8.9946799087379041,0.0,1.0
no,Oslo,Jessheim,2025-07-07,33.0,6,6,6670.0,0,11.100851873014689,0.26470588235294118,0.9
no,Oslo,Jessheim,2025-07-07,36.0,9,8,4840.375,0,17.079863124207609,0.24324324324324326,0.94117647058823528
no,Oslo,Jessheim,2025-07-07,38.0,5,5,5048.0,0.173347037,19.272782590941823,0.18518518518518517,0.79166666666666663
no,Oslo,Jessheim,2025-07-07,39.0,1,1,2106.0,0,13.021370208236199,0.1875,0.93333333333333335
no,Oslo,Jessheim,2025-07-07,40.0,2,2,7058.5,0,9.4033549285376772,0.22580645161290322,0.90322580645161288
no,Oslo,Jessheim,2025-07-07,42.0,4,3,5077.0,0,15.554958607372443,0.045454545454545456,0.89473684210526316
no,Oslo,Jessheim,2025-07-08,,3,2,1237.5,0,2.7365048744497238,0.058823529411764705,0.5625
no,Oslo,Jessheim,2025-07-08,15.0,3,3,835.66666666666663,0,4.2282758101240381,0.14814814814814814,0.57692307692307687
no,Oslo,Jessheim,2025-07-08,16.0,1,1,1482.0,0,9.2434996852282119,0.1,0.875
no,Oslo,Jessheim,2025-07-08,19.0,3,3,3561.3333333333335,0,6.3410596733244962,0.11538461538461539,0.95238095238095233
no,Oslo,Jessheim,2025-07-08,20.0,1,1,1930.0,0,7.4424825066977,0.071428571428571425,0.875
no,Oslo,Jessheim,2025-07-08,21.0,6,6,2631.3333333333335,0,8.09298717803072,0.10344827586206896,0.96
no,Oslo,Jessheim,2025-07-08,22.0,2,2,2259.0,0,-0.11318062544490916,0.095238095238095233,0.8666666666666667
no,Oslo,Jessheim,2025-07-08,23.0,9,9,2380.5555555555557,0,7.0606965162312125,0.10309278350515463,0.94252873563218387
no,Oslo,Jessheim,2025-07-08,24.0,16,16,4078.25,0,9.1681179014386949,0.16853932584269662,0.76829268292682928
no,Oslo,Jessheim,2025-07-08,25.0,1,1,5932.0,,7.5000175522779484,0.043478260869565216,1.0
no,Oslo,Jessheim,2025-07-08,26.0,9,9,4716.5555555555557,0,7.845616180102823,0.14754098360655737,0.91836734693877553
no,Oslo,Jessheim,2025-07-08,27.0,12,12,4160.833333333333,0,12.788134222840046,0.20634920634920634,0.98181818181818181
no,Oslo,Jessheim,2025-07-08,28.0,9,9,3638.4444444444443,0,11.77217902062414,0.090909090909090912,0.92307692307692313
no,Oslo,Jessheim,2025-07-08,29.0,13,13,4295.0,0.253713368,13.107000947934752,0.2413793103448276,0.93617021276595747
no,Oslo,Jessheim,2025-07-08,30.0,9,9,4365.1111111111113,0,9.2009947542219042,0.21276595744680851,0.97222222222222221
no,Oslo,Jessheim,2025-07-08,32.0,2,2,6396.5,0,10.854022586801474,0.055555555555555552,0.8666666666666667
no,Oslo,Jessheim,2025-07-08,33.0,18,18,5005.666666666667,0.108732104,14.082279909241521,0.20588235294117646,0.92982456140350878
no,Oslo,Jessheim,2025-07-08,34.0,12,12,5501.5,0.314262561,19.233973066029378,0.22448979591836735,0.86956521739130432
no,Oslo,Jessheim,2025-07-08,36.0,6,6,3310.1666666666665,0.319050758,19.921049993861821,0.043478260869565216,0.8571428571428571
no,Oslo,Jessheim,2025-07-08,41.0,7,7,4411.2857142857147,0,18.382321039091,0.16,1.0
no,Oslo,Jessheim,2025-07-08,45.0,2,1,9581.0,0,14.015637959151938,0.08,0.90909090909090906
no,Oslo,Jessheim,2025-07-08,47.0,2,2,3791.0,1.685333333,24.016247443950867,0.14285714285714285,0.88235294117647056
no,Oslo,Jessheim,2025-07-09,,1,1,5588.0,0,0.0,0.14285714285714285,
no,Oslo,Jessheim,2025-07-09,14.0,1,1,586.0,,8.36511697037603,0.1,1.0
no,Oslo,Jessheim,2025-07-09,16.0,7,7,1205.5714285714287,0,5.201478532464888,0.2,0.94444444444444442
no,Oslo,Jessheim,2025-07-09,17.0,5,5,1607.8,0,5.1192601291734521,0.0967741935483871,0.96153846153846156
no,Oslo,Jessheim,2025-07-09,18.0,10,10,1200.2,0,5.2477438368988922,0.12280701754385964,0.94230769230769229
no,Oslo,Jessheim,2025-07-09,19.0,7,7,3749.8571428571427,0,7.8697994184005626,0.2413793103448276,1.0
no,Oslo,Jessheim,2025-07-09,20.0,7,7,3893.4285714285716,0,5.2959571152849989,0.17567567567567569,0.9838709677419355
no,Oslo,Jessheim,2025-07-09,21.0,10,10,2251.9,0,6.4699202937878457,0.15789473684210525,0.96
no,Oslo,Jessheim,2025-07-09,22.0,5,4,1846.5,0,6.3883867922283875,0.18518518518518517,0.95238095238095233
no,Oslo,Jessheim,2025-07-09,23.0,4,4,3665.25,0,6.53133244035315,0.16363636363636364,0.86956521739130432
no,Oslo,Jessheim,2025-07-09,24.0,13,13,3731.2307692307691,0,10.537312552774459,0.16438356164383561,0.93333333333333335
no,Oslo,Jessheim,2025-07-09,25.0,11,10,2100.7,0,6.561418637734997,0.12820512820512819,0.9285714285714286
no,Oslo,Jessheim,2025-07-09,26.0,11,10,3905.181818181818,0,8.4465508224443777,0.26229508196721313,0.94444444444444442
no,Oslo,Jessheim,2025-07-09,27.0,13,13,5253.6153846153848,0,8.97455361165762,0.16666666666666666,0.9285714285714286
no,Oslo,Jessheim,2025-07-09,28.0,3,3,4303.666666666667,0,14.494051959183432,0.10526315789473684,0.82352941176470584
no,Oslo,Jessheim,2025-07-09,29.0,11,11,4255.272727272727,0,11.753560728996662,0.18181818181818182,0.96551724137931039
no,Oslo,Jessheim,2025-07-09,30.0,2,2,9424.0,0,4.0210785289363553,0.19354838709677419,0.95833333333333337
no,Oslo,Jessheim,2025-07-09,31.0,2,2,7976.5,0,11.457314097954789,0.27272727272727271,0.81818181818181823
no,Oslo,Jessheim,2025-07-09,32.0,14,14,4312.7142857142853,0,14.456788874904653,0.17142857142857143,0.91803278688524592
no,Oslo,Jessheim,2025-07-09,34.0,2,2,6213.0,0,13.114591844210929,0.125,0.94444444444444442
no,Oslo,Jessheim,2025-07-09,35.0,2,2,4684.5,0,14.936942249732766,0.18181818181818182,1.0
no,Oslo,Jessheim,2025-07-09,36.0,10,10,4219.8,0.127063532,17.492536720134677,0.10256410256410256,0.88235294117647056
no,Oslo,Jessheim,2025-07-10,14.0,2,2,2421.0,0,4.4332188900959384,0.15384615384615385,0.88
no,Oslo,Jessheim,2025-07-10,15.0,1,1,1671.0,0,0.0,0.15384615384615385,1.0
no,Oslo,Jessheim,2025-07-10,16.0,1,1,1986.0,0,1.6816487943379865,0.2,1.0
no,Oslo,Jessheim,2025-07-10,17.0,3,3,905.33333333333337,,5.35655108823056,0.12903225806451613,1.0
no,Oslo,Jessheim,2025-07-10,19.0,1,1,3328.0,0,8.1964697564778959,0.125,1.0
no,Oslo,Jessheim,2025-07-10,20.0,5,5,3708.8,0,6.8220643087294555,0.19230769230769232,0.96
no,Oslo,Jessheim,2025-07-10,21.0,6,5,1838.8,0,10.554980277899059,0.1388888888888889,0.94117647058823528
no,Oslo,Jessheim,2025-07-10,22.0,2,2,823.0,0,10.053267405842748,0.13793103448275862,1.0
no,Oslo,Jessheim,2025-07-10,23.0,10,10,3854.4,0,9.2465870471300988,0.13953488372093023,0.94117647058823528
no,Oslo,Jessheim,2025-07-10,24.0,21,21,3556.7142857142858,0,8.0692080656348768,0.21818181818181817,0.95959595959595956
no,Oslo,Jessheim,2025-07-10,25.0,8,8,2351.5,0,10.882854299017108,0.15384615384615385,0.97222222222222221
no,Oslo,Jessheim,2025-07-10,27.0,3,3,9488.6666666666661,0,-0.46442614822652234,0.18181818181818182,0.8571428571428571
no,Oslo,Jessheim,2025-07-10,28.0,7,7,3292.1428571428573,0,8.40044287127401,0.15555555555555556,0.94594594594594594
no,Oslo,Jessheim,2025-07-10,29.0,11,11,3877.6363636363635,0,12.260155732358102,0.23255813953488372,0.92307692307692313
no,Oslo,Jessheim,2025-07-10,30.0,17,16,3323.5,0,11.802362981827,0.18548387096774194,0.90517241379310343
no,Oslo,Jessheim,2025-07-10,31.0,35,35,3636.9142857142856,0.108550377,13.583045605085484,0.20183486238532111,0.97115384615384615
no,Oslo,Jessheim,2025-07-10,32.0,6,6,3979.6666666666665,0,15.761489355179574,0.1875,0.8214285714285714
no,Oslo,Jessheim,2025-07-10,33.0,5,5,4929.6,0,15.568977731514366,0.2857142857142857,1.0
no,Oslo,Jessheim,2025-07-10,34.0,2,2,6669.5,0,12.39956740833424,0.11428571428571428,0.9
no,Oslo,Jessheim,2025-07-10,36.0,8,8,3224.375,0,15.708644452340875,0.16666666666666666,0.96
no,Oslo,Jessheim,2025-07-10,40.0,4,4,5128.75,0,15.229020057255692,0.095238095238095233,1.0
no,Oslo,Jessheim,2025-07-11,,1,0,,,8.554614421399906,0.11764705882352941,1.0
no,Oslo,Jessheim,2025-07-11,14.0,1,1,454.0,,7.8290611868431865,0.14285714285714285,1.0
no,Oslo,Jessheim,2025-07-11,17.0,1,1,2405.0,0,5.40155216707758,0.0,1.0
no,Oslo,Jessheim,2025-07-11,19.0,1,1,2290.0,0,7.8117822456187227,0.2,1.0
no,Oslo,Jessheim,2025-07-11,20.0,5,5,1109.8,0,9.3769308175150137,0.071428571428571425,0.94444444444444442
no,Oslo,Jessheim,2025-07-11,21.0,5,5,2444.2,0,8.6569368611099122,0.19047619047619047,1.0
no,Oslo,Jessheim,2025-07-11,22.0,2,2,2360.5,0,2.7376118089785235,0.11904761904761904,0.97368421052631582
no,Oslo,Jessheim,2025-07-11,23.0,5,5,2150.2,0,10.070604828691788,0.15384615384615385,0.95833333333333337
no,Oslo,Jessheim,2025-07-11,24.0,11,11,1654.7272727272727,0,9.363431005242882,0.14606741573033707,0.95180722891566261
no,Oslo,Jessheim,2025-07-11,25.0,20,20,3185.65,0,7.3913066683466555,0.13934426229508196,0.95049504950495045
no,Oslo,Jessheim,2025-07-11,26.0,13,13,4362.3076923076924,0,8.133868910783729,0.3,0.94339622641509435
no,Oslo,Jessheim,2025-07-11,27.0,35,35,4522.8,0,8.9440731306911463,0.15165876777251186,0.9623655913978495
no,Oslo,Jessheim,2025-07-11,28.0,6,6,7622.5,0,6.6832400643188636,0.18571428571428572,0.95081967213114749
no,Oslo,Jessheim,2025-07-11,29.0,17,16,4236.5625,0,11.527162858208028,0.20652173913043478,0.92592592592592593
no,Oslo,Jessheim,2025-07-11,30.0,12,12,4406.916666666667,0,11.064410221427297,0.23076923076923078,0.875
no,Oslo,Jessheim,2025-07-11,34.0,4,4,6944.75,0,9.0352747378670859,0.22222222222222221,1.0
no,Oslo,Jessheim,2025-07-11,37.0,6,6,1674.3333333333333,0,15.677002962167387,0.17241379310344829,0.9285714285714286
no,Oslo,Jessheim,2025-07-11,38.0,3,3,5448.666666666667,0,5.88585860273652,0.15625,1.0
no,Oslo,Jessheim,2025-07-11,39.0,1,1,11206.0,0,8.8551309891648415,0.11764705882352941,0.92307692307692313
no,Oslo,Jessheim,2025-07-11,46.0,5,4,6984.25,0.131948052,18.804025054360775,0.14285714285714285,0.77777777777777779
no,Oslo,Jessheim,2025-07-11,50.0,2,2,8281.5,0.484821821,21.203984340890056,0.047619047619047616,1.0
no,Oslo,Jessheim,2025-07-12,17.0,2,2,2651.0,0,5.4656256011783455,0.2,1.0
no,Oslo,Jessheim,2025-07-12,18.0,6,5,2863.4,0,10.02780048673357,0.10714285714285714,0.92307692307692313
no,Oslo,Jessheim,2025-07-12,19.0,9,9,2112.2222222222222,0,4.8063939560342686,0.20987654320987653,0.87142857142857144
no,Oslo,Jessheim,2025-07-12,20.0,4,4,2915.0,0,6.8408998882273488,0.11764705882352941,0.91666666666666663
no,Oslo,Jessheim,2025-07-12,21.0,2,2,3864.0,0,3.8470870278210003,0.16666666666666666,0.95
no,Oslo,Jessheim,2025-07-12,22.0,2,2,5001.5,0,4.2407082822726929,0.17857142857142858,0.95454545454545459
no,Oslo,Jessheim,2025-07-12,23.0,1,1,3419.0,,5.3463579506240633,0.052631578947368418,0.82352941176470584
no,Oslo,Jessheim,2025-07-12,24.0,16,16,2958.875,0,8.5864161980415581,0.17582417582417584,0.927710843373494
no,Oslo,Jessheim,2025-07-12,25.0,6,6,4058.8333333333335,0,12.761714229699425,0.23076923076923078,0.96
no,Oslo,Jessheim,2025-07-12,26.0,22,22,4281.545454545455,0,7.6680514033106864,0.25892857142857145,0.94117647058823528
no,Oslo,Jessheim,2025-07-12,27.0,10,10,3755.4,0,12.060314788950905,0.31707317073170732,0.94594594594594594
no,Oslo,Jessheim,2025-07-12,28.0,19,19,3278.8947368421054,0,11.132313094302372,0.13592233009708737,0.978494623655914
no,Oslo,Jessheim,2025-07-12,29.0,1,1,10364.0,0,7.2860070524227556,0.13636363636363635,0.93333333333333335
no,Oslo,Jessheim,2025-07-12,30.0,4,4,5831.0,0,7.6396961209755414,0.03125,0.96153846153846156
no,Oslo,Jessheim,2025-07-12,31.0,19,19,5065.0526315789475,0,12.078183479690834,0.18888888888888888,0.93827160493827155
no,Oslo,Jessheim,2025-07-12,32.0,6,6,3696.8333333333335,0,13.998313648612582,0.26923076923076922,0.91304347826086951
no,Oslo,Jessheim,2025-07-12,34.0,7,7,6178.4285714285716,0,12.276130971961047,0.0,0.95238095238095233
no,Oslo,Jessheim,2025-07-12,35.0,4,3,10266.666666666666,0,7.09919311849136,0.16129032258064516,0.9285714285714286
no,Oslo,Jessheim,2025-07-12,36.0,8,8,4371.25,0,12.190894393154583,0.12962962962962962,0.91666666666666663
no,Oslo,Jessheim,2025-07-12,38.0,4,4,7771.75,0,15.615203239745764,0.071428571428571425,0.9285714285714286
no,Oslo,Jessheim,2025-07-13,,3,3,1241.0,0,4.302858839749601,0.125,0.13333333333333333
no,Oslo,Jessheim,2025-07-13,19.0,2,2,2102.5,0,7.204038337398015,0.058823529411764705,0.8571428571428571
no,Oslo,Jessheim,2025-07-13,22.0,4,4,3774.0,0,8.1169928191565823,0.11320754716981132,0.5625
no,Oslo,Jessheim,2025-07-13,23.0,1,1,1858.0,,1.2,0.0,0.1111111111111111
no,Oslo,Jessheim,2025-07-13,25.0,8,8,1970.25,0,14.55996405906639,0.081081081081081086,0.94285714285714284
no,Oslo,Jessheim,2025-07-13,26.0,18,17,3922.8888888888887,0,10.116386942652179,0.22962962962962963,0.89166666666666672
no,Oslo,Jessheim,2025-07-13,27.0,6,6,4557.0,0,9.809940893731687,0.095238095238095233,0.65789473684210531
no,Oslo,Jessheim,2025-07-13,28.0,32,31,3540.1935483870966,0,12.12281312852066,0.26143790849673204,0.8529411764705882
no,Oslo,Jessheim,2025-07-13,29.0,2,2,4364.0,0,11.718853197507434,0.14285714285714285,0.2
no,Oslo,Jessheim,2025-07-13,30.0,39,39,3779.1282051282051,0.061687838,12.174782112638042,0.233502538071066,0.8651685393258427
no,Oslo,Jessheim,2025-07-13,31.0,9,8,4006.2222222222222,0,10.042191381321246,0.29411764705882354,0.896551724137931
no,Oslo,Jessheim,2025-07-13,32.0,48,48,3336.0208333333335,0.128167698,15.20146841873391,0.19718309859154928,0.8984375
no,Oslo,Jessheim,2025-07-13,33.0,21,21,3591.8571428571427,0.03558869,16.495217811955506,0.24358974358974358,0.67647058823529416
no,Oslo,Jessheim,2025-07-13,34.0,9,9,3199.7777777777778,0.072742956,18.331515285263638,0.2857142857142857,0.77777777777777779
no,Oslo,Jessheim,2025-07-13,36.0,14,14,5510.4285714285716,0,12.356716285360319,0.21428571428571427,0.921875
no,Oslo,Jessheim,2025-07-13,37.0,7,4,7181.8,0,15.421244950870005,0.13333333333333333,0.8
no,Oslo,Jessheim,2025-07-13,38.0,1,1,14916.0,0,6.7706723910465083,0.2,0.0
no,Oslo,Jessheim,2025-07-13,39.0,1,1,11931.0,0,10.784514160311065,0.0,0.6428571428571429
no,Oslo,Jessheim,2025-07-13,40.0,9,9,5545.1111111111113,0,15.467799609863745,0.20634920634920634,0.93220338983050843
no,Oslo,Jessheim,2025-07-14,,1,0,,,0.0,0.0,
no,Oslo,Jessheim,2025-07-14,12.0,2,1,723.0,0,1.6472235277524812,0.22222222222222221,0.94117647058823528
no,Oslo,Jessheim,2025-07-14,14.0,2,2,835.5,0,3.1701412587247479,0.16,1.0
no,Oslo,Jessheim,2025-07-14,19.0,1,1,2905.0,0,7.4206827040132142,0.15789473684210525,0.94117647058823528
no,Oslo,Jessheim,2025-07-14,20.0,3,3,2189.6666666666665,0,9.6428571428571423,0.21428571428571427,0.83333333333333337
no,Oslo,Jessheim,2025-07-14,21.0,18,18,2979.1111111111113,0,5.8928117411637455,0.18269230769230768,0.94565217391304346
no,Oslo,Jessheim,2025-07-14,22.0,4,4,2860.75,0,9.90931912455853,0.125,1.0
no,Oslo,Jessheim,2025-07-14,23.0,4,4,3914.75,0,9.2461720082224463,0.18181818181818182,0.9
no,Oslo,Jessheim,2025-07-14,24.0,4,4,3990.0,0,3.701827758021504,0.2,0.85
no,Oslo,Jessheim,2025-07-14,25.0,6,5,935.2,0,14.384107145001435,0.14285714285714285,0.96153846153846156
no,Oslo,Jessheim,2025-07-14,26.0,3,3,2152.6666666666665,0,11.047109712550734,0.16,0.8666666666666667
no,Oslo,Jessheim,2025-07-14,27.0,17,16,2628.5,0,9.9780771187696349,0.21311475409836064,0.91228070175438591
no,Oslo,Jessheim,2025-07-14,28.0,3,3,1730.6666666666667,0,12.277788109808608,0.16666666666666666,0.94285714285714284
no,Oslo,Jessheim,2025-07-14,29.0,8,8,3427.875,0,12.106702123209852,0.22727272727272727,0.87179487179487181
no,Oslo,Jessheim,2025-07-14,30.0,7,6,3765.7142857142858,0.071268238,8.2842882918642236,0.13333333333333333,0.95121951219512191
no,Oslo,Jessheim,2025-07-14,31.0,3,3,5615.666666666667,0,14.104096536536231,0.2857142857142857,0.8571428571428571
no,Oslo,Jessheim,2025-07-14,32.0,6,5,4507.2,0,16.806860331594038,0.11904761904761904,0.94444444444444442
no,Oslo,Jessheim,2025-07-14,33.0,17,17,4205.411764705882,0,13.569695479830457,0.15217391304347827,0.91139240506329111
no,Oslo,Jessheim,2025-07-14,34.0,7,7,4624.4285714285716,0,5.4646950276800412,0.225,1.0
no,Oslo,Jessheim,2025-07-14,36.0,17,17,4114.4705882352937,0.11827957,16.948208559317074,0.175,0.84285714285714286
no,Oslo,Jessheim,2025-07-14,37.0,8,8,5457.125,0,14.588145115669104,0.11904761904761904,0.83783783783783783
no,Oslo,Jessheim,2025-07-14,38.0,8,7,5815.7142857142853,0.067665151,16.981392313427566,0.35714285714285715,0.96153846153846156
no,Oslo,Jessheim,2025-07-14,44.0,2,2,9225.5,0,12.223345095575032,0.11538461538461539,0.75
no,Oslo,Jessheim,2025-07-14,45.0,2,2,11203.0,0,14.680330969739053,0.055555555555555552,0.93333333333333335
no,Oslo,Jessheim,2025-07-15,,2,2,8853.0,0,9.0,0.083333333333333329,1.0
no,Oslo,Jessheim,2025-07-15,16.0,2,2,1822.5,0,9.22028373093429,0.14285714285714285,1.0
no,Oslo,Jessheim,2025-07-15,18.0,5,5,1724.6,0,6.9012722583732762,0.13793103448275862,0.96296296296296291
no,Oslo,Jessheim,2025-07-15,19.0,2,2,1412.5,0,10.754795215035465,0.15789473684210525,0.83333333333333337
no,Oslo,Jessheim,2025-07-15,22.0,4,4,3990.0,0,11.003819522674366,0.2,0.91304347826086951
no,Oslo,Jessheim,2025-07-15,23.0,2,2,2623.0,0,9.1389766636689345,0.10344827586206896,0.88
no,Oslo,Jessheim,2025-07-15,24.0,11,11,3901.090909090909,0,9.1096207560352163,0.2,0.918918918918919
no,Oslo,Jessheim,2025-07-15,25.0,9,9,2670.4444444444443,0,10.962097169479124,0.15492957746478872,0.93650793650793651
no,Oslo,Jessheim,2025-07-15,26.0,8,8,3045.875,0,15.226890202512232,0.2,0.91489361702127658
no,Oslo,Jessheim,2025-07-15,27.0,10,10,3001.9,0,9.74012250080768,0.12820512820512819,0.86567164179104472
no,Oslo,Jessheim,2025-07-15,28.0,10,10,3896.9,0,9.18872381687081,0.16867469879518071,0.9178082191780822
no,Oslo,Jessheim,2025-07-15,29.0,11,11,3725.818181818182,0,10.520301224755794,0.20634920634920634,0.96610169491525422
no,Oslo,Jessheim,2025-07-15,30.0,10,10,4976.6,0,11.284097126749897,0.17241379310344829,0.90566037735849059
no,Oslo,Jessheim,2025-07-15,31.0,4,4,7888.5,0,7.2126484728563813,0.038461538461538464,0.92
no,Oslo,Jessheim,2025-07-15,32.0,15,14,5031.3571428571431,0,10.592854519061067,0.15151515151515152,0.9
no,Oslo,Jessheim,2025-07-15,33.0,16,16,5833.625,0,13.049257734473867,0.22535211267605634,0.9375
no,Oslo,Jessheim,2025-07-15,34.0,5,5,3344.8,0,13.066256729087074,0.2,0.88235294117647056
no,Oslo,Jessheim,2025-07-15,35.0,1,1,17738.0,0,10.045348722824892,0.2,0.9
no,Oslo,Jessheim,2025-07-15,37.0,4,3,8438.0,0,13.55528465549734,0.13333333333333333,0.69230769230769229
no,Oslo,Jessheim,2025-07-15,38.0,4,4,8293.25,0,13.00567666742919,0.1875,0.9285714285714286
no,Oslo,Jessheim,2025-07-16,13.0,1,1,1600.0,,0.81818181818181823,0.090909090909090912,1.0
no,Oslo,Jessheim,2025-07-16,15.0,2,2,601.0,0,7.1745157569599138,0.090909090909090912,0.9
no,Oslo,Jessheim,2025-07-16,19.0,8,7,991.0,0,10.197866987732009,0.225,0.94594594594594594
no,Oslo,Jessheim,2025-07-16,20.0,3,3,4012.3333333333335,0,7.2941489743159167,0.18181818181818182,0.875
no,Oslo,Jessheim,2025-07-16,21.0,3,3,1075.3333333333333,,10.035546090486102,0.21052631578947367,0.89473684210526316
no,Oslo,Jessheim,2025-07-16,22.0,16,15,2874.4666666666667,0,10.419587414027445,0.18095238095238095,0.90217391304347827
no,Oslo,Jessheim,2025-07-16,24.0,4,4,1137.0,0,10.431100294820286,0.26923076923076922,0.92
no,Oslo,Jessheim,2025-07-16,25.0,2,2,2545.0,0,9.6085989433390839,0.095238095238095233,1.0
no,Oslo,Jessheim,2025-07-16,26.0,9,9,3987.5555555555557,0,10.026167113398213,0.14285714285714285,1.0
no,Oslo,Jessheim,2025-07-16,27.0,9,8,3747.2222222222222,0,10.610313973893573,0.19354838709677419,0.94827586206896552
no,Oslo,Jessheim,2025-07-16,28.0,15,15,4622.9333333333334,0,10.815197800201473,0.23076923076923078,0.92982456140350878
no,Oslo,Jessheim,2025-07-16,29.0,5,5,4088.2,0,12.572947558276613,0.23076923076923078,0.7
no,Oslo,Jessheim,2025-07-16,30.0,5,5,5567.8,0,12.259556194458135,0.14705882352941177,0.96875
no,Oslo,Jessheim,2025-07-16,31.0,12,12,3004.8333333333335,0,11.592755354611088,0.29310344827586204,0.89130434782608692
no,Oslo,Jessheim,2025-07-16,32.0,17,17,5485.2941176470586,0.030780506,11.527247274137087,0.17567567567567569,0.96721311475409832
no,Oslo,Jessheim,2025-07-16,33.0,4,3,9186.6666666666661,0,9.4435922557881824,0.086956521739130432,0.90476190476190477
no,Oslo,Jessheim,2025-07-16,34.0,14,14,5834.3571428571431,0,13.517285917208957,0.24242424242424243,0.95081967213114749
no,Oslo,Jessheim,2025-07-16,35.0,5,5,3092.2,0.611220861,21.014120851072672,0.21428571428571427,0.83333333333333337
no,Oslo,Jessheim,2025-07-16,37.0,6,6,5427.166666666667,0,12.172114332734003,0.21052631578947367,0.84210526315789469
no,Oslo,Jessheim,2025-07-16,38.0,8,8,6804.75,0.055009823,14.619172168765353,0.20408163265306123,0.91111111111111109
no,Oslo,Jessheim,2025-07-16,40.0,8,8,6020.875,0,18.503780092557179,0.18181818181818182,0.94736842105263153
no,Oslo,Jessheim,2025-07-16,42.0,2,2,7869.5,0,15.301260183919885,0.0,1.0
no,Oslo,Jessheim,2025-07-17,,4,3,1533.3333333333333,0,0.0,0.125,0.5714285714285714
no,Oslo,Jessheim,2025-07-17,15.0,1,1,773.0,0,6.7538741185332185,0.0,1.0
no,Oslo,Jessheim,2025-07-17,16.0,1,1,1340.0,0,8.8479351263772958,0.083333333333333329,1.0
no,Oslo,Jessheim,2025-07-17,17.0,1,1,723.0,0,0.81298899919910694,0.0,0.83333333333333337
no,Oslo,Jessheim,2025-07-17,20.0,2,2,2382.5,0,10.139855811530218,0.27272727272727271,0.77777777777777779
no,Oslo,Jessheim,2025-07-17,22.0,2,2,916.0,,8.1238688024304473,0.066666666666666666,0.66666666666666663
no,Oslo,Jessheim,2025-07-17,23.0,7,7,3450.4285714285716,0,9.54281839147887,0.18181818181818182,0.90625
no,Oslo,Jessheim,2025-07-17,24.0,8,8,3344.125,0,11.897935546529045,0.1875,0.92592592592592593
no,Oslo,Jessheim,2025-07-17,25.0,1,1,3364.0,,10.025461014779275,0.090909090909090912,1.0
no,Oslo,Jessheim,2025-07-17,26.0,9,9,3786.2222222222222,0.076176024,11.761926088474111,0.26923076923076922,0.84285714285714286
no,Oslo,Jessheim,2025-07-17,27.0,17,17,3891.1764705882351,0.175460637,11.180265429907692,0.19811320754716982,0.90909090909090906
no,Oslo,Jessheim,2025-07-17,28.0,5,5,6318.4,0,10.502026528320597,0.14814814814814814,0.92
no,Oslo,Jessheim,2025-07-17,29.0,27,27,4525.7037037037035,0,10.18308732657157,0.19745222929936307,0.87050359712230219
no,Oslo,Jessheim,2025-07-17,30.0,7,7,7323.7142857142853,0,12.381689554289462,0.19047619047619047,0.90476190476190477
no,Oslo,Jessheim,2025-07-17,31.0,10,10,4573.9,0,9.2351725576320671,0.25862068965517243,0.86538461538461542
no,Oslo,Jessheim,2025-07-17,32.0,22,22,5972.181818181818,0,12.978605663676763,0.19718309859154928,0.95454545454545459
no,Oslo,Jessheim,2025-07-17,33.0,3,3,3310.6666666666665,0,12.589385084304984,0.24,0.86363636363636365
no,Oslo,Jessheim,2025-07-17,34.0,7,7,6428.4285714285716,0,14.200846217428085,0.17391304347826086,0.90476190476190477
no,Oslo,Jessheim,2025-07-17,35.0,14,12,6485.8461538461543,0,12.219033965094811,0.21666666666666667,0.92727272727272725
no,Oslo,Jessheim,2025-07-17,36.0,7,7,5876.5714285714284,0.094148537,16.16422117954875,0.32,0.95833333333333337
no,Oslo,Jessheim,2025-07-17,37.0,7,7,6269.4285714285716,0,18.111340543921443,0.060606060606060608,0.9375
no,Oslo,Jessheim,2025-07-17,39.0,6,6,6710.333333333333,0,15.633719389979838,0.33333333333333331,1.0
no,Oslo,Jessheim,2025-07-17,40.0,1,1,11609.0,0,7.2239495192761174,0.16666666666666666,1.0
no,Oslo,Jessheim,2025-07-18,,1,1,976.0,0,0.0,0.16666666666666666,1.0
no,Oslo,Jessheim,2025-07-18,16.0,2,2,787.0,0,4.9247690162421076,0.75,1.0
no,Oslo,Jessheim,2025-07-18,17.0,3,3,1186.0,0,5.2479145045395219,0.33333333333333331,0.91666666666666663
no,Oslo,Jessheim,2025-07-18,19.0,1,1,201.0,0,8.99848173850912,0.0,1.0
no,Oslo,Jessheim,2025-07-18,20.0,1,1,1373.0,0,8.7272727272727266,0.18181818181818182,1.0
no,Oslo,Jessheim,2025-07-18,21.0,6,6,3845.5,0,8.16608152015301,0.22727272727272727,0.95238095238095233
no,Oslo,Jessheim,2025-07-18,22.0,11,11,3090.5454545454545,0,7.7293232546061486,0.15384615384615385,0.93103448275862066
no,Oslo,Jessheim,2025-07-18,23.0,4,4,2671.5,0,6.4209938311515593,0.1,0.8928571428571429
no,Oslo,Jessheim,2025-07-18,24.0,14,14,3885.2857142857142,0,10.541662343167134,0.28888888888888886,0.9
no,Oslo,Jessheim,2025-07-18,25.0,12,10,4675.9,0,7.3203547818712078,0.36065573770491804,0.9285714285714286
no,Oslo,Jessheim,2025-07-18,26.0,7,7,2969.7142857142858,0.297547103,13.497996461627418,0.24324324324324326,0.9642857142857143
no,Oslo,Jessheim,2025-07-18,27.0,18,18,5735.6111111111113,0,7.7956905411165351,0.2,0.948051948051948
no,Oslo,Jessheim,2025-07-18,28.0,15,14,3151.8,0.045644663,13.970055607255302,0.21052631578947367,0.90625
no,Oslo,Jessheim,2025-07-18,29.0,5,5,3266.2,0,14.856018254457302,0.18181818181818182,0.94736842105263153
no,Oslo,Jessheim,2025-07-18,31.0,16,15,4522.9333333333334,0.119642857,17.281435708142062,0.17333333333333334,0.85074626865671643
no,Oslo,Jessheim,2025-07-18,33.0,13,13,6534.9230769230771,0,11.181516094584698,0.25806451612903225,0.85185185185185186
no,Oslo,Jessheim,2025-07-18,34.0,4,4,8993.5,0,10.513218462622014,0.21052631578947367,0.89473684210526316
no,Oslo,Jessheim,2025-07-18,35.0,13,13,5607.9230769230771,0.191565871,14.69200623354075,0.23728813559322035,0.98113207547169812
no,Oslo,Jessheim,2025-07-18,37.0,7,7,1260.4285714285713,0.143428571,21.715121976223397,0.35294117647058826,0.8666666666666667
no,Oslo,Jessheim,2025-07-18,40.0,1,1,11437.0,,14.035086814683041,0.16666666666666666,1.0
no,Oslo,Jessheim,2025-07-18,41.0,2,2,5945.5,0.671210906,19.651673525424247,0.055555555555555552,0.6
no,Oslo,Jessheim,2025-07-18,45.0,1,1,10242.0,0,9.1179266643990662,0.0,1.0
no,Oslo,Jessheim,2025-07-19,15.0,1,1,621.0,0,3.3516359735492536,0.6,0.8
no,Oslo,Jessheim,2025-07-19,17.0,1,1,1032.0,0,11.349998797682709,0.17647058823529413,0.8125
no,Oslo,Jessheim,2025-07-19,19.0,5,5,1423.4,0,8.9418326463060538,0.21739130434782608,0.918918918918919
no,Oslo,Jessheim,2025-07-19,20.0,9,8,1764.0,0,5.8965151544497036,0.27848101265822783,0.84507042253521125
no,Oslo,Jessheim,2025-07-19,21.0,10,10,3165.3,0,8.3066289290960658,0.24489795918367346,0.91111111111111109
no,Oslo,Jessheim,2025-07-19,24.0,11,11,3108.909090909091,0,8.3279989546242614,0.19148936170212766,0.975
no,Oslo,Jessheim,2025-07-19,25.0,7,7,4111.2857142857147,0,7.0542373607575382,0.39285714285714285,0.72
no,Oslo,Jessheim,2025-07-19,26.0,3,3,2002.0,0,14.269270126852019,0.0,1.0
no,Oslo,Jessheim,2025-07-19,27.0,12,11,3179.818181818182,0,13.476855142529287,0.17142857142857143,0.87096774193548387
no,Oslo,Jessheim,2025-07-19,28.0,15,14,4836.2857142857147,0.024824081,9.5884727113787562,0.16393442622950818,0.94339622641509435
no,Oslo,Jessheim,2025-07-19,29.0,2,2,6041.0,0,13.794495345515811,0.22222222222222221,1.0
no,Oslo,Jessheim,2025-07-19,30.0,6,6,3873.0,0.4853364,16.016878414516757,0.1,0.71111111111111114
no,Oslo,Jessheim,2025-07-19,31.0,9,9,5338.1111111111113,0,10.477005438201054,0.22727272727272727,0.78947368421052633
no,Oslo,Jessheim,2025-07-19,32.0,14,13,4492.6428571428569,0,11.839056145558169,0.25675675675675674,0.91044776119402981
no,Oslo,Jessheim,2025-07-19,33.0,11,11,4971.181818181818,0.064590248,15.201581629572621,0.21212121212121213,0.83870967741935487
no,Oslo,Jessheim,2025-07-19,35.0,14,14,7168.6428571428569,0,9.8793051057492214,0.109375,0.94736842105263153
no,Oslo,Jessheim,2025-07-19,36.0,4,4,8355.5,0,7.7808882680591687,0.25714285714285712,0.90322580645161288
no,Oslo,Jessheim,2025-07-19,37.0,6,6,8186.666666666667,0,14.78398262439306,0.11538461538461539,1.0
no,Oslo,Jessheim,2025-07-19,38.0,1,1,7490.0,0,9.1997019444970682,0.0,1.0
no,Oslo,Jessheim,2025-07-19,40.0,7,7,5288.1428571428569,0.749061113,20.672037078777173,0.31578947368421051,0.5
no,Oslo,Jessheim,2025-07-19,41.0,2,2,6882.0,0,16.174946276683237,0.076923076923076927,0.90909090909090906
no,Oslo,Jessheim,2025-07-20,12.0,1,1,299.0,0,9.34360004519385,0.13636363636363635,0.8571428571428571
no,Oslo,Jessheim,2025-07-20,16.0,2,2,1382.0,0,1.8702679836476446,0.1951219512195122,0.92105263157894735
no,Oslo,Jessheim,2025-07-20,19.0,9,9,2180.3333333333335,0,7.1123820882483928,0.26,0.83333333333333337
no,Oslo,Jessheim,2025-07-20,22.0,13,12,2945.5,0,1.86572992859975,0.27777777777777779,0.80769230769230771
no,Oslo,Jessheim,2025-07-20,23.0,13,13,3155.6923076923076,0,6.0740401004151368,0.25714285714285712,0.8833333333333333
no,Oslo,Jessheim,2025-07-20,24.0,1,1,3614.0,0,10.331024259946444,0.090909090909090912,0.88888888888888884
no,Oslo,Jessheim,2025-07-20,25.0,29,28,2397.1785714285716,0,9.1405773836638247,0.18435754189944134,0.83132530120481929
no,Oslo,Jessheim,2025-07-20,26.0,2,2,5828.5,0,7.7971951308622875,0.14285714285714285,0.13333333333333333
no,Oslo,Jessheim,2025-07-20,27.0,11,10,4025.3,0,11.554247009395468,0.20779220779220781,0.87142857142857144
no,Oslo,Jessheim,2025-07-20,28.0,8,7,3554.0,0.266582438,13.479502950297885,0.13953488372093023,0.92105263157894735
no,Oslo,Jessheim,2025-07-20,29.0,13,13,4799.0,0,9.86365047753276,0.19230769230769232,0.78723404255319152
no,Oslo,Jessheim,2025-07-20,30.0,8,8,6049.25,0,11.0709270952973,0.22448979591836735,0.82978723404255317
no,Oslo,Jessheim,2025-07-20,31.0,21,21,7038.6190476190477,0,10.852213612531033,0.1875,0.84615384615384615
no,Oslo,Jessheim,2025-07-20,32.0,7,7,5130.4285714285716,0,11.845839158268832,0.032258064516129031,0.92
no,Oslo,Jessheim,2025-07-20,33.0,31,29,4842.4,0.205731394,16.185951119061109,0.19580419580419581,0.75384615384615383
no,Oslo,Jessheim,2025-07-20,37.0,3,3,10473.0,0,11.882210568865148,0.15,0.1875
no,Oslo,Jessheim,2025-07-20,38.0,6,6,6471.833333333333,0.183873604,16.006671051912456,0.15254237288135594,0.92156862745098034
no,Oslo,Jessheim,2025-07-20,39.0,8,8,5503.125,0.298747277,16.942572952175375,0.25,0.84482758620689657
no,Oslo,Jessheim,2025-07-20,42.0,3,3,9088.0,0,10.176770156253433,0.18518518518518517,0.8
no,Oslo,Jessheim,2025-07-21,11.0,1,1,460.0,0,6.6401393712669092,0.125,1.0
no,Oslo,Jessheim,2025-07-21,16.0,1,1,1000.0,0,9.3648782697139357,0.125,1.0
no,Oslo,Jessheim,2025-07-21,20.0,2,2,1188.5,,11.533102521038648,0.066666666666666666,0.81818181818181823
no,Oslo,Jessheim,2025-07-21,21.0,4,4,3273.0,0,8.2160169973894259,0.10416666666666667,0.91111111111111109
no,Oslo,Jessheim,2025-07-21,22.0,3,3,1112.6666666666667,0,13.684380910501089,0.16666666666666666,0.96666666666666667
no,Oslo,Jessheim,2025-07-21,23.0,5,5,1639.4,0,13.534280429353068,0.041666666666666664,0.94444444444444442
no,Oslo,Jessheim,2025-07-21,24.0,9,9,4058.7777777777778,0,9.9442787641732551,0.26470588235294118,0.98275862068965514
no,Oslo,Jessheim,2025-07-21,25.0,9,9,3465.2222222222222,0,12.444983245136733,0.17567567567567569,0.90322580645161288
no,Oslo,Jessheim,2025-07-21,26.0,13,11,4711.545454545455,0,9.6137262611819132,0.26027397260273971,0.86567164179104472
no,Oslo,Jessheim,2025-07-21,27.0,7,7,3888.7142857142858,0,10.100351543854613,0.20408163265306123,0.90697674418604646
no,Oslo,Jessheim,2025-07-21,28.0,2,2,6221.0,0,10.910700846358875,0.14814814814814814,0.95454545454545459
no,Oslo,Jessheim,2025-07-21,29.0,19,18,3819.7222222222222,0,10.539688479854361,0.23287671232876711,0.9375
no,Oslo,Jessheim,2025-07-21,30.0,7,7,5167.0,0,15.725843555670705,0.13043478260869565,0.81818181818181823
no,Oslo,Jessheim,2025-07-21,31.0,13,12,2576.6923076923076,0.02157719,13.907002252263968,0.25,0.88235294117647056
no,Oslo,Jessheim,2025-07-21,32.0,10,10,6114.6,0,11.09940750211787,0.23404255319148937,0.90697674418604646
no,Oslo,Jessheim,2025-07-21,33.0,20,19,5711.15,0,14.020210325748515,0.2391304347826087,0.88311688311688308
no,Oslo,Jessheim,2025-07-21,34.0,6,6,4732.833333333333,0,12.425348556283119,0.125,0.90476190476190477
no,Oslo,Jessheim,2025-07-21,36.0,3,3,2878.0,0.078298397,16.434829251775888,0.12,0.86363636363636365
no,Oslo,Jessheim,2025-07-21,37.0,2,2,7979.5,0,11.985977023750259,0.13333333333333333,1.0
no,Oslo,Jessheim,2025-07-21,38.0,7,7,6212.1428571428569,0,16.3500017308169,0.18181818181818182,0.89473684210526316
no,Oslo,Jessheim,2025-07-21,39.0,10,10,8147.7,0,12.545999146531368,0.11363636363636363,0.92307692307692313
no,Oslo,Jessheim,2025-07-22,13.0,2,2,763.0,0,7.8028901205825285,0.22222222222222221,0.52173913043478259
no,Oslo,Jessheim,2025-07-22,15.0,2,2,1267.0,0,5.0195073675111983,0.125,0.86206896551724133
no,Oslo,Jessheim,2025-07-22,16.0,1,1,602.0,0,5.9584458838443668,0.2,0.8571428571428571
no,Oslo,Jessheim,2025-07-22,18.0,1,1,1610.0,,8.6142717982015569,0.125,1.0
no,Oslo,Jessheim,2025-07-22,19.0,4,4,2843.0,0,6.7951140866088586,0.24324324324324326,0.88235294117647056
no,Oslo,Jessheim,2025-07-22,20.0,2,2,1681.0,,10.417010903059058,0.16666666666666666,0.90909090909090906
no,Oslo,Jessheim,2025-07-22,21.0,3,3,1133.6666666666667,0,9.7366862661699152,0.15,1.0
no,Oslo,Jessheim,2025-07-22,22.0,7,7,5811.8571428571431,0,4.1019221077735351,0.06,0.95833333333333337
no,Oslo,Jessheim,2025-07-22,23.0,17,16,3385.25,0,9.0617239354799253,0.17699115044247787,0.91428571428571426
no,Oslo,Jessheim,2025-07-22,25.0,8,8,2863.375,0,11.404849641390141,0.23076923076923078,0.84
no,Oslo,Jessheim,2025-07-22,26.0,13,13,3437.2307692307691,0,8.9974870059252314,0.23170731707317074,0.87671232876712324
no,Oslo,Jessheim,2025-07-22,27.0,12,12,6576.583333333333,0,9.9020613831254938,0.27083333333333331,0.91304347826086951
no,Oslo,Jessheim,2025-07-22,28.0,9,8,4688.375,0,9.72673489458836,0.0967741935483871,0.8035714285714286
no,Oslo,Jessheim,2025-07-22,29.0,6,6,3881.8333333333335,0,12.168496634068921,0.37931034482758619,0.75
no,Oslo,Jessheim,2025-07-22,30.0,1,1,1073.0,0,1.456151794361574,0.068965517241379309,0.96296296296296291
no,Oslo,Jessheim,2025-07-22,31.0,11,11,5493.0,0,8.8284702681876368,0.22857142857142856,0.89393939393939392
no,Oslo,Jessheim,2025-07-22,34.0,7,7,5064.4285714285716,0,11.636716878540703,0.11538461538461539,0.75
no,Oslo,Jessheim,2025-07-22,36.0,6,6,5018.666666666667,0,22.160542981714631,0.076923076923076927,0.75
no,Oslo,Jessheim,2025-07-22,38.0,2,2,7522.0,0.151260504,15.114570636074497,0.28,0.77272727272727271
no,Oslo,Jessheim,2025-07-22,39.0,3,3,7975.0,0,16.632476425234948,0.21428571428571427,0.9285714285714286
no,Oslo,Jessheim,2025-07-22,40.0,8,8,5777.5,0,14.829928008096511,0.27272727272727271,0.81818181818181823
no,Oslo,Jessheim,2025-07-22,42.0,7,7,6469.5714285714284,0,13.322756770062719,0.2,0.84375
no,Oslo,Jessheim,2025-07-23,11.0,1,1,367.0,0,5.3432460679419229,0.22727272727272727,0.90909090909090906
no,Oslo,Jessheim,2025-07-23,12.0,1,1,524.0,0,6.6956641438177638,0.0,1.0
no,Oslo,Jessheim,2025-07-23,15.0,1,1,461.0,0,7.3241629401225063,0.13333333333333333,0.8
no,Oslo,Jessheim,2025-07-23,16.0,2,2,2074.5,0,8.2832085490010012,0.057142857142857141,1.0
no,Oslo,Jessheim,2025-07-23,18.0,2,2,2759.0,0,6.0967295654855738,0.23076923076923078,1.0
no,Oslo,Jessheim,2025-07-23,20.0,3,3,2765.0,0,9.7441923291630967,0.038461538461538464,0.82608695652173914
no,Oslo,Jessheim,2025-07-23,21.0,6,6,4646.0,0,5.2325141048265555,0.36842105263157893,0.94117647058823528
no,Oslo,Jessheim,2025-07-23,22.0,11,11,3972.2727272727275,0,4.628855064997107,0.20779220779220781,0.92957746478873238
no,Oslo,Jessheim,2025-07-23,23.0,8,7,2362.125,0,9.7871486379821651,0.14705882352941177,0.90909090909090906
no,Oslo,Jessheim,2025-07-23,24.0,3,3,1511.6666666666667,0,12.785774572794491,0.3,0.94117647058823528
no,Oslo,Jessheim,2025-07-23,25.0,11,11,3305.181818181818,0,10.648797021208903,0.13559322033898305,0.77777777777777779
no,Oslo,Jessheim,2025-07-23,26.0,7,6,4982.833333333333,0,10.001058416155606,0.1951219512195122,1.0
no,Oslo,Jessheim,2025-07-23,27.0,6,6,4449.333333333333,0,6.4235816250207964,0.31578947368421051,0.88235294117647056
no,Oslo,Jessheim,2025-07-23,28.0,15,15,5084.7333333333336,0,13.095895443388519,0.2,0.88709677419354838
no,Oslo,Jessheim,2025-07-23,29.0,8,8,6826.5,0,6.5392568379650511,0.19642857142857142,0.80769230769230771
no,Oslo,Jessheim,2025-07-23,30.0,10,10,4878.0,0,13.258195086508453,0.14285714285714285,0.92
no,Oslo,Jessheim,2025-07-23,31.0,5,5,4772.8,0,15.134802226815633,0.088235294117647065,0.967741935483871
no,Oslo,Jessheim,2025-07-23,32.0,2,2,2507.5,0,10.049083087197754,0.17391304347826086,0.86363636363636365
no,Oslo,Jessheim,2025-07-23,33.0,13,12,6428.0,0,12.370502073420669,0.15,0.84
no,Oslo,Jessheim,2025-07-23,35.0,2,2,7423.0,0,14.76645321658026,0.1,0.8
no,Oslo,Jessheim,2025-07-23,38.0,17,17,6304.8235294117649,0.357983193,17.102545285806684,0.21428571428571427,0.81132075471698117
no,Oslo,Jessheim,2025-07-23,39.0,8,8,6746.875,0.085644867,13.146975447743069,0.25490196078431371,0.76086956521739135
no,Oslo,Jessheim,2025-07-23,43.0,3,3,3370.6666666666665,1.050670641,23.100247053583,0.2857142857142857,0.68421052631578949
no,Oslo,Jessheim,2025-07-23,45.0,2,2,7265.5,0,11.117919668355157,0.33333333333333331,0.782608695652174
no,Oslo,Jessheim,2025-07-23,47.0,10,9,7181.0,0.045773941,21.028756252106831,0.20833333333333334,0.81818181818181823
no,Oslo,Jessheim,2025-07-24,,1,1,921.0,0,0.0,0.22222222222222221,0.125
no,Oslo,Jessheim,2025-07-24,17.0,4,3,1115.0,0,9.770360530808226,0.11538461538461539,0.90476190476190477
no,Oslo,Jessheim,2025-07-24,18.0,2,2,2440.0,0,4.5165922469196822,0.15789473684210525,1.0
no,Oslo,Jessheim,2025-07-24,19.0,4,4,2341.75,0,7.5451439822538635,0.1388888888888889,0.93548387096774188
no,Oslo,Jessheim,2025-07-24,20.0,1,1,1301.0,0,1.8179280588254407,0.071428571428571425,0.91666666666666663
no,Oslo,Jessheim,2025-07-24,21.0,11,11,2887.0,0,9.56025705690097,0.094117647058823528,0.92
no,Oslo,Jessheim,2025-07-24,22.0,11,11,1973.6363636363637,0,4.9288846004400337,0.24,0.89130434782608692
no,Oslo,Jessheim,2025-07-24,23.0,16,16,4297.625,0,7.1056220976739315,0.16666666666666666,0.9
no,Oslo,Jessheim,2025-07-24,24.0,9,8,5826.8888888888887,0,6.5208944052676658,0.10144927536231885,0.90476190476190477
no,Oslo,Jessheim,2025-07-24,25.0,9,9,4431.1111111111113,0,9.23345812420242,0.21311475409836064,0.88888888888888884
no,Oslo,Jessheim,2025-07-24,26.0,4,4,4352.0,0,7.1316602214804536,0.4,0.89473684210526316
no,Oslo,Jessheim,2025-07-24,27.0,13,12,5874.583333333333,0,9.7704414065859453,0.14117647058823529,0.9375
no,Oslo,Jessheim,2025-07-24,28.0,10,10,3219.7,0,6.7356048385767853,0.19298245614035087,0.95744680851063835
no,Oslo,Jessheim,2025-07-24,29.0,5,5,7401.0,0,7.4201089215986284,0.175,0.91428571428571426
no,Oslo,Jessheim,2025-07-24,30.0,1,1,3707.0,0,2.8132513134636459,0.083333333333333329,0.90909090909090906
no,Oslo,Jessheim,2025-07-24,31.0,10,10,3854.8,0,9.7956244573512876,0.26,0.83333333333333337
no,Oslo,Jessheim,2025-07-24,32.0,7,7,4239.1428571428569,0,11.270259748888067,0.13953488372093023,0.89743589743589747
no,Oslo,Jessheim,2025-07-24,33.0,2,2,7837.5,0,1.2479183182417883,0.16666666666666666,0.83333333333333337
no,Oslo,Jessheim,2025-07-24,34.0,12,12,5727.75,0,11.840209859304924,0.12857142857142856,0.873015873015873
no,Oslo,Jessheim,2025-07-24,39.0,1,1,4238.0,0,6.6452316958431634,0.2,0.7857142857142857
no,Oslo,Jessheim,2025-07-24,44.0,5,5,4986.4,0,16.862479520884037,0.17647058823529413,0.6875
no,Oslo,Jessheim,2025-07-25,,3,2,1073.5,0,0.74275751741060991,0.041666666666666664,0.77777777777777779
no,Oslo,Jessheim,2025-07-25,13.0,2,2,368.0,0,6.545400578298139,0.1111111111111111,0.875
no,Oslo,Jessheim,2025-07-25,16.0,3,3,1383.0,0,7.6289709704702187,0.125,0.8571428571428571
no,Oslo,Jessheim,2025-07-25,17.0,1,1,734.0,0,4.9719427049176605,0.076923076923076927,0.90909090909090906
no,Oslo,Jessheim,2025-07-25,18.0,1,1,713.0,0,12.117192999285965,0.2,1.0
no,Oslo,Jessheim,2025-07-25,19.0,10,10,1804.7,0,4.5090004201080944,0.21621621621621623,0.91428571428571426
no,Oslo,Jessheim,2025-07-25,20.0,2,2,2036.5,0,7.9994276051334143,0.175,0.94594594594594594
no,Oslo,Jessheim,2025-07-25,21.0,2,2,931.0,0,7.2168752069681785,0.15789473684210525,0.9375
no,Oslo,Jessheim,2025-07-25,22.0,1,1,2388.0,0,11.65889973184111,0.16666666666666666,0.93333333333333335
no,Oslo,Jessheim,2025-07-25,24.0,4,4,2414.25,0,12.654609229667907,0.14285714285714285,1.0
no,Oslo,Jessheim,2025-07-25,25.0,11,11,3772.090909090909,0,9.300977854777102,0.13513513513513514,0.93103448275862066
no,Oslo,Jessheim,2025-07-25,26.0,15,15,3153.4,0,9.754085226994011,0.17460317460317459,0.90090090090090091
no,Oslo,Jessheim,2025-07-25,27.0,37,36,3895.8333333333335,0,10.239084402008613,0.25,0.9517241379310345
no,Oslo,Jessheim,2025-07-25,28.0,26,26,4003.2692307692309,0,11.267209754269626,0.17543859649122806,0.900990099009901
no,Oslo,Jessheim,2025-07-25,29.0,4,4,5500.75,,11.280617450302733,0.23076923076923078,0.91666666666666663
no,Oslo,Jessheim,2025-07-25,30.0,4,4,3608.75,0,14.055706088225209,0.15789473684210525,0.8125
no,Oslo,Jessheim,2025-07-25,31.0,12,12,4798.25,0,14.16048251563231,0.18367346938775511,0.87234042553191493
no,Oslo,Jessheim,2025-07-25,33.0,8,8,4678.375,0,11.459103861722506,0.13114754098360656,0.875
no,Oslo,Jessheim,2025-07-25,34.0,10,10,5799.5555555555557,0,9.6732474313154757,0.17073170731707318,0.9
no,Oslo,Jessheim,2025-07-26,,3,3,2593.6666666666665,0,0.0,0.125,0.125
no,Oslo,Jessheim,2025-07-26,16.0,4,4,767.5,0,6.7953903896979373,0.2608695652173913,0.92307692307692313
no,Oslo,Jessheim,2025-07-26,19.0,2,2,733.5,0,9.0304137804053948,0.18181818181818182,1.0
no,Oslo,Jessheim,2025-07-26,21.0,2,2,3041.5,0,9.7633278808727066,0.12,0.90909090909090906
no,Oslo,Jessheim,2025-07-26,23.0,8,8,3836.125,0,5.8929987568728253,0.11764705882352941,0.875
no,Oslo,Jessheim,2025-07-26,24.0,3,3,5354.333333333333,0,7.8967894283305293,0.2857142857142857,0.7857142857142857
no,Oslo,Jessheim,2025-07-26,25.0,9,9,3174.6666666666665,0,11.600561520775669,0.13333333333333333,0.975
no,Oslo,Jessheim,2025-07-26,26.0,1,1,5902.0,0,14.211525153850911,0.22222222222222221,1.0
no,Oslo,Jessheim,2025-07-26,27.0,10,10,3528.3,0.089642857,12.838013890542708,0.1875,0.92982456140350878
no,Oslo,Jessheim,2025-07-26,28.0,9,6,2787.6666666666665,0,13.656532843520484,0.15686274509803921,0.88372093023255816
no,Oslo,Jessheim,2025-07-26,29.0,28,28,4587.2142857142853,0,11.651102383106192,0.20967741935483872,0.88888888888888884
no,Oslo,Jessheim,2025-07-26,30.0,12,12,6411.666666666667,0,11.407008168133716,0.12,0.82978723404255317
no,Oslo,Jessheim,2025-07-26,31.0,5,5,1819.6,0,13.563550156588228,0.34615384615384615,0.95238095238095233
no,Oslo,Jessheim,2025-07-26,32.0,3,3,10450.0,,8.22512322143873,0.2,0.96551724137931039
no,Oslo,Jessheim,2025-07-26,33.0,3,3,4564.666666666667,0,13.479397361226695,0.086956521739130432,0.90909090909090906
no,Oslo,Jessheim,2025-07-26,34.0,23,22,6286.636363636364,0,10.807788052490766,0.21212121212121213,0.81609195402298851
no,Oslo,Jessheim,2025-07-26,35.0,24,22,5522.304347826087,0,13.610529884335355,0.19780219780219779,0.8902439024390244
no,Oslo,Jessheim,2025-07-26,36.0,3,3,6036.333333333333,0,16.942180642566058,0.125,0.8571428571428571
no,Oslo,Jessheim,2025-07-26,38.0,5,5,7254.0,0,13.525713510573878,0.20833333333333334,0.7142857142857143
no,Oslo,Jessheim,2025-07-26,39.0,1,1,15818.0,0,10.951786799695368,0.23076923076923078,0.90909090909090906
no,Oslo,Jessheim,2025-07-26,40.0,4,4,9416.75,0,9.6918400057949636,0.23255813953488372,0.90476190476190477
no,Oslo,Jessheim,2025-07-26,42.0,7,7,8150.2857142857147,0,14.25139258440195,0.19148936170212766,0.925
no,Oslo,Jessheim,2025-07-26,44.0,5,5,3827.0,0,19.543938590963609,0.066666666666666666,0.77777777777777779
no,Oslo,Jessheim,2025-07-26,45.0,4,4,6297.75,0,15.744984613505812,0.26315789473684209,0.77777777777777779
no,Oslo,Jessheim,2025-07-27,15.0,2,2,490.5,0,6.4321093861677392,0.2,0.07407407407407407
no,Oslo,Jessheim,2025-07-27,18.0,1,1,2414.0,0,8.5833055143359012,0.15625,0.72413793103448276
no,Oslo,Jessheim,2025-07-27,20.0,5,5,1489.2,0,5.2662840935599284,0.15384615384615385,0.51515151515151514
no,Oslo,Jessheim,2025-07-27,21.0,8,8,2106.625,0,6.1216387963098873,0.26415094339622641,0.5
no,Oslo,Jessheim,2025-07-27,22.0,10,9,3764.6,0,7.0900446849333427,0.26666666666666666,0.65853658536585369
no,Oslo,Jessheim,2025-07-27,24.0,14,13,3186.5,0,12.793313159394133,0.16853932584269662,0.8125
no,Oslo,Jessheim,2025-07-27,25.0,18,17,3948.8888888888887,0,8.6099958074483371,0.18627450980392157,0.59782608695652173
no,Oslo,Jessheim,2025-07-27,26.0,16,16,2410.5,0,12.358972506408291,0.18309859154929578,0.54545454545454541
no,Oslo,Jessheim,2025-07-27,27.0,7,7,3827.7142857142858,0,10.437988625642838,0.208955223880597,0.83050847457627119
no,Oslo,Jessheim,2025-07-27,28.0,29,29,4855.6896551724139,0,11.811673920047109,0.23976608187134502,0.80132450331125826
no,Oslo,Jessheim,2025-07-27,29.0,6,6,4461.166666666667,0,9.54237902910485,0.1951219512195122,0.86111111111111116
no,Oslo,Jessheim,2025-07-27,30.0,9,9,5137.666666666667,0.104409318,12.050779803623724,0.26666666666666666,0.52631578947368418
no,Oslo,Jessheim,2025-07-27,31.0,26,26,5504.4615384615381,0,11.168191065062945,0.15675675675675677,0.67836257309941517
no,Oslo,Jessheim,2025-07-27,32.0,10,10,2906.9,0,11.317606999696467,0.18181818181818182,0.79591836734693877
no,Oslo,Jessheim,2025-07-27,33.0,6,6,4632.333333333333,0,14.502863647020568,0.14285714285714285,0.80645161290322576
no,Oslo,Jessheim,2025-07-27,35.0,15,15,3106.2,0.55648,19.593581066052732,0.14516129032258066,0.84210526315789469
no,Oslo,Jessheim,2025-07-27,38.0,6,4,3696.0,0.810612724,17.42700075925713,0.21212121212121213,0.86206896551724133
no,Oslo,Jessheim,2025-07-27,39.0,4,4,5517.0,0,17.467401446552646,0.3,0.65
no,Oslo,Jessheim,2025-07-27,40.0,4,4,5177.0,0.807715491,20.407817795339181,0.15789473684210525,0.47058823529411764
no,Oslo,Jessheim,2025-07-27,42.0,3,3,8105.0,0.116527391,19.206586859912214,0.086956521739130432,0.6470588235294118
no,Oslo,Jessheim,2025-07-27,47.0,2,2,12211.5,0,15.516446071014727,0.085714285714285715,0.66666666666666663
no,Oslo,Jessheim,2025-07-28,16.0,1,1,773.0,,9.1578906480171884,0.0,1.0
no,Oslo,Jessheim,2025-07-28,17.0,1,1,1832.0,,6.0307519405353833,0.1,0.89473684210526316
no,Oslo,Jessheim,2025-07-28,18.0,1,1,289.0,,14.429294277099853,0.0,1.0
no,Oslo,Jessheim,2025-07-28,20.0,8,8,1961.125,0,9.3323576104136112,0.072727272727272724,0.92
no,Oslo,Jessheim,2025-07-28,21.0,10,10,2608.1,0,8.3017049007176666,0.22448979591836735,0.97777777777777775
no,Oslo,Jessheim,2025-07-28,23.0,3,3,2628.6666666666665,0,8.5959019648976138,0.069767441860465115,0.97368421052631582
no,Oslo,Jessheim,2025-07-28,25.0,4,4,5161.5,0,7.8473771999416684,0.15789473684210525,1.0
no,Oslo,Jessheim,2025-07-28,26.0,1,1,6435.0,,2.1412468651758481,0.22727272727272727,0.86486486486486491
no,Oslo,Jessheim,2025-07-28,27.0,18,18,4529.4444444444443,0,10.421989159426479,0.17582417582417584,0.925
no,Oslo,Jessheim,2025-07-28,28.0,4,3,2756.0,0,16.883426724084732,0.21052631578947367,1.0
no,Oslo,Jessheim,2025-07-28,29.0,10,10,3075.4,0,12.89888685304361,0.25,0.94285714285714284
no,Oslo,Jessheim,2025-07-28,30.0,21,20,3319.9047619047619,0.034560327,14.301704875234085,0.18269230769230768,0.95744680851063835
no,Oslo,Jessheim,2025-07-28,31.0,10,10,5734.6,0,11.350499874626674,0.16883116883116883,0.95522388059701491
no,Oslo,Jessheim,2025-07-28,32.0,4,3,9917.6666666666661,0,9.7995752201690074,0.14285714285714285,1.0
no,Oslo,Jessheim,2025-07-28,33.0,17,17,5928.64705882353,0,12.297593846228004,0.23255813953488372,0.9452054794520548
no,Oslo,Jessheim,2025-07-28,34.0,6,6,4960.0,0,13.890712096593655,0.125,0.85
no,Oslo,Jessheim,2025-07-28,35.0,4,4,7194.0,0,10.365268956591631,0.13043478260869565,0.90909090909090906
no,Oslo,Jessheim,2025-07-28,36.0,10,10,6216.4,0.066387872,15.591805549488496,0.26315789473684209,0.94285714285714284
no,Oslo,Jessheim,2025-07-28,38.0,7,7,5731.7142857142853,0,11.430191486440103,0.1,0.87234042553191493
no,Oslo,Jessheim,2025-07-28,39.0,3,2,9346.6666666666661,0,16.849083080002622,0.23809523809523808,0.9
no,Oslo,Jessheim,2025-07-28,42.0,5,5,5657.4,0,13.554806974460234,0.086956521739130432,0.86363636363636365
no,Oslo,Jessheim,2025-07-29,,2,1,1620.0,0,5.0,0.083333333333333329,0.1
no,Oslo,Jessheim,2025-07-29,13.0,1,1,475.0,0,11.370727136931059,0.076923076923076927,0.91666666666666663
no,Oslo,Jessheim,2025-07-29,17.0,2,1,582.0,0,6.4734649446824237,0.058823529411764705,1.0
no,Oslo,Jessheim,2025-07-29,18.0,5,4,949.0,0,11.475403555590427,0.23529411764705882,0.88235294117647056
no,Oslo,Jessheim,2025-07-29,19.0,6,6,1438.1666666666667,0,6.2066076768125855,0.38461538461538464,1.0
no,Oslo,Jessheim,2025-07-29,20.0,4,4,2999.25,0,5.1177077341971868,0.21428571428571427,0.96
no,Oslo,Jessheim,2025-07-29,21.0,3,3,2598.3333333333335,0,9.7567539330360251,0.15384615384615385,0.95833333333333337
no,Oslo,Jessheim,2025-07-29,22.0,6,6,3587.0,0,8.4978077903986176,0.1111111111111111,0.93548387096774188
no,Oslo,Jessheim,2025-07-29,23.0,4,4,2098.75,0,12.391506763372401,0.085714285714285715,0.90909090909090906
no,Oslo,Jessheim,2025-07-29,24.0,1,1,1274.0,0,8.5658198718024838,0.2,0.8125
no,Oslo,Jessheim,2025-07-29,25.0,12,12,1651.8333333333333,0,13.695104725514581,0.23076923076923078,0.94117647058823528
no,Oslo,Jessheim,2025-07-29,26.0,11,11,4011.0,0,11.718215178018561,0.12,0.975609756097561
no,Oslo,Jessheim,2025-07-29,27.0,11,11,5769.090909090909,0,9.3670050128075637,0.15873015873015872,0.8928571428571429
no,Oslo,Jessheim,2025-07-29,28.0,20,20,3714.0,0,12.812257042916418,0.2,0.91566265060240959
no,Oslo,Jessheim,2025-07-29,29.0,17,17,3790.8823529411766,0,13.171593229411565,0.2,0.85365853658536583
no,Oslo,Jessheim,2025-07-29,30.0,18,18,2235.5555555555557,0.116786306,14.670369660314691,0.26136363636363635,0.89743589743589747
no,Oslo,Jessheim,2025-07-29,32.0,7,7,3209.1428571428573,0.14531089,15.032080582472483,0.22222222222222221,0.92105263157894735
no,Oslo,Jessheim,2025-07-29,33.0,17,17,4946.8823529411766,0.093588799,11.626660846021018,0.17142857142857143,0.83870967741935487
no,Oslo,Jessheim,2025-07-29,35.0,7,7,6282.1428571428569,0.129360835,15.605543078862222,0.16923076923076924,0.87037037037037035
no,Oslo,Jessheim,2025-07-29,36.0,2,2,2876.0,0.289383562,16.257722172480161,0.12,0.9
no,Oslo,Jessheim,2025-07-29,38.0,5,5,7291.0,0.079798932,16.190332191574822,0.2,0.82352941176470584
no,Oslo,Jessheim,2025-07-29,39.0,2,2,2260.0,3.453061224,19.936225879066509,0.16666666666666666,0.5
no,Oslo,Jessheim,2025-07-29,41.0,4,4,7676.5,0,15.086134471588371,0.20833333333333334,0.8
no,Oslo,Jessheim,2025-07-29,50.0,4,4,9520.25,0,20.922566437914735,0.028571428571428571,0.8
no,Oslo,Jessheim,2025-07-30,,1,1,5609.0,0,0.0,0.0,0.0
no,Oslo,Jessheim,2025-07-30,13.0,1,1,712.0,0,3.7620337677417597,0.13333333333333333,0.92307692307692313
no,Oslo,Jessheim,2025-07-30,16.0,2,2,1338.0,0,8.14509366482134,0.13333333333333333,0.92307692307692313
no,Oslo,Jessheim,2025-07-30,17.0,1,1,1183.0,0,5.2634846786967326,0.090909090909090912,1.0
no,Oslo,Jessheim,2025-07-30,18.0,2,2,1796.0,0,7.478612518566222,0.090909090909090912,0.875
no,Oslo,Jessheim,2025-07-30,19.0,4,4,2282.25,0,6.6542243329191084,0.25,0.87878787878787878
no,Oslo,Jessheim,2025-07-30,20.0,7,7,3615.2857142857142,0,5.8715472753886875,0.23404255319148937,1.0
no,Oslo,Jessheim,2025-07-30,21.0,7,7,3027.8571428571427,0,8.6017558844143984,0.14814814814814814,0.93877551020408168
no,Oslo,Jessheim,2025-07-30,23.0,6,6,2160.3333333333335,0,9.9457134123137365,0.2,0.77777777777777779
no,Oslo,Jessheim,2025-07-30,24.0,6,6,4831.166666666667,0,10.208162747479577,0.083333333333333329,1.0
no,Oslo,Jessheim,2025-07-30,25.0,4,4,2789.75,0,10.810252405066535,0.21875,0.8571428571428571
no,Oslo,Jessheim,2025-07-30,26.0,4,4,3375.0,0,1.7211155864240952,0.22727272727272727,0.94736842105263153
no,Oslo,Jessheim,2025-07-30,27.0,6,6,3363.1666666666665,0,13.039943389844092,0.17391304347826086,0.9
no,Oslo,Jessheim,2025-07-30,28.0,20,20,5203.9,0,9.91340666608033,0.29896907216494845,0.8928571428571429
no,Oslo,Jessheim,2025-07-30,29.0,23,22,6467.727272727273,0,9.4790017281834409,0.21495327102803738,0.94845360824742264
no,Oslo,Jessheim,2025-07-30,31.0,4,4,2954.25,0,14.87925433954992,0.18367346938775511,0.85365853658536583
no,Oslo,Jessheim,2025-07-30,32.0,16,16,5322.875,0,11.279966243885031,0.14606741573033707,0.8783783783783784
no,Oslo,Jessheim,2025-07-30,33.0,12,12,3727.9166666666665,0,14.227236757608232,0.14285714285714285,0.95238095238095233
no,Oslo,Jessheim,2025-07-30,34.0,6,5,7280.0,0,13.259552838485309,0.0967741935483871,0.86206896551724133
no,Oslo,Jessheim,2025-07-30,35.0,7,7,5517.7142857142853,0,14.269728952546373,0.1,0.82352941176470584
no,Oslo,Jessheim,2025-07-30,36.0,5,5,7451.8,0,13.251342885202448,0.086956521739130432,0.88888888888888884
no,Oslo,Jessheim,2025-07-31,,1,0,,,21.085381506598114,0.052631578947368418,0.8
no,Oslo,Jessheim,2025-07-31,15.0,1,1,367.0,0,18.871499272337452,0.1,1.0
no,Oslo,Jessheim,2025-07-31,17.0,1,1,814.0,0,28.437996223527762,0.18518518518518517,0.96
no,Oslo,Jessheim,2025-07-31,18.0,1,1,477.0,0,21.644279404923562,0.0,0.76470588235294112
no,Oslo,Jessheim,2025-07-31,20.0,2,2,1102.0,0,27.445812294418818,0.27272727272727271,1.0
no,Oslo,Jessheim,2025-07-31,21.0,5,5,4101.4,0,14.754072956495,0.19047619047619047,0.94444444444444442
no,Oslo,Jessheim,2025-07-31,22.0,3,3,3533.6666666666665,0,17.5524907223332,0.1,1.0
no,Oslo,Jessheim,2025-07-31,23.0,2,2,3568.5,0,19.355436575823308,0.10526315789473684,0.70588235294117652
no,Oslo,Jessheim,2025-07-31,24.0,19,19,3204.5789473684213,0,20.168481305653675,0.17857142857142858,0.972972972972973
no,Oslo,Jessheim,2025-07-31,25.0,10,10,3112.2,0,21.475656078245997,0.25757575757575757,0.91379310344827591
no,Oslo,Jessheim,2025-07-31,26.0,9,9,6348.5555555555557,0,18.784096936494262,0.125,0.94444444444444442
no,Oslo,Jessheim,2025-07-31,27.0,15,15,3965.1333333333332,0.086593317,20.098029042537981,0.171875,0.98245614035087714
no,Oslo,Jessheim,2025-07-31,28.0,5,5,5655.0,0,18.719699177542953,0.1276595744680851,0.97777777777777775
no,Oslo,Jessheim,2025-07-31,29.0,4,3,5922.0,0,30.945366182452094,0.0,1.0
no,Oslo,Jessheim,2025-07-31,30.0,5,5,4124.8,0,27.393265661238033,0.33333333333333331,1.0
no,Oslo,Jessheim,2025-07-31,31.0,6,6,6774.666666666667,0,17.820481298550327,0.12244897959183673,0.97777777777777775
no,Oslo,Jessheim,2025-07-31,32.0,10,10,3303.8,0,27.345556970769039,0.13333333333333333,0.84615384615384615
no,Oslo,Jessheim,2025-07-31,33.0,8,8,5150.25,0,28.846116352302335,0.20408163265306123,0.93478260869565222
no,Oslo,Jessheim,2025-07-31,34.0,13,13,6240.1538461538457,0,25.146692457585164,0.14583333333333334,0.93023255813953487
no,Oslo,Jessheim,2025-07-31,36.0,15,15,5184.2,0,27.086350972912165,0.21666666666666667,0.94339622641509435
no,Oslo,Jessheim,2025-07-31,37.0,8,8,9671.375,0,21.296648427632054,0.13793103448275862,0.91228070175438591
no,Oslo,Jessheim,2025-07-31,38.0,8,8,4834.625,0.470989761,40.099269205195128,0.21212121212121213,0.93333333333333335
no,Oslo,Jessheim,2025-07-31,42.0,1,1,9866.0,0.670616114,32.05434428634679,0.21052631578947367,0.94736842105263153
no,Oslo,Jessheim,2026-06-01,14.0,5,5,1013.2,0,4.6863616510034722,0.33333333333333331,1.0
no,Oslo,Jessheim,2026-06-01,15.0,2,2,748.0,0,8.1171533232747,0.11764705882352941,1.0
no,Oslo,Jessheim,2026-06-01,21.0,6,6,1423.0,0,12.438905718156395,0.23076923076923078,1.0
no,Oslo,Jessheim,2026-06-01,22.0,3,3,781.33333333333337,0,12.107279821248854,0.15909090909090909,1.0
no,Oslo,Jessheim,2026-06-01,25.0,5,5,1574.4,0,7.4103015585188086,0.10344827586206896,1.0
no,Oslo,Jessheim,2026-06-01,27.0,9,9,3027.5555555555557,0,10.160274497562094,0.26829268292682928,1.0
no,Oslo,Jessheim,2026-06-01,28.0,14,14,4181.4285714285716,0,12.301479230014465,0.225,1.0
no,Oslo,Jessheim,2026-06-01,29.0,19,19,4321.3157894736842,0,11.716319388388728,0.15841584158415842,0.94897959183673475
no,Oslo,Jessheim,2026-06-01,30.0,31,28,5412.7857142857147,0.010135955,11.507133149198809,0.21333333333333335,0.99315068493150682
no,Oslo,Jessheim,2026-06-01,31.0,21,21,5364.9047619047615,0.020716031,11.792649038385729,0.20588235294117646,0.97894736842105268
no,Oslo,Jessheim,2026-06-01,32.0,25,25,4597.72,0,12.281608529942075,0.19444444444444445,0.99047619047619051
no,Oslo,Jessheim,2026-06-01,33.0,13,13,5989.2307692307695,0.024533036,10.409358121862796,0.27659574468085107,0.97727272727272729
no,Oslo,Jessheim,2026-06-01,34.0,38,38,4667.8157894736842,0.006731561,11.380783982904687,0.26356589147286824,0.992
no,Oslo,Jessheim,2026-06-01,35.0,6,6,6403.666666666667,0.062548663,11.892010859207556,0.23076923076923078,1.0
no,Oslo,Jessheim,2026-06-01,36.0,20,19,6022.6842105263158,0.027496658,12.10760352589822,0.20512820512820512,1.0
no,Oslo,Jessheim,2026-06-01,37.0,2,2,11649.5,0,8.7457449618167562,0.2,1.0
no,Oslo,Jessheim,2026-06-01,40.0,10,10,5034.0,0,12.028387252143164,0.27868852459016391,1.0
no,Oslo,Jessheim,2026-06-01,42.0,2,2,6269.5,0,11.504625000049487,0.0,1.0
no,Oslo,Jessheim,2026-06-01,43.0,5,5,6454.4,0.253454774,17.053978238718564,0.071428571428571425,1.0
no,Oslo,Jessheim,2026-06-02,,2,2,7958.0,0,0.0,0.16666666666666666,0.0
no,Oslo,Jessheim,2026-06-02,15.0,2,2,1122.5,,5.2877576942933944,0.27272727272727271,1.0
no,Oslo,Jessheim,2026-06-02,18.0,1,1,1959.0,0,9.4693944369089422,0.1111111111111111,1.0
no,Oslo,Jessheim,2026-06-02,19.0,1,1,3098.0,,5.0411784764663707,0.14285714285714285,1.0
no,Oslo,Jessheim,2026-06-02,20.0,4,4,1796.75,0,10.659774141996021,0.31578947368421051,1.0
no,Oslo,Jessheim,2026-06-02,21.0,4,4,5939.0,0,3.9492572736993687,0.23529411764705882,1.0
no,Oslo,Jessheim,2026-06-02,23.0,2,2,4089.5,0,6.3162318109330826,0.2,1.0
no,Oslo,Jessheim,2026-06-02,24.0,10,10,2211.6,0,8.2160020298823113,0.37931034482758619,1.0
no,Oslo,Jessheim,2026-06-02,25.0,8,8,3654.75,0,11.923468013537189,0.22857142857142856,1.0
no,Oslo,Jessheim,2026-06-02,26.0,16,16,2558.125,0,10.285774708673353,0.21348314606741572,1.0
no,Oslo,Jessheim,2026-06-02,27.0,6,6,4995.333333333333,0,7.323462423733849,0.23529411764705882,1.0
no,Oslo,Jessheim,2026-06-02,28.0,22,22,5046.363636363636,0,10.417903627147846,0.18867924528301888,1.0
no,Oslo,Jessheim,2026-06-02,29.0,23,23,4783.478260869565,0,9.2860471243340221,0.28,0.98550724637681164
no,Oslo,Jessheim,2026-06-02,30.0,36,36,5009.75,0,10.567621812792334,0.23880597014925373,0.98449612403100772
no,Oslo,Jessheim,2026-06-02,31.0,13,13,4751.1538461538457,0,10.993098356243008,0.22950819672131148,1.0
no,Oslo,Jessheim,2026-06-02,32.0,9,9,3507.1111111111113,0,12.180321581148613,0.125,0.97777777777777775
no,Oslo,Jessheim,2026-06-02,33.0,18,18,6282.6111111111113,0,7.768489039322132,0.28169014084507044,1.0
no,Oslo,Jessheim,2026-06-02,35.0,7,7,5611.4285714285716,0,15.388197699200802,0.17142857142857143,0.97058823529411764
no,Oslo,Jessheim,2026-06-02,37.0,22,22,6123.9047619047615,0.025613736,12.635545257986722,0.21359223300970873,0.96969696969696972
no,Oslo,Jessheim,2026-06-02,38.0,6,6,7301.333333333333,0,14.199773613287508,0.15384615384615385,1.0
no,Oslo,Jessheim,2026-06-02,43.0,3,2,6285.0,0,18.959998200946124,0.1875,0.9285714285714286
no,Oslo,Jessheim,2026-06-03,,6,3,4959.666666666667,0,5.8541019530685094,0.0975609756097561,0.31578947368421051
no,Oslo,Jessheim,2026-06-03,17.0,2,2,2375.0,0,8.4341233956818176,0.052631578947368418,1.0
no,Oslo,Jessheim,2026-06-03,21.0,3,3,1777.6666666666667,0,3.60058189373851,0.2857142857142857,1.0
no,Oslo,Jessheim,2026-06-03,22.0,3,3,954.0,0,13.440172862137546,0.1111111111111111,1.0
no,Oslo,Jessheim,2026-06-03,23.0,7,7,5303.8571428571431,0,5.0826024198280679,0.19354838709677419,1.0
no,Oslo,Jessheim,2026-06-03,24.0,9,9,1885.4444444444443,0,8.581128609344308,0.275,1.0
no,Oslo,Jessheim,2026-06-03,25.0,12,12,3937.9166666666665,0,9.18449361569589,0.1875,1.0
no,Oslo,Jessheim,2026-06-03,26.0,5,5,10155.6,0,7.3562319967061764,0.1875,1.0
no,Oslo,Jessheim,2026-06-03,27.0,17,17,3356.5294117647059,0,9.3786713293330823,0.17117117117117117,0.98113207547169812
no,Oslo,Jessheim,2026-06-03,28.0,3,2,1286.5,0,14.348219540472723,0.125,1.0
no,Oslo,Jessheim,2026-06-03,29.0,31,30,4770.5666666666666,0,9.404562946581299,0.23129251700680273,0.98620689655172411
no,Oslo,Jessheim,2026-06-03,30.0,16,15,4065.125,0.039522194,14.861536521465325,0.2857142857142857,0.95
no,Oslo,Jessheim,2026-06-03,31.0,18,18,7015.5555555555557,0,8.9724524434666346,0.20408163265306123,1.0
no,Oslo,Jessheim,2026-06-03,32.0,22,21,6397.7368421052633,0,9.110610418053092,0.25742574257425743,1.0
no,Oslo,Jessheim,2026-06-03,33.0,28,27,4682.92,0,12.381040378203922,0.25714285714285712,1.0
no,Oslo,Jessheim,2026-06-03,34.0,2,2,6955.5,,4.9888409394446045,0.10526315789473684,1.0
no,Oslo,Jessheim,2026-06-03,35.0,5,4,8480.75,0,13.1053928489301,0.19047619047619047,1.0
no,Oslo,Jessheim,2026-06-03,36.0,13,13,6377.3076923076924,0,16.4823442705394,0.27027027027027029,1.0
no,Oslo,Jessheim,2026-06-03,37.0,21,21,4751.1904761904761,0,16.327392454493403,0.22222222222222221,1.0
no,Oslo,Jessheim,2026-06-03,38.0,7,7,10184.142857142857,0,7.99906294404931,0.125,0.98550724637681164
no,Oslo,Jessheim,2026-06-03,39.0,6,6,8144.833333333333,0,12.114493740729708,0.21212121212121213,1.0
no,Oslo,Jessheim,2026-06-04,,1,1,2658.0,0,0.0,0.33333333333333331,0.33333333333333331
no,Oslo,Jessheim,2026-06-04,12.0,2,1,712.0,0,4.9865512344140006,0.1111111111111111,1.0
no,Oslo,Jessheim,2026-06-04,17.0,3,3,2482.6666666666665,0,9.22852906680689,0.2,1.0
no,Oslo,Jessheim,2026-06-04,19.0,5,5,1550.0,0,10.878823984052648,0.23076923076923078,1.0
no,Oslo,Jessheim,2026-06-04,22.0,5,5,1610.0,0,11.947163949877796,0.30434782608695654,1.0
no,Oslo,Jessheim,2026-06-04,24.0,7,7,1642.8571428571429,0,12.255350324626153,0.13636363636363635,1.0
no,Oslo,Jessheim,2026-06-04,25.0,14,13,2538.2307692307691,0,9.62180385933807,0.20779220779220781,1.0
no,Oslo,Jessheim,2026-06-04,26.0,7,7,1446.5714285714287,0,12.28321833558538,0.3125,0.97727272727272729
no,Oslo,Jessheim,2026-06-04,27.0,36,35,3721.294117647059,0,10.864424079699866,0.25,0.99029126213592233
no,Oslo,Jessheim,2026-06-04,28.0,7,7,5440.1428571428569,0,9.6895146728888246,0.18181818181818182,1.0
no,Oslo,Jessheim,2026-06-04,29.0,21,21,3977.9523809523807,0,8.933375770975907,0.20202020202020202,0.979381443298969
no,Oslo,Jessheim,2026-06-04,30.0,16,16,5455.9333333333334,0,7.4690269759701122,0.23684210526315788,1.0
no,Oslo,Jessheim,2026-06-04,31.0,18,18,6048.3888888888887,0,10.327172315151982,0.21839080459770116,1.0
no,Oslo,Jessheim,2026-06-04,32.0,16,16,5342.4,0,10.839429393061531,0.21917808219178081,0.98550724637681164
no,Oslo,Jessheim,2026-06-04,33.0,17,16,4784.0,0,12.009592883066615,0.21818181818181817,1.0
no,Oslo,Jessheim,2026-06-04,34.0,29,29,4604.8275862068967,0,12.906186009834279,0.25,1.0
no,Oslo,Jessheim,2026-06-04,35.0,10,10,5956.2222222222226,0,11.771025648887216,0.1864406779661017,1.0
no,Oslo,Jessheim,2026-06-04,36.0,18,18,5724.8823529411766,0,12.411891032927041,0.27710843373493976,1.0
no,Oslo,Jessheim,2026-06-04,38.0,15,14,8837.6153846153848,0.022237804,11.469160300284033,0.20689655172413793,1.0
no,Oslo,Jessheim,2026-06-04,41.0,4,4,8794.25,0,14.741871532670311,0.18181818181818182,0.96551724137931039
no,Oslo,Jessheim,2026-06-04,42.0,8,8,10387.625,0,9.3038217134605077,0.14545454545454545,1.0
no,Oslo,Jessheim,2026-06-05,14.0,2,2,1310.0,0,9.09260326452988,0.21052631578947367,1.0
no,Oslo,Jessheim,2026-06-05,16.0,2,2,1732.5,0,8.038600472691,0.2,1.0
no,Oslo,Jessheim,2026-06-05,17.0,1,1,504.0,0,9.3866030076894234,0.090909090909090912,0.9
no,Oslo,Jessheim,2026-06-05,18.0,4,4,2604.5,0,5.0353788577326384,0.10714285714285714,0.96
no,Oslo,Jessheim,2026-06-05,21.0,9,8,5139.75,0,8.9121543869020119,0.22033898305084745,1.0
no,Oslo,Jessheim,2026-06-05,22.0,2,2,917.5,0,8.23208436425668,0.23333333333333334,1.0
no,Oslo,Jessheim,2026-06-05,23.0,12,12,2636.1666666666665,0,6.6292425247891344,0.32835820895522388,1.0
no,Oslo,Jessheim,2026-06-05,24.0,21,21,3214.6666666666665,0,9.2396570007004311,0.23255813953488372,0.97590361445783136
no,Oslo,Jessheim,2026-06-05,26.0,21,21,4216.666666666667,0,9.3912781918421242,0.20408163265306123,1.0
no,Oslo,Jessheim,2026-06-05,27.0,29,29,4819.4482758620688,0,8.7880309162874841,0.25233644859813081,0.99029126213592233
no,Oslo,Jessheim,2026-06-05,28.0,16,14,5127.9285714285716,0.024987691,7.5229267794524342,0.13513513513513514,0.96721311475409832
no,Oslo,Jessheim,2026-06-05,29.0,24,23,5710.217391304348,0,7.4230819155561862,0.21568627450980393,1.0
no,Oslo,Jessheim,2026-06-05,30.0,36,34,5602.9428571428571,0,10.521198134298572,0.18604651162790697,0.99382716049382713
no,Oslo,Jessheim,2026-06-05,31.0,19,19,4994.2105263157891,0,8.86354637384941,0.2441860465116279,1.0
no,Oslo,Jessheim,2026-06-05,32.0,11,9,5903.7777777777774,0,10.886555796720597,0.16129032258064516,1.0
no,Oslo,Jessheim,2026-06-05,33.0,9,9,4215.875,0,7.9770046499434377,0.19230769230769232,1.0
no,Oslo,Jessheim,2026-06-05,34.0,7,7,8233.42857142857,0,11.310219810909697,0.21951219512195122,0.975
no,Oslo,Jessheim,2026-06-05,36.0,6,6,6859.2,0,4.857408736921113,0.18571428571428572,1.0
no,Oslo,Jessheim,2026-06-05,37.0,4,4,8257.25,0,13.731371623017829,0.22222222222222221,1.0
no,Oslo,Jessheim,2026-06-05,38.0,4,4,8396.75,0,11.220856678086591,0.125,0.95454545454545459
no,Oslo,Jessheim,2026-06-05,43.0,8,7,12316.0,0,10.642721986780165,0.11363636363636363,0.89473684210526316
no,Oslo,Jessheim,2026-06-06,14.0,5,5,848.8,0,4.6099106263512,0.23076923076923078,1.0
no,Oslo,Jessheim,2026-06-06,18.0,2,2,2143.5,0,5.2359063328527649,0.33333333333333331,1.0
no,Oslo,Jessheim,2026-06-06,19.0,7,7,1772.5714285714287,0,8.2596780620470014,0.15517241379310345,1.0
no,Oslo,Jessheim,2026-06-06,20.0,5,5,2250.0,0,6.2362234895020618,0.13207547169811321,0.97959183673469385
no,Oslo,Jessheim,2026-06-06,22.0,13,13,1772.0,0,9.2818857994875366,0.19298245614035087,0.98
no,Oslo,Jessheim,2026-06-06,23.0,8,8,4024.125,0,7.4038659646801612,0.18181818181818182,1.0
no,Oslo,Jessheim,2026-06-06,24.0,12,11,4267.818181818182,0,3.9521745219995381,0.17333333333333334,1.0
no,Oslo,Jessheim,2026-06-06,25.0,4,3,4481.0,0,5.7331516581405415,0.125,1.0
no,Oslo,Jessheim,2026-06-06,26.0,5,5,4435.8,0,2.1607973545161707,0.30232558139534882,1.0
no,Oslo,Jessheim,2026-06-06,27.0,46,46,4510.152173913043,0,8.4582119832891056,0.24789915966386555,0.9956521739130435
no,Oslo,Jessheim,2026-06-06,28.0,20,20,4645.75,0,8.186826651525994,0.1271186440677966,0.99082568807339455
no,Oslo,Jessheim,2026-06-06,30.0,27,27,5240.8518518518522,0,6.7985025016978113,0.26050420168067229,0.97368421052631582
no,Oslo,Jessheim,2026-06-06,31.0,46,46,5630.521739130435,0,9.5825441648074872,0.28358208955223879,1.0
no,Oslo,Jessheim,2026-06-06,32.0,5,4,2082.8,0,9.7027921459122659,0.2608695652173913,1.0
no,Oslo,Jessheim,2026-06-06,33.0,2,2,11661.5,0,8.5711833453138411,0.23809523809523808,1.0
no,Oslo,Jessheim,2026-06-06,34.0,5,5,8923.6,0,8.3683931056425163,0.12903225806451613,0.9642857142857143
no,Oslo,Jessheim,2026-06-06,38.0,2,2,10479.0,0,7.914712282550644,0.14285714285714285,0.96
no,Oslo,Jessheim,2026-06-06,42.0,5,5,7435.0,0,16.699217927769041,0.18518518518518517,0.84615384615384615
no,Oslo,Jessheim,2026-06-06,43.0,6,5,4356.0,0.011150936,19.46063349739909,0.052631578947368418,0.88235294117647056
no,Oslo,Jessheim,2026-06-07,,2,2,1979.0,0,0.0,0.1,0.0
no,Oslo,Jessheim,2026-06-07,14.0,2,2,1265.0,0,6.8569166463237439,0.22580645161290322,1.0
no,Oslo,Jessheim,2026-06-07,19.0,1,1,426.0,0,10.714470632731249,0.1111111111111111,0.77777777777777779
no,Oslo,Jessheim,2026-06-07,22.0,8,8,1856.625,0,10.17298068129414,0.23404255319148937,0.67391304347826086
no,Oslo,Jessheim,2026-06-07,23.0,4,4,3226.0,0,9.7646870867126481,0.16666666666666666,1.0
no,Oslo,Jessheim,2026-06-07,24.0,36,35,2133.4857142857145,0,10.115542891165209,0.22155688622754491,0.9939393939393939
no,Oslo,Jessheim,2026-06-07,25.0,37,36,3032.0,0,10.343545547437982,0.28855721393034828,0.99473684210526314
no,Oslo,Jessheim,2026-06-07,26.0,13,12,6874.0,0,6.5889574540285807,0.16071428571428573,0.94545454545454544
no,Oslo,Jessheim,2026-06-07,27.0,38,38,4372.894736842105,0,11.02084142110149,0.30172413793103448,0.9821428571428571
no,Oslo,Jessheim,2026-06-07,28.0,72,72,4478.5555555555557,0.00201486,10.023848682491712,0.24545454545454545,0.99053627760252361
no,Oslo,Jessheim,2026-06-07,29.0,33,33,5748.30303030303,0,7.2443127151122191,0.24827586206896551,0.97841726618705038
no,Oslo,Jessheim,2026-06-07,30.0,17,16,5202.64705882353,0,9.2755926434302651,0.14285714285714285,0.97368421052631582
no,Oslo,Jessheim,2026-06-07,31.0,14,14,5585.8461538461543,0,12.433327855149876,0.26315789473684209,0.8035714285714286
no,Oslo,Jessheim,2026-06-07,32.0,7,7,6818.5714285714284,0,8.1306713653171041,0.17142857142857143,1.0
no,Oslo,Jessheim,2026-06-07,33.0,25,23,5041.363636363636,0,8.4515322200565315,0.24675324675324675,1.0
no,Oslo,Jessheim,2026-06-07,34.0,10,10,5953.5,0,13.016433040675349,0.27272727272727271,1.0
no,Oslo,Jessheim,2026-06-07,35.0,11,11,8574.818181818182,0,9.2082251442767316,0.18367346938775511,0.97777777777777775
no,Oslo,Jessheim,2026-06-07,36.0,1,1,4870.0,0,9.0580781069552962,0.2,0.26666666666666666
no,Oslo,Jessheim,2026-06-07,38.0,13,12,3700.0,0,18.919429205444608,0.2,1.0
no,Oslo,Jessheim,2026-06-07,39.0,7,7,7074.0,0,15.709284679885828,0.15625,0.96875
no,Oslo,Jessheim,2026-06-07,40.0,11,10,8602.4,0,10.264018909503218,0.18072289156626506,1.0
no,Oslo,Jessheim,2026-06-07,52.0,1,1,12840.0,0,20.025988401122873,0.0,0.83333333333333337
no,Oslo,Jessheim,2026-06-08,,2,1,10009.0,,2.8321752972163488,0.1,0.6
no,Oslo,Jessheim,2026-06-08,12.0,2,2,331.0,0,4.31820673430445,0.10344827586206896,1.0
no,Oslo,Jessheim,2026-06-08,15.0,2,2,5311.0,0,12.77497097522475,0.15789473684210525,1.0
no,Oslo,Jessheim,2026-06-08,17.0,1,1,760.0,,7.2980602287472651,0.11764705882352941,1.0
no,Oslo,Jessheim,2026-06-08,19.0,2,2,414.0,0,10.820142528245496,0.22727272727272727,1.0
no,Oslo,Jessheim,2026-06-08,21.0,3,3,3479.3333333333335,0,9.0090580820037047,0.14285714285714285,1.0
no,Oslo,Jessheim,2026-06-08,22.0,4,4,1001.5,0,10.491831419910627,0.30434782608695654,1.0
no,Oslo,Jessheim,2026-06-08,24.0,5,5,4746.2,0.036774479,14.350696633270159,0.21212121212121213,1.0
no,Oslo,Jessheim,2026-06-08,25.0,8,8,2998.375,0,8.8862028088012543,0.125,1.0
no,Oslo,Jessheim,2026-06-08,26.0,11,11,6185.090909090909,0,9.9216194279336989,0.24324324324324326,1.0
no,Oslo,Jessheim,2026-06-08,27.0,36,35,4753.416666666667,0,10.891382474693655,0.19642857142857142,0.98717948717948723
no,Oslo,Jessheim,2026-06-08,28.0,15,14,3449.6666666666665,0,11.159238826126339,0.23958333333333334,0.9885057471264368
no,Oslo,Jessheim,2026-06-08,30.0,16,15,5260.4375,0,10.373349088510771,0.2,1.0
no,Oslo,Jessheim,2026-06-08,31.0,4,4,1353.0,0,9.8860650731716184,0.125,0.9285714285714286
no,Oslo,Jessheim,2026-06-08,32.0,11,11,5471.454545454545,0,14.58699643123623,0.33333333333333331,1.0
no,Oslo,Jessheim,2026-06-08,33.0,40,40,6386.8974358974356,0,11.210415328742522,0.1875,0.97765363128491622
no,Oslo,Jessheim,2026-06-08,34.0,11,11,5841.818181818182,0,12.210353043111898,0.20634920634920634,1.0
no,Oslo,Jessheim,2026-06-08,35.0,3,3,5892.0,0.086658087,11.890102992349178,0.0,1.0
no,Oslo,Jessheim,2026-06-08,39.0,4,4,4537.25,0,11.886047950234948,0.10810810810810811,0.97222222222222221
no,Oslo,Jessheim,2026-06-08,41.0,5,5,4819.8,0,4.0822606370054739,0.14285714285714285,1.0
no,Oslo,Jessheim,2026-06-08,43.0,1,1,14809.0,0,8.1475147450594818,0.10526315789473684,1.0
no,Oslo,Jessheim,2026-06-09,20.0,6,6,4461.166666666667,0,6.8463634655797474,0.18181818181818182,1.0
no,Oslo,Jessheim,2026-06-09,22.0,9,9,2606.8888888888887,0,7.3242705999200766,0.2,1.0
no,Oslo,Jessheim,2026-06-09,24.0,16,16,2745.5,0,8.4149516151556956,0.17142857142857143,1.0
no,Oslo,Jessheim,2026-06-09,25.0,5,5,8462.2,0,7.7909309140782357,0.16129032258064516,1.0
no,Oslo,Jessheim,2026-06-09,26.0,8,8,2293.875,0,10.529776411385313,0.15714285714285714,1.0
no,Oslo,Jessheim,2026-06-09,27.0,7,7,2229.5714285714284,0,11.90526716141486,0.069767441860465115,1.0
no,Oslo,Jessheim,2026-06-09,28.0,20,19,6245.0,0,6.6166999539948073,0.17006802721088435,0.99285714285714288
no,Oslo,Jessheim,2026-06-09,29.0,10,10,3942.9,0,10.168499274325921,0.065573770491803282,0.98305084745762716
no,Oslo,Jessheim,2026-06-09,30.0,7,6,5224.166666666667,0,12.245691348080294,0.068965517241379309,1.0
no,Oslo,Jessheim,2026-06-09,31.0,31,28,4005.8214285714284,0.006349206,12.988182114177471,0.20175438596491227,0.944954128440367
no,Oslo,Jessheim,2026-06-09,32.0,11,10,5465.2,0,12.756845250806839,0.12698412698412698,0.98181818181818181
no,Oslo,Jessheim,2026-06-09,33.0,18,17,6059.8823529411766,0,14.159394160917643,0.25,0.98333333333333328
no,Oslo,Jessheim,2026-06-09,34.0,9,9,6906.666666666667,0,11.651630392331754,0.21311475409836064,1.0
no,Oslo,Jessheim,2026-06-09,35.0,11,11,3556.4545454545455,0,15.53804033696057,0.28947368421052633,1.0
no,Oslo,Jessheim,2026-06-09,36.0,16,16,6452.6875,0,8.7667340747643259,0.16346153846153846,0.98039215686274506
no,Oslo,Jessheim,2026-06-09,38.0,5,5,6196.0,0,12.288581260277235,0.2391304347826087,0.97619047619047616
no,Oslo,Jessheim,2026-06-09,40.0,19,17,3344.1764705882351,0.067097343,15.403738105093844,0.17886178861788618,0.97435897435897434
no,Oslo,Jessheim,2026-06-09,45.0,6,6,7310.166666666667,0,14.886289197958316,0.22222222222222221,1.0
no,Oslo,Jessheim,2026-06-10,,1,1,1585.0,,0.0,0.0,0.2
no,Oslo,Jessheim,2026-06-10,17.0,2,2,1390.5,0,8.0868451698701183,0.13333333333333333,0.93333333333333335
no,Oslo,Jessheim,2026-06-10,19.0,2,2,732.5,0,12.055688283897712,0.23529411764705882,1.0
no,Oslo,Jessheim,2026-06-10,20.0,2,2,790.0,0,13.027736993585648,0.1111111111111111,0.77777777777777779
no,Oslo,Jessheim,2026-06-10,22.0,17,17,2655.705882352941,0,9.0325006362969376,0.20289855072463769,0.96969696969696972
no,Oslo,Jessheim,2026-06-10,23.0,13,13,4301.0769230769229,0,7.1540129682484483,0.19298245614035087,1.0
no,Oslo,Jessheim,2026-06-10,24.0,6,6,3880.3333333333335,0,7.2938775645133047,0.14285714285714285,1.0
no,Oslo,Jessheim,2026-06-10,25.0,17,17,3767.7647058823532,0,9.4491079769504367,0.189873417721519,1.0
no,Oslo,Jessheim,2026-06-10,26.0,6,5,1294.2,0,13.296120420970842,0.22222222222222221,1.0
no,Oslo,Jessheim,2026-06-10,27.0,24,23,3781.695652173913,0,10.839420922116531,0.183206106870229,0.97368421052631582
no,Oslo,Jessheim,2026-06-10,28.0,13,13,4166.7692307692305,0,9.6799387282971843,0.18867924528301888,1.0
no,Oslo,Jessheim,2026-06-10,29.0,44,42,3821.4047619047619,0,12.801714445318582,0.21511627906976744,0.99367088607594933
no,Oslo,Jessheim,2026-06-10,30.0,12,12,4882.333333333333,0,7.2987259409643981,0.28333333333333333,1.0
no,Oslo,Jessheim,2026-06-10,31.0,3,3,6440.333333333333,0.101288316,10.701253178113582,0.13636363636363635,1.0
no,Oslo,Jessheim,2026-06-10,32.0,13,13,2536.9230769230771,0,12.382694167108504,0.30952380952380953,1.0
no,Oslo,Jessheim,2026-06-10,33.0,5,5,5963.0,0,14.794296783794792,0.17647058823529413,0.9285714285714286
no,Oslo,Jessheim,2026-06-10,34.0,6,6,6643.833333333333,0,10.723987459630997,0.22448979591836735,1.0
no,Oslo,Jessheim,2026-06-10,35.0,9,9,5439.5555555555557,0,11.626110323413291,0.26315789473684209,1.0
no,Oslo,Jessheim,2026-06-10,36.0,3,3,13130.333333333334,0,5.6217830477712036,0.14285714285714285,1.0
no,Oslo,Jessheim,2026-06-10,37.0,4,4,6064.25,0,14.281972437537489,0.10714285714285714,1.0
no,Oslo,Jessheim,2026-06-10,38.0,12,12,6074.363636363636,0,12.023665622571851,0.33333333333333331,1.0
no,Oslo,Jessheim,2026-06-10,41.0,13,13,7828.3076923076924,0,16.304355742250451,0.29629629629629628,0.96296296296296291
no,Oslo,Jessheim,2026-06-10,42.0,2,2,7521.0,0,5.0233443273226364,0.20930232558139536,1.0
no,Oslo,Jessheim,2026-06-10,43.0,6,6,8518.6666666666661,0,11.12430276264096,0.18181818181818182,1.0
no,Oslo,Jessheim,2026-06-11,17.0,3,3,641.33333333333337,0,7.8257157112469757,0.2857142857142857,1.0
no,Oslo,Jessheim,2026-06-11,18.0,3,3,1722.6666666666667,0,3.5919101366143731,0.10344827586206896,1.0
no,Oslo,Jessheim,2026-06-11,19.0,3,3,1382.3333333333333,0,5.6957122649957093,0.2,1.0
no,Oslo,Jessheim,2026-06-11,20.0,5,5,2781.8,0,7.3470701253211983,0.1,1.0
no,Oslo,Jessheim,2026-06-11,21.0,3,3,1113.0,0,8.6107174318673287,0.08,1.0
no,Oslo,Jessheim,2026-06-11,22.0,8,7,4889.5714285714284,0,5.9405924032964954,0.15151515151515152,0.989247311827957
no,Oslo,Jessheim,2026-06-11,24.0,12,12,4981.75,0,9.7667798202345288,0.25,1.0
no,Oslo,Jessheim,2026-06-11,25.0,13,13,2682.8461538461538,0,12.353165954983366,0.16393442622950818,0.96610169491525422
no,Oslo,Jessheim,2026-06-11,26.0,14,14,4677.4285714285716,0,6.6797712249803132,0.24050632911392406,0.98666666666666669
no,Oslo,Jessheim,2026-06-11,27.0,33,32,5999.242424242424,0,7.8556389688843469,0.19148936170212766,0.98550724637681164
no,Oslo,Jessheim,2026-06-11,28.0,7,7,5498.1428571428569,0,5.96072574229428,0.125,1.0
no,Oslo,Jessheim,2026-06-11,29.0,14,14,4919.9285714285716,0,9.7021185215294938,0.10256410256410256,1.0
no,Oslo,Jessheim,2026-06-11,30.0,13,13,4967.3076923076924,0.027715476,13.184597788115498,0.22,0.98
no,Oslo,Jessheim,2026-06-11,31.0,7,6,5512.8571428571431,0,4.5152590169288089,0.23333333333333334,1.0
no,Oslo,Jessheim,2026-06-11,32.0,20,20,5079.35,0,7.922303450202639,0.24358974358974358,1.0
no,Oslo,Jessheim,2026-06-11,33.0,11,11,7589.0,0,10.824228738998587,0.16666666666666666,1.0
no,Oslo,Jessheim,2026-06-11,34.0,5,5,5069.2,0,4.3160881704464868,0.13043478260869565,1.0
no,Oslo,Jessheim,2026-06-11,35.0,5,5,6710.0,0,7.9260635236146912,0.14583333333333334,0.97826086956521741
no,Oslo,Jessheim,2026-06-11,37.0,5,5,11836.6,0,11.681269531419247,0.20512820512820512,1.0
no,Oslo,Jessheim,2026-06-11,40.0,4,4,8873.5,0,4.6030694617172507,0.15625,1.0
no,Oslo,Jessheim,2026-06-11,41.0,5,5,9974.75,0,16.548995619995775,0.23333333333333334,0.7931034482758621
no,Oslo,Jessheim,2026-06-11,53.0,3,2,11895.5,0,17.622851258895309,0.1111111111111111,0.91666666666666663
no,Oslo,Jessheim,2026-06-11,74.0,1,1,2632.0,,9.3572269575021672,0.125,1.0
no,Oslo,Jessheim,2026-06-12,,1,0,,,5.4845543017924712,0.11764705882352941,1.0
no,Oslo,Jessheim,2026-06-12,17.0,1,1,4788.0,0,6.1350120999794227,0.16666666666666666,1.0
no,Oslo,Jessheim,2026-06-12,19.0,6,5,1341.4,0,6.597451546679733,0.21428571428571427,1.0
no,Oslo,Jessheim,2026-06-12,21.0,5,5,1353.2,0,6.0580113516266314,0.30434782608695654,0.95652173913043481
no,Oslo,Jessheim,2026-06-12,22.0,8,8,2877.75,0,9.8862785931401156,0.14925373134328357,0.9838709677419355
no,Oslo,Jessheim,2026-06-12,25.0,12,11,4347.727272727273,0,9.0693331674906439,0.22077922077922077,0.98630136986301364
no,Oslo,Jessheim,2026-06-12,26.0,19,19,3448.0526315789475,0,10.561581518570357,0.23529411764705882,1.0
no,Oslo,Jessheim,2026-06-12,27.0,19,18,3568.1176470588234,0,9.7927301355892773,0.23595505617977527,1.0
no,Oslo,Jessheim,2026-06-12,28.0,16,15,4284.0666666666666,0,11.030141568833786,0.14678899082568808,0.98113207547169812
no,Oslo,Jessheim,2026-06-12,29.0,18,17,4080.8235294117649,0,10.061560190215927,0.20689655172413793,0.99082568807339455
no,Oslo,Jessheim,2026-06-12,31.0,36,35,6243.5428571428574,0,8.9836900201865131,0.20833333333333334,0.99350649350649356
no,Oslo,Jessheim,2026-06-12,32.0,9,9,3864.3333333333335,0,7.2182508281597828,0.23529411764705882,1.0
no,Oslo,Jessheim,2026-06-12,33.0,5,5,6743.8,0,12.172939766175482,0.25,0.94444444444444442
no,Oslo,Jessheim,2026-06-12,34.0,27,26,5846.56,0.009847565,10.570353306004762,0.13868613138686131,1.0
no,Oslo,Jessheim,2026-06-12,36.0,23,22,3957.409090909091,0,14.607387780064238,0.36170212765957449,0.989010989010989
no,Oslo,Jessheim,2026-06-12,37.0,4,4,6847.25,0,11.181633655222923,0.2,1.0
no,Oslo,Jessheim,2026-06-12,39.0,7,7,10159.285714285714,0,9.77241301073884,0.14285714285714285,1.0
no,Oslo,Jessheim,2026-06-12,41.0,12,12,8439.0833333333339,0,14.616524844159422,0.26666666666666666,1.0
no,Oslo,Jessheim,2026-06-12,44.0,4,4,11553.5,0,14.823531508056973,0.029411764705882353,0.68965517241379315
no,Oslo,Jessheim,2026-06-12,45.0,9,9,5818.5555555555557,0,13.891872618552274,0.21052631578947367,1.0
no,Oslo,Jessheim,2026-06-12,46.0,3,3,12463.0,0,13.148135657228005,0.22857142857142856,1.0
no,Oslo,Jessheim,2026-06-12,49.0,2,2,11044.5,0,16.271947120126903,0.086956521739130432,1.0
no,Oslo,Jessheim,2026-06-12,56.0,1,1,11954.0,0,9.5098146058636726,0.076923076923076927,1.0
no,Oslo,Jessheim,2026-06-13,,3,2,5902.5,0,11.822988369098267,0.083333333333333329,0.60869565217391308
no,Oslo,Jessheim,2026-06-13,15.0,3,3,1222.3333333333333,0,4.5769466180448681,0.25,1.0
no,Oslo,Jessheim,2026-06-13,16.0,3,3,2191.3333333333335,0,8.8008945331569937,0.2,1.0
no,Oslo,Jessheim,2026-06-13,22.0,15,15,1624.0,0,11.181541883849787,0.27586206896551724,0.96296296296296291
no,Oslo,Jessheim,2026-06-13,23.0,14,14,3154.2142857142858,0,5.5110897183732126,0.19718309859154928,0.98529411764705888
no,Oslo,Jessheim,2026-06-13,24.0,6,6,1805.8333333333333,0,10.845484913443704,0.17647058823529413,0.93333333333333335
no,Oslo,Jessheim,2026-06-13,25.0,13,13,2155.7692307692309,0,7.1172904556049046,0.22222222222222221,1.0
no,Oslo,Jessheim,2026-06-13,26.0,14,14,2554.3571428571427,0,13.401279933459673,0.2072072072072072,1.0
no,Oslo,Jessheim,2026-06-13,27.0,7,7,2835.5714285714284,0,10.501425124298043,0.16666666666666666,1.0
no,Oslo,Jessheim,2026-06-13,28.0,31,31,5650.7096774193551,0,9.6599768922646536,0.19444444444444445,0.98809523809523814
no,Oslo,Jessheim,2026-06-13,29.0,23,23,4654.695652173913,0,10.535569869543725,0.20689655172413793,1.0
no,Oslo,Jessheim,2026-06-13,30.0,21,20,5043.05,0,9.8983306408206015,0.25,0.98198198198198194
no,Oslo,Jessheim,2026-06-13,31.0,21,21,4884.6190476190477,0,11.563577751555572,0.22535211267605634,1.0
no,Oslo,Jessheim,2026-06-13,32.0,13,13,5086.0769230769229,0,14.291706151728921,0.24691358024691357,0.97468354430379744
no,Oslo,Jessheim,2026-06-13,33.0,40,39,5802.4102564102568,0,10.992840109893917,0.25146198830409355,1.0
no,Oslo,Jessheim,2026-06-13,34.0,20,20,4817.9473684210525,0,12.625202196876844,0.21978021978021978,0.9882352941176471
no,Oslo,Jessheim,2026-06-13,35.0,14,14,6382.7142857142853,0,14.350862496959447,0.25,0.94117647058823528
no,Oslo,Jessheim,2026-06-13,36.0,14,13,6117.6923076923076,0.033784747,12.347440428663607,0.21495327102803738,0.98979591836734693
no,Oslo,Jessheim,2026-06-13,37.0,6,5,3762.5,0,16.722949545007864,0.19230769230769232,0.92307692307692313
no,Oslo,Jessheim,2026-06-13,38.0,7,7,4692.4285714285716,0,14.612015262851635,0.21739130434782608,1.0
no,Oslo,Jessheim,2026-06-13,39.0,5,5,8198.0,0,12.422780110153916,0.13157894736842105,1.0
no,Oslo,Jessheim,2026-06-13,40.0,12,12,6534.583333333333,0,15.968527843913629,0.3235294117647059,1.0
no,Oslo,Jessheim,2026-06-13,41.0,2,2,9447.0,0,13.354779964692169,0.090909090909090912,0.95238095238095233
no,Oslo,Jessheim,2026-06-14,,1,1,,0,14.986121461919433,0.12820512820512819,0.10526315789473684
no,Oslo,Jessheim,2026-06-14,15.0,2,2,9210.5,0,8.6054885407779445,0.125,0.5
no,Oslo,Jessheim,2026-06-14,20.0,4,3,2057.0,0,10.287881870464266,0.17857142857142858,0.81481481481481477
no,Oslo,Jessheim,2026-06-14,22.0,6,5,6745.6,0,7.0864817229180339,0.2413793103448276,1.0
no,Oslo,Jessheim,2026-06-14,23.0,12,11,3051.090909090909,0,8.84912090214362,0.21621621621621623,0.83333333333333337
no,Oslo,Jessheim,2026-06-14,24.0,5,4,5132.0,0,5.8720536714267908,0.20833333333333334,0.86956521739130432
no,Oslo,Jessheim,2026-06-14,25.0,6,5,7305.0,0,6.00089976968903,0.32142857142857145,0.8571428571428571
no,Oslo,Jessheim,2026-06-14,26.0,12,12,3382.9166666666665,0,8.0324200632430038,0.20238095238095238,0.86746987951807231
no,Oslo,Jessheim,2026-06-14,27.0,19,19,3955.2105263157896,0,11.831675376453983,0.1875,0.9732142857142857
no,Oslo,Jessheim,2026-06-14,28.0,10,10,4275.2,0,12.32865070321634,0.21739130434782608,0.97674418604651159
no,Oslo,Jessheim,2026-06-14,29.0,52,52,4143.9215686274511,0,11.986687999257668,0.22705314009661837,0.98445595854922274
no,Oslo,Jessheim,2026-06-14,30.0,60,60,5609.833333333333,0,10.489129348084045,0.2696629213483146,0.904
no,Oslo,Jessheim,2026-06-14,31.0,28,28,5704.2142857142853,0,10.241583215845912,0.28947368421052633,0.97916666666666663
no,Oslo,Jessheim,2026-06-14,32.0,36,36,5715.583333333333,0,12.1731373791509,0.20670391061452514,0.84302325581395354
no,Oslo,Jessheim,2026-06-14,33.0,44,44,5582.090909090909,0,11.050442701984865,0.24827586206896551,0.99270072992700731
no,Oslo,Jessheim,2026-06-14,34.0,30,30,5504.8666666666668,0,11.895914647869411,0.20689655172413793,1.0
no,Oslo,Jessheim,2026-06-14,35.0,42,42,5542.5952380952385,0,13.916013027797446,0.29801324503311261,0.99290780141843971
no,Oslo,Jessheim,2026-06-14,37.0,12,12,6488.25,0,12.864299058963967,0.19148936170212766,1.0
no,Oslo,Jessheim,2026-06-14,38.0,3,3,9884.3333333333339,0,13.276259418916707,0.08,0.95652173913043481
no,Oslo,Jessheim,2026-06-14,39.0,13,13,3705.181818181818,0,16.991871625714897,0.14285714285714285,1.0
no,Oslo,Jessheim,2026-06-14,41.0,19,18,6389.1176470588234,0,13.602391386180576,0.3188405797101449,0.66176470588235292
no,Oslo,Jessheim,2026-06-14,42.0,11,10,9186.8,0,14.387395528342459,0.14285714285714285,1.0
no,Oslo,Jessheim,2026-06-15,,3,0,,,2.5,0.083333333333333329,0.0
no,Oslo,Jessheim,2026-06-15,21.0,7,7,2311.2857142857142,0,7.9557132962883141,0.18604651162790697,1.0
no,Oslo,Jessheim,2026-06-15,24.0,12,12,2682.25,0,8.6650848981926369,0.18055555555555555,1.0
no,Oslo,Jessheim,2026-06-15,25.0,3,3,1597.0,,11.794390804671,0.14814814814814814,1.0
no,Oslo,Jessheim,2026-06-15,26.0,12,11,2376.4545454545455,0,13.941375082145171,0.24561403508771928,1.0
no,Oslo,Jessheim,2026-06-15,27.0,8,8,2414.75,0,9.6365135002189781,0.17857142857142858,0.98148148148148151
no,Oslo,Jessheim,2026-06-15,29.0,36,36,4917.4444444444443,0,12.270576062518579,0.21739130434782608,1.0
no,Oslo,Jessheim,2026-06-15,30.0,21,20,4861.35,0.035802747,12.933524249692827,0.1875,0.98058252427184467
no,Oslo,Jessheim,2026-06-15,31.0,3,3,6482.333333333333,0,12.506252893339054,0.18181818181818182,1.0
no,Oslo,Jessheim,2026-06-15,32.0,28,26,4182.9615384615381,0.041312377,12.599321499116048,0.12408759124087591,0.953125
no,Oslo,Jessheim,2026-06-15,33.0,39,37,5391.1891891891892,0,12.041435366001496,0.22222222222222221,0.9939393939393939
no,Oslo,Jessheim,2026-06-15,34.0,11,10,5468.4,0,13.33222867630684,0.26923076923076922,1.0
no,Oslo,Jessheim,2026-06-15,35.0,15,15,7684.8666666666668,0,13.854675491802039,0.26923076923076922,0.94
no,Oslo,Jessheim,2026-06-15,37.0,8,8,6913.625,0,14.324823188675081,0.16279069767441862,1.0
no,Oslo,Jessheim,2026-06-15,38.0,13,12,6849.75,0,12.1905091278754,0.0684931506849315,0.98529411764705888
no,Oslo,Jessheim,2026-06-15,39.0,21,20,7487.9,0,12.732356075953282,0.16923076923076924,1.0
no,Oslo,Jessheim,2026-06-15,40.0,4,4,12833.25,0,10.678873119539571,0.10344827586206896,0.96296296296296291
no,Oslo,Jessheim,2026-06-15,41.0,3,3,5952.333333333333,0,8.1199611618003775,0.13793103448275862,1.0
no,Oslo,Jessheim,2026-06-15,42.0,1,1,7369.0,0,8.4122003628475586,0.25,1.0
no,Oslo,Jessheim,2026-06-16,,3,3,10164.0,0,0.0,0.125,0.13793103448275862
no,Oslo,Jessheim,2026-06-16,21.0,1,1,639.0,,13.854604894454056,0.083333333333333329,1.0
no,Oslo,Jessheim,2026-06-16,22.0,1,1,7242.0,0,6.0793936664682953,0.1875,1.0
no,Oslo,Jessheim,2026-06-16,23.0,4,4,2694.0,0,10.974351381157536,0.2,0.95
no,Oslo,Jessheim,2026-06-16,24.0,7,7,2906.5714285714284,0,11.596999787316003,0.086956521739130432,0.97435897435897434
no,Oslo,Jessheim,2026-06-16,25.0,13,13,3449.1538461538462,0,10.593990689683718,0.26373626373626374,1.0
no,Oslo,Jessheim,2026-06-16,26.0,22,21,2329.8571428571427,0,10.937581796703491,0.31764705882352939,1.0
no,Oslo,Jessheim,2026-06-16,27.0,8,8,4706.875,0,8.760418983813123,0.11764705882352941,1.0
no,Oslo,Jessheim,2026-06-16,28.0,20,20,2733.3,0,11.976567176602542,0.22857142857142856,0.99019607843137258
no,Oslo,Jessheim,2026-06-16,29.0,23,23,3960.590909090909,0,11.707364658377562,0.16806722689075632,0.94736842105263153
no,Oslo,Jessheim,2026-06-16,30.0,11,10,3417.909090909091,0,13.95555208701127,0.2,1.0
no,Oslo,Jessheim,2026-06-16,31.0,16,16,5469.0625,0,12.006831851581421,0.16853932584269662,1.0
no,Oslo,Jessheim,2026-06-16,32.0,10,9,4299.5555555555557,0,14.276060546932413,0.16,0.97872340425531912
no,Oslo,Jessheim,2026-06-16,33.0,13,12,6422.0,0,13.261050501604437,0.22727272727272727,0.96721311475409832
no,Oslo,Jessheim,2026-06-16,34.0,25,25,5580.44,0,10.887140454445635,0.1391304347826087,1.0
no,Oslo,Jessheim,2026-06-16,35.0,32,31,6840.1290322580644,0,11.935247345631209,0.19540229885057472,0.9880239520958084
no,Oslo,Jessheim,2026-06-16,36.0,16,16,4644.1875,0,12.716503976576183,0.19230769230769232,1.0
no,Oslo,Jessheim,2026-06-16,42.0,3,3,2991.3333333333335,,12.414420469499888,0.05,1.0
no,Oslo,Jessheim,2026-06-16,43.0,5,3,14867.0,0,10.544301481443002,0.2,0.91666666666666663
no,Oslo,Jessheim,2026-06-16,48.0,2,2,7715.5,0,15.65767145645423,0.125,1.0
no,Oslo,Jessheim,2026-06-16,51.0,4,4,7782.25,0,12.850083825444145,0.0,1.0
no,Oslo,Jessheim,2026-06-17,,2,2,5477.5,0,0.0,0.055555555555555552,0.055555555555555552
no,Oslo,Jessheim,2026-06-17,18.0,1,1,1028.0,,11.612131327898243,0.15384615384615385,1.0
no,Oslo,Jessheim,2026-06-17,21.0,8,7,1215.75,0,9.5314703582373212,0.22222222222222221,1.0
no,Oslo,Jessheim,2026-06-17,22.0,1,1,1753.0,,11.98961092580503,0.1,1.0
no,Oslo,Jessheim,2026-06-17,24.0,7,7,1536.7142857142858,0,10.065284276887605,0.2857142857142857,0.97916666666666663
no,Oslo,Jessheim,2026-06-17,25.0,7,7,2988.0,0,10.839767568478639,0.23076923076923078,1.0
no,Oslo,Jessheim,2026-06-17,26.0,15,15,3819.0,0,9.8725720006486082,0.20253164556962025,1.0
no,Oslo,Jessheim,2026-06-17,27.0,7,7,2099.5,0,12.344706375715157,0.17777777777777778,0.97727272727272729
no,Oslo,Jessheim,2026-06-17,28.0,7,7,3740.7142857142858,0,8.95300112337099,0.24242424242424243,1.0
no,Oslo,Jessheim,2026-06-17,29.0,10,10,4849.1,0,11.053497899748345,0.15686274509803921,1.0
no,Oslo,Jessheim,2026-06-17,30.0,50,46,4035.7346938775509,0,11.917727052352758,0.24175824175824176,0.98843930635838151
no,Oslo,Jessheim,2026-06-17,31.0,19,19,5656.6315789473683,0,11.520376735264584,0.19148936170212766,1.0
no,Oslo,Jessheim,2026-06-17,32.0,40,38,4637.3846153846152,0,11.367288658440202,0.24683544303797469,0.97972972972972971
no,Oslo,Jessheim,2026-06-17,33.0,2,2,11648.0,0,4.0002574296358544,0.25,1.0
no,Oslo,Jessheim,2026-06-17,34.0,3,3,3612.6666666666665,0,15.577199712646749,0.071428571428571425,1.0
no,Oslo,Jessheim,2026-06-17,35.0,30,29,6166.7931034482763,0,12.295176070619764,0.21714285714285714,0.99375
no,Oslo,Jessheim,2026-06-17,36.0,35,35,6626.2857142857147,0.001247056,12.758123440043621,0.15263157894736842,0.97752808988764039
no,Oslo,Jessheim,2026-06-17,37.0,3,3,15878.0,0,9.9566059400934677,0.16666666666666666,1.0
no,Oslo,Jessheim,2026-06-17,39.0,13,12,5172.333333333333,0,16.937150092612271,0.19230769230769232,0.8
no,Oslo,Jessheim,2026-06-17,53.0,2,1,14699.0,0,12.420439424283121,0.032258064516129031,0.9642857142857143
no,Oslo,Jessheim,2026-06-17,55.0,1,1,20566.0,0,13.79181639694823,0.21052631578947367,0.94444444444444442
no,Oslo,Jessheim,2026-06-18,,4,2,10996.5,0,11.652486381578672,0.081081081081081086,0.22222222222222221
no,Oslo,Jessheim,2026-06-18,17.0,3,3,1392.3333333333333,0,8.81699258448307,0.25,1.0
no,Oslo,Jessheim,2026-06-18,22.0,6,6,2813.0,0,6.3849297655940349,0.17647058823529413,1.0
no,Oslo,Jessheim,2026-06-18,23.0,2,2,1155.5,0,11.466913041989324,0.20833333333333334,1.0
no,Oslo,Jessheim,2026-06-18,25.0,4,4,2126.0,0,12.253989208701793,0.16666666666666666,0.97058823529411764
no,Oslo,Jessheim,2026-06-18,26.0,12,12,2611.0833333333335,0,10.952199865361919,0.18181818181818182,0.98780487804878048
no,Oslo,Jessheim,2026-06-18,27.0,13,13,4105.9230769230771,0,11.128901258986927,0.10588235294117647,1.0
no,Oslo,Jessheim,2026-06-18,28.0,18,18,2986.3888888888887,0,9.4198731532961091,0.17582417582417584,1.0
no,Oslo,Jessheim,2026-06-18,29.0,53,51,3894.5686274509803,0,12.867215964934513,0.21719457013574661,0.976303317535545
no,Oslo,Jessheim,2026-06-18,30.0,36,36,5821.9428571428571,0,8.4323812258052868,0.16556291390728478,0.98581560283687941
no,Oslo,Jessheim,2026-06-18,31.0,20,20,4457.3,0,11.685898470976197,0.25263157894736843,1.0
no,Oslo,Jessheim,2026-06-18,32.0,23,23,5378.045454545455,0,10.092613500574068,0.23846153846153847,1.0
no,Oslo,Jessheim,2026-06-18,33.0,9,8,5976.2222222222226,0,9.7618440667171367,0.24615384615384617,0.98333333333333328
no,Oslo,Jessheim,2026-06-18,34.0,4,4,7032.0,0,11.096143353638034,0.13333333333333333,0.97674418604651159
no,Oslo,Jessheim,2026-06-18,35.0,12,10,5434.636363636364,0,16.487441196231821,0.17391304347826086,0.95348837209302328
no,Oslo,Jessheim,2026-06-18,36.0,17,17,4821.2352941176468,0,12.676530873003333,0.13636363636363635,0.99047619047619051
no,Oslo,Jessheim,2026-06-18,37.0,18,18,6864.6111111111113,0,10.752049512724222,0.26666666666666666,1.0
no,Oslo,Jessheim,2026-06-18,43.0,2,2,15169.5,0,12.502343425531469,0.17647058823529413,1.0
no,Oslo,Jessheim,2026-06-18,45.0,3,3,8827.3333333333339,0,14.051785405653066,0.071428571428571425,1.0
no,Oslo,Jessheim,2026-06-19,,1,0,,,0.0,0.0,0.0
no,Oslo,Jessheim,2026-06-19,18.0,2,2,1015.5,0,5.9314727343805709,0.23333333333333334,1.0
no,Oslo,Jessheim,2026-06-19,20.0,8,8,2622.625,0,10.841052962509833,0.21052631578947367,0.97222222222222221
no,Oslo,Jessheim,2026-06-19,24.0,31,29,3466.5,0,9.4059485800833347,0.22307692307692309,0.9916666666666667
no,Oslo,Jessheim,2026-06-19,25.0,13,13,5458.0,0,7.6297248387256911,0.2153846153846154,1.0
no,Oslo,Jessheim,2026-06-19,26.0,13,13,3643.0,0,9.66058810591007,0.25,1.0
no,Oslo,Jessheim,2026-06-19,27.0,17,17,4254.411764705882,0,9.5302498856207478,0.15686274509803921,0.967391304347826
no,Oslo,Jessheim,2026-06-19,28.0,9,9,3323.2222222222222,0,4.4722472933733952,0.3125,0.97872340425531912
no,Oslo,Jessheim,2026-06-19,29.0,20,20,5913.2,0,8.8578539255160855,0.15887850467289719,0.97916666666666663
no,Oslo,Jessheim,2026-06-19,30.0,4,4,5799.25,0,14.031699590202432,0.19047619047619047,1.0
no,Oslo,Jessheim,2026-06-19,31.0,34,34,5302.0,0,11.888857864141732,0.25786163522012578,0.986013986013986
no,Oslo,Jessheim,2026-06-19,33.0,21,21,5403.1904761904761,0,7.5745694955662239,0.18518518518518517,1.0
no,Oslo,Jessheim,2026-06-19,34.0,21,19,5971.6,0,11.188212151007129,0.14782608695652175,0.9907407407407407
no,Oslo,Jessheim,2026-06-19,35.0,39,39,5835.5,0,11.846603073329179,0.23595505617977527,0.9880239520958084
no,Oslo,Jessheim,2026-06-19,36.0,29,29,4916.8965517241377,0,11.97533084348559,0.20472440944881889,0.98347107438016534
no,Oslo,Jessheim,2026-06-19,40.0,9,9,7571.125,0,11.38698761135605,0.20512820512820512,1.0
no,Oslo,Jessheim,2026-06-19,41.0,5,5,4808.8,0,16.542793017390771,0.15,1.0
no,Oslo,Jessheim,2026-06-19,42.0,1,1,6235.0,0,14.083118787752193,0.16666666666666666,1.0
no,Oslo,Jessheim,2026-06-19,44.0,3,3,5908.5,0,10.179801207582384,0.17948717948717949,1.0
no,Oslo,Jessheim,2026-06-19,57.0,4,4,7724.0,0,13.644512122368974,0.05,1.0
no,Oslo,Jessheim,2026-06-20,,2,2,3656.5,,0.0,0.0,0.16666666666666666
no,Oslo,Jessheim,2026-06-20,17.0,1,1,1037.0,,10.571506981290517,0.17647058823529413,1.0
no,Oslo,Jessheim,2026-06-20,19.0,1,1,3398.0,,11.12203470229672,0.1875,1.0
no,Oslo,Jessheim,2026-06-20,23.0,4,4,1417.75,0,10.902476667702038,0.11428571428571428,0.96969696969696972
no,Oslo,Jessheim,2026-06-20,24.0,8,8,5242.625,0,7.802099297522016,0.15909090909090909,1.0
no,Oslo,Jessheim,2026-06-20,25.0,12,11,5748.272727272727,0,7.1534387967886746,0.21276595744680851,0.9882352941176471
no,Oslo,Jessheim,2026-06-20,26.0,13,13,3950.6923076923076,0,7.5731235774281211,0.28448275862068967,1.0
no,Oslo,Jessheim,2026-06-20,27.0,40,39,3664.7179487179487,0.015384615,10.602819829019083,0.25543478260869568,0.994413407821229
no,Oslo,Jessheim,2026-06-20,28.0,28,27,4498.0714285714284,0,7.8820163023827954,0.27835051546391754,1.0
no,Oslo,Jessheim,2026-06-20,29.0,20,20,3031.8,0,12.933877368548384,0.24,0.97916666666666663
no,Oslo,Jessheim,2026-06-20,30.0,32,32,3809.4375,0,10.946018596160863,0.23529411764705882,1.0
no,Oslo,Jessheim,2026-06-20,32.0,47,47,6082.0,0,9.6772541213974872,0.22330097087378642,0.99473684210526314
no,Oslo,Jessheim,2026-06-20,33.0,25,23,6347.625,0,10.619380186376274,0.25316455696202533,0.98611111111111116
no,Oslo,Jessheim,2026-06-20,34.0,8,8,7495.25,0,13.062152801623103,0.1388888888888889,1.0
no,Oslo,Jessheim,2026-06-20,35.0,15,15,7053.1333333333332,0,11.506918366985161,0.16417910447761194,0.984375
no,Oslo,Jessheim,2026-06-20,36.0,30,27,8024.7777777777774,0.012039402,11.848928292659998,0.26050420168067229,0.963302752293578
no,Oslo,Jessheim,2026-06-20,37.0,8,8,8300.625,0,11.711270835796372,0.086956521739130432,0.95
no,Oslo,Jessheim,2026-06-20,38.0,2,2,8255.5,0,15.461603115650936,0.066666666666666666,1.0
no,Oslo,Jessheim,2026-06-20,40.0,8,8,6773.4285714285716,0,11.494001905205012,0.17391304347826086,1.0
no,Oslo,Jessheim,2026-06-20,43.0,3,3,9219.0,0,9.04724488985432,0.22222222222222221,1.0
no,Oslo,Jessheim,2026-06-20,46.0,12,11,9806.818181818182,0,15.940589215130439,0.21052631578947367,0.89583333333333337
no,Oslo,Jessheim,2026-06-21,,4,3,4771.0,0,7.68506870321486,0.13793103448275862,
no,Oslo,Jessheim,2026-06-21,14.0,3,2,759.5,0,11.945250758811806,0.25,
no,Oslo,Jessheim,2026-06-21,15.0,1,1,1221.0,,8.2666128958595273,0.125,
no,Oslo,Jessheim,2026-06-21,21.0,5,5,1747.2,0,6.4735465759632875,0.22222222222222221,
no,Oslo,Jessheim,2026-06-21,22.0,6,6,1529.3333333333333,0,9.4004201072818674,0.16666666666666666,
no,Oslo,Jessheim,2026-06-21,23.0,31,29,3555.3333333333335,0,9.69744327659005,0.18461538461538463,
no,Oslo,Jessheim,2026-06-21,24.0,12,12,4022.9166666666665,0,9.1687044238488973,0.31168831168831168,
no,Oslo,Jessheim,2026-06-21,25.0,19,19,3681.7894736842104,0,5.9907275690273387,0.25,
no,Oslo,Jessheim,2026-06-21,26.0,13,13,4950.4615384615381,0,10.087110284562792,0.26506024096385544,
no,Oslo,Jessheim,2026-06-21,27.0,28,28,4335.2857142857147,0,7.7357904556115189,0.2413793103448276,
no,Oslo,Jessheim,2026-06-21,28.0,51,51,4717.333333333333,0,8.87971327101164,0.27450980392156865,
no,Oslo,Jessheim,2026-06-21,29.0,56,56,5195.5535714285716,0,8.6623096519103342,0.28685258964143429,
no,Oslo,Jessheim,2026-06-21,30.0,37,36,4294.166666666667,0,10.081420485127783,0.24812030075187969,
no,Oslo,Jessheim,2026-06-21,31.0,18,17,5280.9444444444443,0,10.212658409371073,0.24242424242424243,
no,Oslo,Jessheim,2026-06-21,32.0,5,5,7086.8,0,8.8136462986659527,0.24324324324324326,
no,Oslo,Jessheim,2026-06-21,33.0,42,41,5676.7317073170734,0,11.322981939611207,0.21818181818181817,
no,Oslo,Jessheim,2026-06-21,34.0,16,16,5634.0,0.022070212,15.655540395625811,0.25925925925925924,
no,Oslo,Jessheim,2026-06-21,35.0,12,12,5643.0,0,10.185433320504611,0.24444444444444444,
no,Oslo,Jessheim,2026-06-21,36.0,3,3,5858.333333333333,0,12.768185375077453,0.14285714285714285,
no,Oslo,Jessheim,2026-06-21,38.0,6,6,6998.0,0,13.309867157423717,0.18604651162790697,
no,Oslo,Jessheim,2026-06-21,47.0,5,5,6478.4,0,7.5380908683103263,0.36363636363636365,
no,Oslo,Jessheim,2026-06-22,,2,2,1520.5,,7.4283873359818813,0.041666666666666664,0.86363636363636365
no,Oslo,Jessheim,2026-06-22,21.0,7,7,915.85714285714289,0,6.9803706306618594,0.21212121212121213,0.96551724137931039
no,Oslo,Jessheim,2026-06-22,22.0,12,12,2320.4166666666665,0,9.375951963436961,0.17333333333333334,1.0
no,Oslo,Jessheim,2026-06-22,23.0,7,7,2668.0,0,9.01728433494078,0.0851063829787234,1.0
no,Oslo,Jessheim,2026-06-22,24.0,13,12,2508.5,0,11.626101777731312,0.24561403508771928,0.9464285714285714
no,Oslo,Jessheim,2026-06-22,25.0,16,16,3313.75,0,11.543543273473549,0.17204301075268819,0.97727272727272729
no,Oslo,Jessheim,2026-06-22,26.0,17,17,4309.8235294117649,0,7.9929445336439935,0.15384615384615385,0.98958333333333337
no,Oslo,Jessheim,2026-06-22,27.0,13,12,4194.4615384615381,0.049742078,9.0117190512968222,0.21875,1.0
no,Oslo,Jessheim,2026-06-22,28.0,26,26,4872.0384615384619,0,10.171511480587354,0.18796992481203006,0.99152542372881358
no,Oslo,Jessheim,2026-06-22,29.0,24,24,4793.041666666667,0,11.333508680880179,0.24175824175824176,1.0
no,Oslo,Jessheim,2026-06-22,30.0,13,13,7090.5384615384619,0.020381406,12.106361128277584,0.22535211267605634,0.95588235294117652
no,Oslo,Jessheim,2026-06-22,31.0,11,11,3550.909090909091,0,13.159697213947158,0.13846153846153847,0.984375
no,Oslo,Jessheim,2026-06-22,32.0,8,8,4629.625,0,9.1268444461911251,0.22033898305084745,1.0
no,Oslo,Jessheim,2026-06-22,33.0,33,33,5576.8064516129034,0,8.8543207878634664,0.15333333333333332,0.98518518518518516
no,Oslo,Jessheim,2026-06-22,34.0,14,14,8430.7142857142862,0,10.620943726859384,0.16216216216216217,1.0
no,Oslo,Jessheim,2026-06-22,35.0,4,4,11297.25,0,2.31516215602903,0.20512820512820512,1.0
no,Oslo,Jessheim,2026-06-22,36.0,3,3,4236.0,0,12.876151376761083,0.29411764705882354,1.0
no,Oslo,Jessheim,2026-06-22,40.0,7,7,9091.42857142857,0,12.431970198102173,0.14285714285714285,1.0
no,Oslo,Jessheim,2026-06-23,,1,1,1971.0,,0.0,0.0,0.0
no,Oslo,Jessheim,2026-06-23,18.0,7,7,2324.1428571428573,0,8.9467502847105482,0.27586206896551724,1.0
no,Oslo,Jessheim,2026-06-23,20.0,9,9,2489.2222222222222,0,3.8266257380309656,0.23076923076923078,1.0
no,Oslo,Jessheim,2026-06-23,21.0,6,6,3157.0,0,5.3854459785782591,0.2857142857142857,0.96296296296296291
no,Oslo,Jessheim,2026-06-23,22.0,11,11,2938.7272727272725,0,9.112513658855967,0.2,0.96153846153846156
no,Oslo,Jessheim,2026-06-23,23.0,16,15,4025.4666666666667,0,5.9066434507744434,0.20238095238095238,0.97826086956521741
no,Oslo,Jessheim,2026-06-23,24.0,2,2,952.5,0,9.99123217814694,0.15384615384615385,1.0
no,Oslo,Jessheim,2026-06-23,25.0,10,10,4180.0,0,8.8773965468798739,0.19607843137254902,0.88461538461538458
no,Oslo,Jessheim,2026-06-23,26.0,8,8,3872.75,0,11.427661740333999,0.16666666666666666,0.97435897435897434
no,Oslo,Jessheim,2026-06-23,27.0,17,17,4454.1764705882351,0,8.1632818638343334,0.15584415584415584,0.97777777777777775
no,Oslo,Jessheim,2026-06-23,28.0,27,27,5728.2592592592591,0,8.9348087191319383,0.24509803921568626,0.97826086956521741
no,Oslo,Jessheim,2026-06-23,30.0,9,9,4980.666666666667,0,8.6810263251480766,0.12,0.9642857142857143
no,Oslo,Jessheim,2026-06-23,31.0,5,5,5323.0,0,9.915944304276973,0.13043478260869565,1.0
no,Oslo,Jessheim,2026-06-23,32.0,23,23,5414.173913043478,0,9.6405214727134361,0.17910447761194029,1.0
no,Oslo,Jessheim,2026-06-23,33.0,15,15,4370.8,0,10.965390476956243,0.26923076923076922,0.96875
no,Oslo,Jessheim,2026-06-23,34.0,1,1,8390.0,0,10.917349214014859,0.17857142857142858,1.0
no,Oslo,Jessheim,2026-06-23,35.0,22,22,5589.590909090909,0,12.280094369870742,0.20481927710843373,1.0
no,Oslo,Jessheim,2026-06-23,36.0,3,3,5703.666666666667,0,12.143539165768805,0.068965517241379309,1.0
no,Oslo,Jessheim,2026-06-23,37.0,2,2,12324.0,0,10.801420054735997,0.055555555555555552,1.0
no,Oslo,Jessheim,2026-06-23,38.0,3,3,7792.333333333333,0,12.985931910235433,0.15789473684210525,0.9285714285714286
no,Oslo,Jessheim,2026-06-23,39.0,7,7,10351.142857142857,0,10.765235454109423,0.16666666666666666,0.967741935483871
no,Oslo,Jessheim,2026-06-23,40.0,1,1,8256.0,0,8.5427419031121623,0.21428571428571427,0.90909090909090906
no,Oslo,Jessheim,2026-06-23,41.0,3,3,8037.333333333333,0,11.75078161289791,0.12121212121212122,1.0
no,Oslo,Jessheim,2026-06-23,45.0,1,1,16668.0,0,11.610323218690786,0.09375,0.9642857142857143
no,Oslo,Jessheim,2026-06-24,10.0,1,1,248.0,0,5.7236898518678156,0.16666666666666666,1.0
no,Oslo,Jessheim,2026-06-24,15.0,1,1,2541.0,0,4.7559219736405858,0.090909090909090912,1.0
no,Oslo,Jessheim,2026-06-24,19.0,1,1,2013.0,0,7.7030129538411076,0.090909090909090912,1.0
no,Oslo,Jessheim,2026-06-24,23.0,8,8,5855.5,0,4.8271002879427973,0.081967213114754092,0.9642857142857143
no,Oslo,Jessheim,2026-06-24,24.0,8,7,3150.4285714285716,0,12.333403587011501,0.1,0.97058823529411764
no,Oslo,Jessheim,2026-06-24,25.0,25,25,3741.48,0,6.073773150578659,0.19867549668874171,0.99290780141843971
no,Oslo,Jessheim,2026-06-24,26.0,4,4,5613.5,0,7.7005514234668393,0.1951219512195122,0.972972972972973
no,Oslo,Jessheim,2026-06-24,27.0,39,38,3349.8947368421054,0,11.750747832535559,0.233502538071066,1.0
no,Oslo,Jessheim,2026-06-24,28.0,24,24,3949.0,0,11.865930710774151,0.22549019607843138,0.94444444444444442
no,Oslo,Jessheim,2026-06-24,29.0,8,8,4447.375,0,4.9843074591264429,0.16129032258064516,1.0
no,Oslo,Jessheim,2026-06-24,30.0,4,4,8396.25,0,11.407868028184186,0.11538461538461539,1.0
no,Oslo,Jessheim,2026-06-24,31.0,23,23,5009.869565217391,0,12.212036323758763,0.18965517241379309,1.0
no,Oslo,Jessheim,2026-06-24,32.0,36,36,5420.1388888888887,0,10.965864935011908,0.18115942028985507,0.992
no,Oslo,Jessheim,2026-06-24,33.0,7,7,7974.5714285714284,0,8.7346324369097221,0.125,1.0
no,Oslo,Jessheim,2026-06-24,34.0,9,9,7515.666666666667,0,12.223568219120141,0.16666666666666666,0.98039215686274506
no,Oslo,Jessheim,2026-06-24,35.0,3,3,9427.3333333333339,0,8.7662243031084959,0.23529411764705882,1.0
no,Oslo,Jessheim,2026-06-24,37.0,6,6,6560.166666666667,0,14.934911819914017,0.095238095238095233,0.75
no,Oslo,Jessheim,2026-06-24,38.0,12,12,6763.416666666667,0,11.846214060688927,0.23214285714285715,1.0
no,Oslo,Jessheim,2026-06-24,50.0,1,1,15745.0,0,-0.49685622192573947,0.15789473684210525,1.0
no,Oslo,Jessheim,2026-06-25,,2,2,1287.0,0,6.5746726941619311,0.0625,0.45161290322580644
no,Oslo,Jessheim,2026-06-25,15.0,2,2,785.5,0,6.7671226088495091,0.093023255813953487,1.0
no,Oslo,Jessheim,2026-06-25,18.0,1,1,518.0,0,13.977137020185149,0.083333333333333329,0.91666666666666663
no,Oslo,Jessheim,2026-06-25,19.0,2,2,2202.0,0,7.4239044189678474,0.11764705882352941,1.0
no,Oslo,Jessheim,2026-06-25,20.0,4,4,1938.25,0,7.8284048948742218,0.0625,1.0
no,Oslo,Jessheim,2026-06-25,21.0,5,5,4014.4,0,10.75288213057012,0.16666666666666666,1.0
no,Oslo,Jessheim,2026-06-25,22.0,1,1,4703.0,0,6.9732763151162755,0.0,1.0
no,Oslo,Jessheim,2026-06-25,23.0,7,7,3516.7142857142858,0,7.9857144992896636,0.21052631578947367,1.0
no,Oslo,Jessheim,2026-06-25,24.0,1,1,7854.0,0,7.2259619535841164,0.18518518518518517,1.0
no,Oslo,Jessheim,2026-06-25,25.0,17,17,3398.5294117647059,0,9.5052047241362789,0.26666666666666666,0.98611111111111116
no,Oslo,Jessheim,2026-06-25,26.0,6,6,3294.8333333333335,0,8.2578177876075038,0.16666666666666666,1.0
no,Oslo,Jessheim,2026-06-25,27.0,25,25,4259.0,0,9.95520369020022,0.16666666666666666,1.0
no,Oslo,Jessheim,2026-06-25,28.0,38,38,4359.7105263157891,0,9.1491444166623541,0.17333333333333334,0.99275362318840576
no,Oslo,Jessheim,2026-06-25,29.0,4,4,3078.5,0,13.546117112570744,0.095238095238095233,1.0
no,Oslo,Jessheim,2026-06-25,30.0,10,9,5952.4444444444443,0,11.282466172714486,0.0851063829787234,0.975609756097561
no,Oslo,Jessheim,2026-06-25,31.0,30,29,7254.8965517241377,0,9.18729965067882,0.185,0.98947368421052628
no,Oslo,Jessheim,2026-06-25,32.0,9,9,8242.7777777777774,0,8.9327699092280728,0.13580246913580246,0.98611111111111116
no,Oslo,Jessheim,2026-06-25,33.0,6,6,6659.666666666667,0,12.947970201934243,0.1,1.0
no,Oslo,Jessheim,2026-06-25,34.0,12,12,7824.583333333333,0,8.8346716366961733,0.13924050632911392,1.0
no,Oslo,Jessheim,2026-06-25,35.0,8,8,8484.375,0,10.758754871359137,0.2,1.0
no,Oslo,Jessheim,2026-06-25,36.0,3,3,5811.0,0,6.8396450748107629,0.26923076923076922,0.95454545454545459
no,Oslo,Jessheim,2026-06-25,37.0,11,11,9348.636363636364,0,11.544664054412289,0.21212121212121213,1.0
no,Oslo,Jessheim,2026-06-25,41.0,13,12,9541.25,0.019594191,9.872376736904684,0.24705882352941178,1.0
no,Oslo,Jessheim,2026-06-25,43.0,1,1,10355.0,0,5.58403496067756,0.16666666666666666,1.0
no,Oslo,Jessheim,2026-06-26,,1,1,4184.0,0,0.0,0.1,0.2
no,Oslo,Jessheim,2026-06-26,15.0,2,2,1067.5,0,7.854111131725527,0.16666666666666666,1.0
no,Oslo,Jessheim,2026-06-26,19.0,6,5,5634.8,0,7.3939350574663774,0.27777777777777779,1.0
no,Oslo,Jessheim,2026-06-26,20.0,7,7,1764.5714285714287,0,8.7088531559355591,0.10714285714285714,1.0
no,Oslo,Jessheim,2026-06-26,21.0,6,6,873.16666666666663,0,11.046378028302222,0.11363636363636363,0.925
no,Oslo,Jessheim,2026-06-26,22.0,3,3,6466.333333333333,0,3.2345734935089938,0.14084507042253522,1.0
no,Oslo,Jessheim,2026-06-26,23.0,5,5,2550.2,0,7.0766231226991048,0.16,1.0
no,Oslo,Jessheim,2026-06-26,24.0,3,3,2775.0,0,8.0414886287878513,0.18518518518518517,1.0
no,Oslo,Jessheim,2026-06-26,25.0,20,20,4088.95,0,5.931517592651482,0.225,0.99354838709677418
no,Oslo,Jessheim,2026-06-26,26.0,12,12,5463.083333333333,0,6.2864632342431559,0.16,1.0
no,Oslo,Jessheim,2026-06-26,27.0,21,21,4703.0,0,7.5737490587378877,0.15454545454545454,0.99009900990099009
no,Oslo,Jessheim,2026-06-26,29.0,34,34,5331.060606060606,0,6.2717403064809663,0.24444444444444444,1.0
no,Oslo,Jessheim,2026-06-26,30.0,22,22,5459.181818181818,0,5.1956581872567442,0.17543859649122806,1.0
no,Oslo,Jessheim,2026-06-26,31.0,1,1,2517.0,,8.9742333610649787,0.13043478260869565,1.0
no,Oslo,Jessheim,2026-06-26,32.0,34,34,5559.2647058823532,0,8.9570475215736209,0.25954198473282442,0.984251968503937
no,Oslo,Jessheim,2026-06-26,33.0,4,4,3915.25,0,10.900814465621693,0.088235294117647065,1.0
no,Oslo,Jessheim,2026-06-26,34.0,42,41,7018.7142857142853,0,10.499141748722684,0.20833333333333334,0.97536945812807885
no,Oslo,Jessheim,2026-06-26,35.0,2,2,6020.0,0,14.463224774277522,0.16666666666666666,0.88235294117647056
no,Oslo,Jessheim,2026-06-26,36.0,2,1,9242.0,0,9.9597084578417547,0.076923076923076927,1.0
no,Oslo,Jessheim,2026-06-26,37.0,8,8,4831.75,0,16.425847980504305,0.2,1.0
no,Oslo,Jessheim,2026-06-26,38.0,31,30,7806.4,0,13.703773336825273,0.2,1.0
no,Oslo,Jessheim,2026-06-26,42.0,3,3,4112.666666666667,0,4.6194137311869543,0.076923076923076927,1.0
no,Oslo,Jessheim,2026-06-27,,2,2,8087.5,,0.0,0.14285714285714285,0.0
no,Oslo,Jessheim,2026-06-27,14.0,2,2,1521.5,,5.7963885262419561,0.16,1.0
no,Oslo,Jessheim,2026-06-27,15.0,1,1,1503.0,,3.2758813444604056,0.1,1.0
no,Oslo,Jessheim,2026-06-27,16.0,3,3,1351.0,0,8.8333730307064773,0.090909090909090912,0.88888888888888884
no,Oslo,Jessheim,2026-06-27,17.0,2,2,1218.0,0,8.4508770170453271,0.23809523809523808,1.0
no,Oslo,Jessheim,2026-06-27,21.0,11,11,1950.4545454545455,0,3.9028352302500888,0.21518987341772153,1.0
no,Oslo,Jessheim,2026-06-27,22.0,9,9,4531.8888888888887,0,6.2249094041388284,0.3125,1.0
no,Oslo,Jessheim,2026-06-27,23.0,17,17,4945.64705882353,0,5.2645151827848009,0.17105263157894737,0.98571428571428577
no,Oslo,Jessheim,2026-06-27,24.0,8,8,4747.5,0,8.5934234484827225,0.16666666666666666,1.0
no,Oslo,Jessheim,2026-06-27,25.0,30,29,2795.9333333333334,0,8.0057049377992,0.22368421052631579,0.97872340425531912
no,Oslo,Jessheim,2026-06-27,26.0,11,11,6137.727272727273,0,6.5545333592423951,0.18181818181818182,1.0
no,Oslo,Jessheim,2026-06-27,27.0,11,10,6379.7,0,4.4549120307704628,0.18367346938775511,0.9555555555555556
no,Oslo,Jessheim,2026-06-27,28.0,13,13,4357.916666666667,0,9.40098370325036,0.23728813559322035,0.96226415094339623
no,Oslo,Jessheim,2026-06-27,29.0,7,7,1726.4285714285713,0,5.4340956433933982,0.27906976744186046,0.975609756097561
no,Oslo,Jessheim,2026-06-27,30.0,30,30,6362.7,0,7.2554632649760267,0.18260869565217391,0.99082568807339455
no,Oslo,Jessheim,2026-06-27,31.0,13,12,4296.916666666667,0,12.310207097161737,0.24561403508771928,0.96226415094339623
no,Oslo,Jessheim,2026-06-27,32.0,14,13,4267.7857142857147,0,9.6101788379484745,0.17647058823529413,1.0
no,Oslo,Jessheim,2026-06-27,33.0,22,22,6807.045454545455,0,7.0042109101191663,0.21428571428571427,1.0
no,Oslo,Jessheim,2026-06-27,34.0,13,13,6942.5384615384619,0,8.143191885813815,0.13333333333333333,1.0
no,Oslo,Jessheim,2026-06-27,35.0,14,14,7178.5,0,12.073721190435748,0.22222222222222221,1.0
no,Oslo,Jessheim,2026-06-27,36.0,16,16,8165.875,0,12.166689129231004,0.15116279069767441,0.98717948717948723
no,Oslo,Jessheim,2026-06-27,38.0,6,6,6223.0,0,8.5580757854168148,0.080645161290322578,1.0
no,Oslo,Jessheim,2026-06-27,39.0,4,4,10959.75,0,5.9699278025262439,0.10344827586206896,1.0
no,Oslo,Jessheim,2026-06-27,42.0,2,2,11435.0,0,13.033718003357254,0.09375,0.9642857142857143
no,Oslo,Jessheim,2026-06-28,,1,0,,,0.0,0.0,0.0
no,Oslo,Jessheim,2026-06-28,21.0,3,3,1807.0,0,11.612193249322171,0.11428571428571428,1.0
no,Oslo,Jessheim,2026-06-28,22.0,13,13,2608.8333333333335,0,8.1467670127268974,0.23214285714285715,0.96363636363636362
no,Oslo,Jessheim,2026-06-28,23.0,9,9,3172.6666666666665,0,9.7651737604916722,0.24489795918367346,1.0
no,Oslo,Jessheim,2026-06-28,25.0,6,6,3914.1666666666665,0,9.87180132279973,0.16666666666666666,0.48780487804878048
no,Oslo,Jessheim,2026-06-28,26.0,6,6,3691.5,0,9.8762392773721821,0.45454545454545453,1.0
no,Oslo,Jessheim,2026-06-28,27.0,18,18,3608.6470588235293,0,10.336326526138647,0.13541666666666666,0.79069767441860461
no,Oslo,Jessheim,2026-06-28,28.0,20,19,5576.4736842105267,0,9.6259592923097212,0.14782608695652175,0.83486238532110091
no,Oslo,Jessheim,2026-06-28,29.0,26,25,3884.0,0,10.802396164449489,0.28472222222222221,0.97810218978102192
no,Oslo,Jessheim,2026-06-28,30.0,22,21,6725.727272727273,0,11.080033690489124,0.21551724137931033,0.9907407407407407
no,Oslo,Jessheim,2026-06-28,31.0,26,26,5224.3846153846152,0,11.901159481460278,0.20863309352517986,0.96062992125984248
no,Oslo,Jessheim,2026-06-28,32.0,21,21,4086.0952380952381,0,13.836758491512191,0.18478260869565216,1.0
no,Oslo,Jessheim,2026-06-28,33.0,33,33,5285.515151515152,0,9.50178386597402,0.24598930481283424,0.97109826589595372
no,Oslo,Jessheim,2026-06-28,34.0,105,102,5964.3267326732675,0,11.218064849122035,0.26190476190476192,0.98347107438016534
no,Oslo,Jessheim,2026-06-28,35.0,20,20,8295.6,0,12.446919953281069,0.23728813559322035,0.9910714285714286
no,Oslo,Jessheim,2026-06-28,36.0,28,27,5355.25,0,14.114883289467498,0.32673267326732675,0.98958333333333337
no,Oslo,Jessheim,2026-06-28,37.0,10,10,8615.1,0,11.030639013237698,0.24193548387096775,1.0
no,Oslo,Jessheim,2026-06-28,43.0,17,15,10164.9375,0,11.080763674851399,0.25,0.89423076923076927
no,Oslo,Jessheim,2026-06-29,,2,2,2402.0,0,0.0,0.071428571428571425,0.15384615384615385
no,Oslo,Jessheim,2026-06-29,15.0,2,2,5392.5,0,5.1860185068835669,0.10526315789473684,1.0
no,Oslo,Jessheim,2026-06-29,17.0,5,5,1655.4,0,7.42953411660728,0.098039215686274508,1.0
no,Oslo,Jessheim,2026-06-29,18.0,1,1,1482.0,0,9.6355008542674536,0.19047619047619047,1.0
no,Oslo,Jessheim,2026-06-29,19.0,2,2,995.5,,13.946233790824735,0.14705882352941177,1.0
no,Oslo,Jessheim,2026-06-29,21.0,4,4,1142.5,0,10.003545227463558,0.076923076923076927,1.0
no,Oslo,Jessheim,2026-06-29,22.0,4,4,1812.25,0,12.808854974620402,0.060606060606060608,1.0
no,Oslo,Jessheim,2026-06-29,23.0,10,10,2927.3,0,9.0172951919543944,0.19411764705882353,1.0
no,Oslo,Jessheim,2026-06-29,24.0,4,4,6086.75,0,8.0463650675400071,0.10810810810810811,1.0
no,Oslo,Jessheim,2026-06-29,25.0,5,5,3229.4,0,14.485971108947028,0.076923076923076927,1.0
no,Oslo,Jessheim,2026-06-29,26.0,15,15,2702.0,0,10.405536626376376,0.17391304347826086,1.0
no,Oslo,Jessheim,2026-06-29,27.0,19,18,4280.1111111111113,0,8.4075156699236722,0.19387755102040816,0.95121951219512191
no,Oslo,Jessheim,2026-06-29,28.0,5,5,7431.6,0,10.570872668997218,0.22580645161290322,1.0
no,Oslo,Jessheim,2026-06-29,29.0,27,27,3896.1851851851852,0,11.01049638639094,0.20535714285714285,1.0
no,Oslo,Jessheim,2026-06-29,30.0,19,19,5870.5263157894733,0,11.115555732080852,0.22826086956521738,1.0
no,Oslo,Jessheim,2026-06-29,31.0,15,15,6894.4666666666662,0,9.4214658293215887,0.26153846153846155,0.98412698412698407
no,Oslo,Jessheim,2026-06-29,32.0,14,14,5411.3571428571431,0,10.2001102055901,0.16470588235294117,0.98734177215189878
no,Oslo,Jessheim,2026-06-29,33.0,19,19,4928.2105263157891,0,11.885844696683414,0.136986301369863,1.0
no,Oslo,Jessheim,2026-06-29,34.0,3,3,4772.666666666667,0,9.8709893732752239,0.088235294117647065,1.0
no,Oslo,Jessheim,2026-06-29,35.0,23,22,6300.590909090909,0,12.833566217992617,0.17105263157894737,0.98611111111111116
no,Oslo,Jessheim,2026-06-29,36.0,6,6,8529.8,0,8.2669099660878977,0.061855670103092786,0.98305084745762716
no,Oslo,Jessheim,2026-06-29,37.0,5,5,7698.6,0,12.144139829512246,0.086206896551724144,1.0
no,Oslo,Jessheim,2026-06-29,38.0,6,6,8698.5,0,12.714629162626876,0.17857142857142858,1.0
no,Oslo,Jessheim,2026-06-29,39.0,5,5,5444.8,0,13.837202700201669,0.1111111111111111,1.0
no,Oslo,Jessheim,2026-06-29,41.0,4,4,6770.0,0,12.647936016700841,0.25714285714285712,1.0
no,Oslo,Jessheim,2026-06-29,43.0,5,5,3219.6,0,10.192949338798778,0.22857142857142856,1.0
no,Oslo,Jessheim,2026-06-30,,2,1,1444.0,0.507389163,42.0,0.1,0.0
no,Oslo,Jessheim,2026-06-30,18.0,5,5,1367.4,0,6.9437854296324257,0.0851063829787234,0.97777777777777775
no,Oslo,Jessheim,2026-06-30,22.0,10,9,3616.6666666666665,0,4.9265543388751079,0.21428571428571427,0.98461538461538467
no,Oslo,Jessheim,2026-06-30,23.0,4,4,4785.25,0,6.2459433513772735,0.10810810810810811,0.94285714285714284
no,Oslo,Jessheim,2026-06-30,24.0,6,6,6574.333333333333,0,4.7115081118891577,0.10126582278481013,1.0
no,Oslo,Jessheim,2026-06-30,25.0,2,2,2736.0,0,11.243396239473739,0.0,0.94736842105263153
no,Oslo,Jessheim,2026-06-30,26.0,8,8,3703.75,0,12.379158450804157,0.21951219512195122,1.0
no,Oslo,Jessheim,2026-06-30,27.0,8,8,4764.75,0,6.1210465104799594,0.066666666666666666,0.98611111111111116
no,Oslo,Jessheim,2026-06-30,28.0,2,2,6038.0,0,8.855970786429527,0.0625,1.0
no,Oslo,Jessheim,2026-06-30,29.0,24,24,5842.208333333333,0,9.6917045833620055,0.18965517241379309,0.99082568807339455
no,Oslo,Jessheim,2026-06-30,30.0,2,2,10137.0,0,9.6390779420539765,0.23809523809523808,1.0
no,Oslo,Jessheim,2026-06-30,31.0,38,38,6381.6315789473683,0,12.390278496558548,0.13756613756613756,0.9942196531791907
no,Oslo,Jessheim,2026-06-30,32.0,23,23,6012.391304347826,0,12.771988884049163,0.16541353383458646,0.95726495726495731
no,Oslo,Jessheim,2026-06-30,33.0,10,10,9596.6,0,9.178849276482973,0.23529411764705882,1.0
no,Oslo,Jessheim,2026-06-30,34.0,19,19,5852.3684210526317,0,13.598497624004409,0.13664596273291926,0.97241379310344822
no,Oslo,Jessheim,2026-06-30,35.0,6,6,6804.666666666667,0,8.1486607048139437,0.136986301369863,1.0
no,Oslo,Jessheim,2026-06-30,36.0,9,9,4612.1111111111113,0,12.834697583512186,0.15625,1.0
no,Oslo,Jessheim,2026-06-30,37.0,28,28,6902.75,0,13.30001668540087,0.17197452229299362,0.97902097902097907
no,Oslo,Jessheim,2026-06-30,38.0,7,7,3848.1428571428573,0.064811984,10.798832046017329,0.18181818181818182,0.95121951219512191
no,Oslo,Jessheim,2026-06-30,41.0,9,9,10107.555555555555,0.035216659,13.219151396344706,0.19444444444444445,0.96875
no,Oslo,Jessheim,2026-06-30,46.0,8,8,8770.125,0.112733321,13.15392656575599,0.11904761904761904,0.922077922077922
no,Oslo,Lillestrom,2025-07-01,,3,3,3600.3333333333335,0,12.335286814017369,0.1388888888888889,0.5
no,Oslo,Lillestrom,2025-07-01,15.0,3,3,2618.0,0,5.69711330635174,0.25,1.0
no,Oslo,Lillestrom,2025-07-01,16.0,1,1,3863.0,0,3.434280078145441,0.30769230769230771,1.0
no,Oslo,Lillestrom,2025-07-01,18.0,3,3,4040.0,0,4.9867826906746826,0.27272727272727271,1.0
no,Oslo,Lillestrom,2025-07-01,21.0,37,36,2447.6111111111113,0,6.4286334392992437,0.265625,0.98275862068965514
no,Oslo,Lillestrom,2025-07-01,22.0,36,36,3326.8611111111113,0,9.5791336178099922,0.27433628318584069,1.0
no,Oslo,Lillestrom,2025-07-01,23.0,23,22,3161.3636363636365,0,7.4286894259600995,0.24691358024691357,1.0
no,Oslo,Lillestrom,2025-07-01,24.0,52,52,3512.4313725490197,0,10.030202552442756,0.31210191082802546,1.0
no,Oslo,Lillestrom,2025-07-01,25.0,149,143,3518.751724137931,0,11.083911158819797,0.24871794871794872,0.98826979472140764
no,Oslo,Lillestrom,2025-07-01,26.0,73,72,2737.4027777777778,0,12.670183324577565,0.17622950819672131,0.95774647887323938
no,Oslo,Lillestrom,2025-07-01,27.0,116,115,2989.1754385964914,0,10.905797776386084,0.24207492795389049,0.9838709677419355
no,Oslo,Lillestrom,2025-07-01,28.0,122,120,3513.175,0,11.323901667215953,0.25,0.990506329113924
no,Oslo,Lillestrom,2025-07-01,29.0,184,183,3429.0710382513662,0,11.69185535252881,0.27290076335877861,0.997867803837953
no,Oslo,Lillestrom,2025-07-01,30.0,25,25,3642.76,0,11.930577341354137,0.23863636363636365,0.96296296296296291
no,Oslo,Lillestrom,2025-07-01,31.0,62,60,3195.622950819672,0.00736298,12.922434913087253,0.28804347826086957,0.98181818181818181
no,Oslo,Lillestrom,2025-07-01,32.0,3,3,5456.333333333333,0,4.7661606439251871,0.13793103448275862,0.96153846153846156
no,Oslo,Lillestrom,2025-07-01,33.0,72,70,3675.1666666666665,0,14.244078208545291,0.24864864864864866,0.9942196531791907
no,Oslo,Lillestrom,2025-07-01,35.0,17,17,3975.705882352941,0,14.947572007204776,0.29545454545454547,0.975609756097561
no,Oslo,Lillestrom,2025-07-02,,9,9,4801.8888888888887,0,0.24657534246575341,0.12328767123287671,1.0
no,Oslo,Lillestrom,2025-07-02,19.0,7,7,2278.0,0,8.0455851249900689,0.22580645161290322,1.0
no,Oslo,Lillestrom,2025-07-02,20.0,7,7,2790.7142857142858,0,7.2118243678150584,0.089552238805970144,1.0
no,Oslo,Lillestrom,2025-07-02,21.0,67,66,2592.651515151515,0,8.856887807083595,0.21428571428571427,0.973404255319149
no,Oslo,Lillestrom,2025-07-02,22.0,15,15,2757.8666666666668,0,6.546215052741255,0.25,1.0
no,Oslo,Lillestrom,2025-07-02,23.0,102,100,3397.5049504950493,0,8.0305426365436574,0.2062937062937063,0.99196787148594379
no,Oslo,Lillestrom,2025-07-02,24.0,78,75,3230.5263157894738,0,9.23459819261774,0.24796747967479674,1.0
no,Oslo,Lillestrom,2025-07-02,25.0,42,41,3240.7804878048782,0,9.6608847094727146,0.23668639053254437,0.987012987012987
no,Oslo,Lillestrom,2025-07-02,26.0,211,206,3359.8325358851675,0,9.9712947639744325,0.27766990291262134,0.99562363238512031
no,Oslo,Lillestrom,2025-07-02,27.0,35,33,3468.848484848485,0,11.527262135851197,0.28735632183908044,0.98666666666666669
no,Oslo,Lillestrom,2025-07-02,28.0,210,205,3445.0676328502414,0,10.891748620058863,0.30043859649122806,0.99748743718592969
no,Oslo,Lillestrom,2025-07-02,29.0,142,139,3346.1347517730496,0,10.656440360099692,0.286697247706422,0.9949874686716792
no,Oslo,Lillestrom,2025-07-02,30.0,67,65,4133.7164179104475,0,11.838101183173718,0.27403846153846156,1.0
no,Oslo,Lillestrom,2025-07-02,31.0,10,10,4981.7,0,9.6008457369667948,0.25,1.0
no,Oslo,Lillestrom,2025-07-02,33.0,26,25,4114.96,0,13.520648228542038,0.26760563380281688,0.96721311475409832
no,Oslo,Lillestrom,2025-07-02,34.0,6,6,4049.0,0,15.346064262402567,0.1875,1.0
no,Oslo,Lillestrom,2025-07-03,,4,4,4365.25,0,2.372777039312556,0.12121212121212122,1.0
no,Oslo,Lillestrom,2025-07-03,20.0,59,58,3074.7931034482758,0,5.8943983101924484,0.25287356321839083,1.0
no,Oslo,Lillestrom,2025-07-03,21.0,36,35,3729.7714285714287,0,7.8446505413258372,0.27731092436974791,0.98039215686274506
no,Oslo,Lillestrom,2025-07-03,22.0,63,63,3577.1904761904761,0,6.4605448814991462,0.27317073170731709,0.99444444444444446
no,Oslo,Lillestrom,2025-07-03,23.0,195,193,3193.6546391752577,0,7.4783161838501844,0.25223613595706618,0.99371069182389937
no,Oslo,Lillestrom,2025-07-03,24.0,213,209,3307.1619047619047,0,6.8424989335029149,0.295668549905838,0.98478260869565215
no,Oslo,Lillestrom,2025-07-03,25.0,53,52,2845.4230769230771,0,7.293649565575083,0.27857142857142858,0.992
no,Oslo,Lillestrom,2025-07-03,26.0,233,226,3885.0655021834059,0,8.5086289977359044,0.28752260397830021,0.993801652892562
no,Oslo,Lillestrom,2025-07-03,27.0,165,165,3831.6606060606059,0,9.527372598111409,0.29268292682926828,0.994535519125683
no,Oslo,Lillestrom,2025-07-03,28.0,6,6,4526.5,0,14.214610632457193,0.29411764705882354,1.0
no,Oslo,Lillestrom,2025-07-03,29.0,7,7,4878.4285714285716,0,9.6949132251808123,0.25,1.0
no,Oslo,Lillestrom,2025-07-03,30.0,35,33,3997.9117647058824,0,7.7672622792548589,0.25454545454545452,1.0
no,Oslo,Lillestrom,2025-07-04,,5,4,3985.5,0,0.75,0.1875,1.0
no,Oslo,Lillestrom,2025-07-04,17.0,7,7,1445.1428571428571,0,3.4241042219565441,0.21212121212121213,1.0
no,Oslo,Lillestrom,2025-07-04,18.0,6,6,2095.8333333333335,0,9.045005917223552,0.21052631578947367,1.0
no,Oslo,Lillestrom,2025-07-04,19.0,15,15,3421.5333333333333,0,4.3046403852935189,0.11320754716981132,1.0
no,Oslo,Lillestrom,2025-07-04,20.0,10,10,2693.3,0,1.3606337593992259,0.16666666666666666,1.0
no,Oslo,Lillestrom,2025-07-04,21.0,121,117,2993.85593220339,0,7.4460431868650581,0.27131782945736432,0.98717948717948723
no,Oslo,Lillestrom,2025-07-04,22.0,191,186,3447.6505376344085,0,5.6451754006881112,0.25641025641025639,0.99542334096109841
no,Oslo,Lillestrom,2025-07-04,23.0,213,207,3407.2270531400968,0,6.537124881910942,0.28985507246376813,0.98962655601659755
no,Oslo,Lillestrom,2025-07-04,24.0,296,291,3558.9518900343642,0,5.6809179259052005,0.29274292742927427,0.9888579387186629
no,Oslo,Lillestrom,2025-07-04,25.0,239,235,3679.5949367088606,0,4.0254290565000295,0.27027027027027029,0.9932659932659933
no,Oslo,Lillestrom,2025-07-04,26.0,50,50,3704.18,0,6.3010561251195574,0.2537313432835821,1.0
no,Oslo,Lillestrom,2025-07-04,27.0,1,1,1771.0,0,5.8351951679168739,0.071428571428571425,0.92307692307692313
no,Oslo,Lillestrom,2025-07-04,28.0,11,11,4407.181818181818,0,8.2600940594801919,0.1702127659574468,1.0
no,Oslo,Lillestrom,2025-07-04,38.0,4,4,4416.0,0,8.4494379832580151,0.22222222222222221,1.0
no,Oslo,Lillestrom,2025-07-05,,3,3,5505.333333333333,0,6.9767441860465116,0.16279069767441862,0.48648648648648651
no,Oslo,Lillestrom,2025-07-05,18.0,5,4,1516.0,0,5.5058718268249258,0.14814814814814814,1.0
no,Oslo,Lillestrom,2025-07-05,20.0,56,56,2763.9107142857142,0,6.5157326280178909,0.27374301675977653,0.98742138364779874
no,Oslo,Lillestrom,2025-07-05,21.0,64,62,2848.5079365079364,0,6.9082481926972346,0.2375,0.97902097902097907
no,Oslo,Lillestrom,2025-07-05,22.0,166,165,3454.5421686746986,0,5.9057311247155173,0.27746741154562382,0.99794238683127567
no,Oslo,Lillestrom,2025-07-05,23.0,160,159,3391.1006289308175,0,6.333850059574563,0.29896907216494845,0.98250728862973757
no,Oslo,Lillestrom,2025-07-05,24.0,269,265,3403.2943396226415,0,7.4210457689519691,0.31794871794871793,0.99613899613899615
no,Oslo,Lillestrom,2025-07-05,25.0,261,258,3617.1814671814673,0,8.2548668894826065,0.2857142857142857,0.98793103448275865
no,Oslo,Lillestrom,2025-07-05,26.0,236,234,3497.43347639485,0,9.1145340577618867,0.30756578947368424,0.98878504672897194
no,Oslo,Lillestrom,2025-07-05,27.0,34,34,3295.5,0,12.493555415672921,0.32051282051282054,1.0
no,Oslo,Lillestrom,2025-07-05,28.0,115,114,3260.4173913043478,0.001527797,10.795966773653955,0.26615969581749049,0.98689956331877726
no,Oslo,Lillestrom,2025-07-05,29.0,29,29,3323.4827586206898,0,15.094071942646716,0.32051282051282054,0.98571428571428577
no,Oslo,Lillestrom,2025-07-05,30.0,9,6,3606.1666666666665,0,12.786457717457909,0.11538461538461539,0.85
no,Oslo,Lillestrom,2025-07-06,,7,6,4492.166666666667,0,5.2245376912661756,0.125,0.13513513513513514
no,Oslo,Lillestrom,2025-07-06,16.0,14,14,2843.5714285714284,0,2.5880712064463864,0.27142857142857141,1.0
no,Oslo,Lillestrom,2025-07-06,18.0,6,6,2720.8333333333335,0,-0.0050710253071373015,0.23809523809523808,1.0
no,Oslo,Lillestrom,2025-07-06,19.0,95,95,2850.0315789473684,0,2.3149111925177821,0.21348314606741572,0.98776758409785936
no,Oslo,Lillestrom,2025-07-06,20.0,111,107,3083.0462962962961,0,2.9706768506517305,0.26133333333333331,0.98776758409785936
no,Oslo,Lillestrom,2025-07-06,21.0,155,153,3282.1096774193547,0,2.0234820242639726,0.32518337408312958,0.99724517906336085
no,Oslo,Lillestrom,2025-07-06,22.0,379,373,3393.4598930481284,0,3.514213812553443,0.27626050420168069,0.98354876615746178
no,Oslo,Lillestrom,2025-07-06,23.0,257,254,3587.2862745098041,0,1.494325805714048,0.30151515151515151,0.98641765704584039
no,Oslo,Lillestrom,2025-07-06,24.0,388,381,3749.8062827225131,0,2.2307750712374035,0.298828125,0.98897464167585447
no,Oslo,Lillestrom,2025-07-06,25.0,93,92,3724.4516129032259,0,1.37947040059158,0.30212765957446808,0.99061032863849763
no,Oslo,Lillestrom,2025-07-06,26.0,31,31,3840.6451612903224,0,5.9914795492134605,0.2857142857142857,0.971830985915493
no,Oslo,Lillestrom,2025-07-07,,5,5,4238.0,0,0.0,0.061224489795918366,0.9
no,Oslo,Lillestrom,2025-07-07,13.0,3,3,1318.3333333333333,0,4.2631578947368425,0.21052631578947367,1.0
no,Oslo,Lillestrom,2025-07-07,18.0,18,17,3454.3529411764707,0,4.8939399657637974,0.25396825396825395,0.98039215686274506
no,Oslo,Lillestrom,2025-07-07,19.0,27,26,3036.7307692307691,0,5.3613799926771382,0.23008849557522124,1.0
no,Oslo,Lillestrom,2025-07-07,20.0,47,45,2783.9347826086955,0,7.60444072995899,0.28346456692913385,0.981651376146789
no,Oslo,Lillestrom,2025-07-07,21.0,14,14,3009.7142857142858,0,5.0934353992279462,0.25423728813559321,1.0
no,Oslo,Lillestrom,2025-07-07,22.0,34,33,2611.2727272727275,0,6.8551480144260077,0.2073170731707317,1.0
no,Oslo,Lillestrom,2025-07-07,23.0,87,82,3387.5432098765432,0,7.8094274730568518,0.24230769230769231,0.97787610619469023
no,Oslo,Lillestrom,2025-07-07,24.0,84,83,3197.8433734939758,0,7.7714472021713243,0.23728813559322035,0.995260663507109
no,Oslo,Lillestrom,2025-07-07,25.0,119,117,3134.093220338983,0,9.8799972559004381,0.28434504792332266,0.97744360902255634
no,Oslo,Lillestrom,2025-07-07,26.0,191,188,3407.136842105263,0,8.6374667425513447,0.26958105646630237,0.995850622406639
no,Oslo,Lillestrom,2025-07-07,27.0,88,87,3313.5402298850577,0,10.294254461176312,0.27083333333333331,0.99004975124378114
no,Oslo,Lillestrom,2025-07-07,28.0,61,60,3543.6333333333332,0,10.569385330715464,0.2822085889570552,1.0
no,Oslo,Lillestrom,2025-07-07,29.0,91,89,3571.6555555555556,0,9.55386662519233,0.23293172690763053,0.99563318777292575
no,Oslo,Lillestrom,2025-07-07,30.0,5,5,3630.0,0,10.792414589529976,0.2,1.0
no,Oslo,Lillestrom,2025-07-07,31.0,22,21,4643.8571428571431,0,13.052093094785345,0.22413793103448276,1.0
no,Oslo,Lillestrom,2025-07-07,32.0,6,5,2623.6,0,17.217338650434581,0.068965517241379309,0.88
no,Oslo,Lillestrom,2025-07-07,33.0,10,10,5174.1,0,12.272558909243378,0.15384615384615385,0.91176470588235292
no,Oslo,Lillestrom,2025-07-08,,1,1,2367.0,,0.0,0.0,1.0
no,Oslo,Lillestrom,2025-07-08,15.0,4,4,2343.75,0,2.9038073306285885,0.071428571428571425,0.9285714285714286
no,Oslo,Lillestrom,2025-07-08,18.0,8,8,1611.875,0,6.5618685098295551,0.1111111111111111,1.0
no,Oslo,Lillestrom,2025-07-08,19.0,4,4,2688.25,0,4.5924688643056051,0.10344827586206896,1.0
no,Oslo,Lillestrom,2025-07-08,20.0,35,35,2580.3714285714286,0,5.6301167667110867,0.24812030075187969,0.99159663865546221
no,Oslo,Lillestrom,2025-07-08,21.0,7,7,2397.5714285714284,0,4.3722490980563542,0.2,1.0
no,Oslo,Lillestrom,2025-07-08,23.0,84,83,2974.3132530120483,0,7.4517264841296,0.22483221476510068,0.99618320610687028
no,Oslo,Lillestrom,2025-07-08,24.0,60,59,2943.55,0,8.7034595588908452,0.27932960893854747,0.99367088607594933
no,Oslo,Lillestrom,2025-07-08,25.0,125,122,3608.3821138211383,0,9.4327079415011443,0.24864864864864866,0.98742138364779874
no,Oslo,Lillestrom,2025-07-08,26.0,142,140,3033.0845070422533,0,10.094220121121941,0.27272727272727271,0.9943820224719101
no,Oslo,Lillestrom,2025-07-08,27.0,151,150,3791.0728476821191,0,9.9139667544619741,0.2875,0.99428571428571433
no,Oslo,Lillestrom,2025-07-08,28.0,123,122,3579.1382113821137,0,10.727568752218582,0.281786941580756,0.99606299212598426
no,Oslo,Lillestrom,2025-07-08,29.0,7,6,3680.5,0,15.344460077913194,0.064516129032258063,0.9642857142857143
no,Oslo,Lillestrom,2025-07-08,30.0,95,94,3961.6489361702129,0,10.923270591567855,0.23643410852713179,0.98672566371681414
no,Oslo,Lillestrom,2025-07-08,31.0,17,17,4207.1764705882351,0,10.439813302693294,0.20652173913043478,0.975609756097561
no,Oslo,Lillestrom,2025-07-08,32.0,26,25,5456.8,0,12.498695920565378,0.17857142857142858,0.98630136986301364
no,Oslo,Lillestrom,2025-07-08,35.0,1,1,5640.0,,8.9445363449782,0.22222222222222221,1.0
no,Oslo,Lillestrom,2025-07-09,,3,3,1864.3333333333333,0,0.0,0.076923076923076927,0.7142857142857143
no,Oslo,Lillestrom,2025-07-09,19.0,15,15,2408.6,0,8.3969639972855035,0.29545454545454547,1.0
no,Oslo,Lillestrom,2025-07-09,20.0,8,8,3304.875,0,4.3562123709588736,0.25714285714285712,1.0
no,Oslo,Lillestrom,2025-07-09,21.0,5,5,2742.2,0,4.2845276036543138,0.36363636363636365,1.0
no,Oslo,Lillestrom,2025-07-09,22.0,80,79,3139.6582278481014,0,8.36214858651715,0.23118279569892472,0.98076923076923073
no,Oslo,Lillestrom,2025-07-09,23.0,79,76,3396.0657894736842,0,7.8175724588039852,0.25896414342629481,0.99111111111111116
no,Oslo,Lillestrom,2025-07-09,24.0,98,98,3090.1020408163267,0,8.6406806558265981,0.26950354609929078,0.98393574297188757
no,Oslo,Lillestrom,2025-07-09,25.0,166,164,3493.439024390244,0,7.8209252278262245,0.24938875305623473,0.9838709677419355
no,Oslo,Lillestrom,2025-07-09,26.0,155,155,3379.3290322580647,0,9.3366525612609426,0.29064039408866993,0.9833795013850416
no,Oslo,Lillestrom,2025-07-09,27.0,158,155,3684.4871794871797,0,9.4113517990548452,0.28981723237597912,0.99698795180722888
no,Oslo,Lillestrom,2025-07-09,28.0,82,78,4233.6962025316452,0,9.7127031772232755,0.25912408759124089,0.98755186721991706
no,Oslo,Lillestrom,2025-07-09,29.0,88,87,3488.9302325581393,0,10.51856058754419,0.18688524590163935,0.99624060150375937
no,Oslo,Lillestrom,2025-07-09,32.0,34,34,4720.911764705882,0,7.5813269594071544,0.23456790123456789,0.98550724637681164
no,Oslo,Lillestrom,2025-07-09,35.0,5,5,4906.0,0,20.168749702576292,0.066666666666666666,1.0
no,Oslo,Lillestrom,2025-07-10,,3,3,5801.333333333333,0,0.0,0.066666666666666666,0.75
no,Oslo,Lillestrom,2025-07-10,14.0,6,6,1970.3333333333333,0,5.6384025033231113,0.2857142857142857,1.0
no,Oslo,Lillestrom,2025-07-10,16.0,5,4,2639.5,0,4.9523212643958114,0.21875,1.0
no,Oslo,Lillestrom,2025-07-10,17.0,3,3,2850.3333333333335,0,10.154276384659731,0.15,0.94444444444444442
no,Oslo,Lillestrom,2025-07-10,18.0,5,5,2483.6,0,2.9967784898136118,0.25,1.0
no,Oslo,Lillestrom,2025-07-10,20.0,7,5,2274.5714285714284,0,8.1019606587224686,0.4,1.0
no,Oslo,Lillestrom,2025-07-10,21.0,7,7,3111.7142857142858,0,14.1611792983908,0.1875,0.93333333333333335
no,Oslo,Lillestrom,2025-07-10,22.0,7,7,3206.8571428571427,0,6.6505520493945918,0.23076923076923078,1.0
no,Oslo,Lillestrom,2025-07-10,23.0,131,128,3057.9224806201551,0,7.31782630138571,0.2978723404255319,0.99109792284866471
no,Oslo,Lillestrom,2025-07-10,24.0,128,126,2942.968253968254,0,9.102609979930218,0.24040920716112532,0.97005988023952094
no,Oslo,Lillestrom,2025-07-10,25.0,194,189,3175.8952879581152,0,9.8782823452272872,0.26597938144329897,0.99058823529411766
no,Oslo,Lillestrom,2025-07-10,26.0,151,148,3659.2466666666664,0,9.36841162941126,0.28387096774193549,0.99523809523809526
no,Oslo,Lillestrom,2025-07-10,27.0,132,132,3159.6412213740459,0,8.7432676149925967,0.2625,0.98947368421052628
no,Oslo,Lillestrom,2025-07-10,28.0,154,152,3628.4210526315787,0,11.001495794411758,0.27638190954773867,0.98853868194842409
no,Oslo,Lillestrom,2025-07-10,29.0,37,37,4349.5135135135133,0,10.084902854264621,0.23728813559322035,1.0
no,Oslo,Lillestrom,2025-07-10,30.0,17,17,3696.9375,0,12.089145630423458,0.21739130434782608,1.0
no,Oslo,Lillestrom,2025-07-10,31.0,51,46,4413.521739130435,0,13.995586007924336,0.28205128205128205,0.94
no,Oslo,Lillestrom,2025-07-10,36.0,2,2,7012.5,0,14.73973352224,0.14814814814814814,1.0
no,Oslo,Lillestrom,2025-07-11,,5,5,5400.2,0,3.4672085262718055,0.11627906976744186,0.68965517241379315
no,Oslo,Lillestrom,2025-07-11,19.0,4,4,2237.75,0,4.5984383632532,0.33333333333333331,1.0
no,Oslo,Lillestrom,2025-07-11,20.0,15,15,2492.2,0,6.8896494570178417,0.17857142857142858,0.95918367346938771
no,Oslo,Lillestrom,2025-07-11,21.0,40,39,2974.5,0.016504854,7.2430795551795715,0.24031007751937986,1.0
no,Oslo,Lillestrom,2025-07-11,22.0,68,66,3270.439393939394,0,6.2008338738340445,0.22519083969465647,1.0
no,Oslo,Lillestrom,2025-07-11,23.0,71,71,3199.7183098591549,0,7.2653691321818235,0.28828828828828829,0.99484536082474229
no,Oslo,Lillestrom,2025-07-11,24.0,153,150,3266.2666666666669,0,6.6132520651329267,0.25869565217391305,0.99754299754299758
no,Oslo,Lillestrom,2025-07-11,25.0,368,364,3522.0192837465565,0,6.8693461823423716,0.27135135135135136,0.98789346246973364
no,Oslo,Lillestrom,2025-07-11,26.0,208,202,3683.6206896551726,0.002739211,7.893170032870346,0.28380634390651083,0.99021526418786687
no,Oslo,Lillestrom,2025-07-11,27.0,77,75,3526.9078947368421,0,6.4481489956019757,0.24378109452736318,1.0
no,Oslo,Lillestrom,2025-07-11,28.0,13,13,3895.6923076923076,0,9.0143848858586413,0.16326530612244897,0.95348837209302328
no,Oslo,Lillestrom,2025-07-11,29.0,20,20,3509.85,0,13.03566742822901,0.20289855072463769,0.96296296296296291
no,Oslo,Lillestrom,2025-07-11,30.0,50,49,3556.9387755102039,0,13.31358190510506,0.22794117647058823,0.97520661157024791
no,Oslo,Lillestrom,2025-07-11,32.0,11,11,3615.5454545454545,0.26539348,15.02030875204207,0.13333333333333333,1.0
no,Oslo,Lillestrom,2025-07-11,36.0,17,17,5730.1875,0,13.073117756723782,0.2608695652173913,1.0
no,Oslo,Lillestrom,2025-07-11,39.0,6,6,4459.5,0,16.968856551950694,0.0967741935483871,0.8214285714285714
no,Oslo,Lillestrom,2025-07-12,,4,4,5620.25,0,0.0,0.16666666666666666,0.1111111111111111
no,Oslo,Lillestrom,2025-07-12,19.0,13,13,2680.3846153846152,0,3.0349765744754671,0.33333333333333331,1.0
no,Oslo,Lillestrom,2025-07-12,20.0,26,26,3183.6153846153848,0,4.4729268720847086,0.28985507246376813,1.0
no,Oslo,Lillestrom,2025-07-12,21.0,106,103,3070.7884615384614,0,4.3123824441897254,0.2537313432835821,0.99239543726235746
no,Oslo,Lillestrom,2025-07-12,22.0,156,153,2923.2532467532469,0,5.1322506326205461,0.26097560975609757,0.98652291105121293
no,Oslo,Lillestrom,2025-07-12,23.0,155,154,3330.87012987013,0,5.69856018585728,0.30303030303030304,0.99416909620991256
no,Oslo,Lillestrom,2025-07-12,24.0,301,298,3278.6120401337794,0,6.1760038018823744,0.30913978494623656,0.993920972644377
no,Oslo,Lillestrom,2025-07-12,25.0,133,132,3991.030534351145,0,4.267227635745277,0.26392251815980627,1.0
no,Oslo,Lillestrom,2025-07-12,26.0,91,91,4486.9120879120883,0,7.1691939811408405,0.26341463414634148,0.994413407821229
no,Oslo,Lillestrom,2025-07-12,27.0,90,90,3922.0222222222224,0,5.5250040408494927,0.26315789473684209,0.99078341013824889
no,Oslo,Lillestrom,2025-07-12,28.0,50,50,3643.5,0,11.503520560886836,0.25609756097560976,0.97752808988764039
no,Oslo,Lillestrom,2025-07-12,29.0,42,41,4273.9047619047615,0,8.8844144272167416,0.30357142857142855,0.97959183673469385
no,Oslo,Lillestrom,2025-07-12,30.0,5,5,4958.2,0,8.418677137676907,0.16,1.0
no,Oslo,Lillestrom,2025-07-12,31.0,5,4,3238.75,0,12.865691754512856,0.25925925925925924,1.0
no,Oslo,Lillestrom,2025-07-12,32.0,12,10,4092.5,0,12.316441226252827,0.25,1.0
no,Oslo,Lillestrom,2025-07-12,41.0,3,2,3496.0,0,16.985166284023979,0.043478260869565216,0.85
no,Oslo,Lillestrom,2025-07-13,,3,3,1928.6666666666667,0,0.0,0.083333333333333329,0.66666666666666663
no,Oslo,Lillestrom,2025-07-13,17.0,11,11,3360.090909090909,0,2.4237410612200265,0.32432432432432434,0.94594594594594594
no,Oslo,Lillestrom,2025-07-13,18.0,16,16,2824.875,0,6.36983145027814,0.30612244897959184,0.95744680851063835
no,Oslo,Lillestrom,2025-07-13,19.0,10,10,2855.1,0,0.69785337106447676,0.33333333333333331,1.0
no,Oslo,Lillestrom,2025-07-13,20.0,46,46,3017.0,0,4.5048071832605565,0.26020408163265307,0.98857142857142855
no,Oslo,Lillestrom,2025-07-13,21.0,16,16,5004.6875,0,5.5251332700353952,0.35,0.98113207547169812
no,Oslo,Lillestrom,2025-07-13,22.0,63,62,3969.2580645161293,0,6.5845973285059083,0.26011560693641617,0.98013245033112584
no,Oslo,Lillestrom,2025-07-13,23.0,46,44,4578.795454545455,0,6.1021927336619859,0.23809523809523808,1.0
no,Oslo,Lillestrom,2025-07-13,24.0,106,105,3543.0188679245284,0,6.1032655748390487,0.2857142857142857,0.98859315589353614
no,Oslo,Lillestrom,2025-07-13,25.0,52,48,3881.6041666666665,0,8.0433997525599654,0.32110091743119268,0.98888888888888893
no,Oslo,Lillestrom,2025-07-13,26.0,81,79,3647.6075949367087,0,8.1211813243966784,0.26582278481012656,0.9371980676328503
no,Oslo,Lillestrom,2025-07-13,27.0,154,151,3716.5460526315787,0,9.8493377803393347,0.31380753138075312,0.99078341013824889
no,Oslo,Lillestrom,2025-07-13,28.0,162,158,3626.1006289308175,0,9.4060779845873483,0.32199546485260772,0.99257425742574257
no,Oslo,Lillestrom,2025-07-13,29.0,279,276,3782.294964028777,0,10.936671095149041,0.2975871313672922,0.99112426035502954
no,Oslo,Lillestrom,2025-07-13,30.0,270,263,3497.4847328244273,0,11.350038661515581,0.29519071310116085,0.98381294964028776
no,Oslo,Lillestrom,2025-07-13,31.0,63,63,2928.5079365079364,0,12.890909528151106,0.2857142857142857,0.99224806201550386
no,Oslo,Lillestrom,2025-07-13,32.0,231,226,4070.7938596491226,0,11.885047680145153,0.33973128598848368,0.991578947368421
no,Oslo,Lillestrom,2025-07-13,33.0,58,58,3226.5862068965516,0,13.18782167796437,0.30769230769230771,0.98484848484848486
no,Oslo,Lillestrom,2025-07-13,34.0,58,57,3156.280701754386,0,13.75832105368085,0.30833333333333335,0.98058252427184467
no,Oslo,Lillestrom,2025-07-13,37.0,1,1,8008.0,0,8.2320532655619978,0.0,0.0
no,Oslo,Lillestrom,2025-07-14,,3,3,2576.6666666666665,0,0.0,0.0,1.0
no,Oslo,Lillestrom,2025-07-14,20.0,16,16,3374.75,0,6.4296888432755273,0.25,1.0
no,Oslo,Lillestrom,2025-07-14,21.0,19,19,2745.0,0,6.0651895628540515,0.203125,1.0
no,Oslo,Lillestrom,2025-07-14,22.0,28,28,3035.6785714285716,0,6.81736996591765,0.24210526315789474,0.9875
no,Oslo,Lillestrom,2025-07-14,23.0,29,28,3752.1428571428573,0,6.505881059797944,0.18055555555555555,1.0
no,Oslo,Lillestrom,2025-07-14,24.0,7,7,3749.2857142857142,0,7.278256466706158,0.14285714285714285,1.0
no,Oslo,Lillestrom,2025-07-14,25.0,23,22,3557.8636363636365,0,8.085500698003921,0.1415929203539823,0.97872340425531912
no,Oslo,Lillestrom,2025-07-14,26.0,21,21,2924.3809523809523,0,8.8110409523637454,0.15384615384615385,1.0
no,Oslo,Lillestrom,2025-07-14,27.0,30,30,3528.8333333333335,0,9.1604382235607851,0.20535714285714285,0.98058252427184467
no,Oslo,Lillestrom,2025-07-14,28.0,119,119,3809.90756302521,0,11.366739847853303,0.26600985221674878,0.9802816901408451
no,Oslo,Lillestrom,2025-07-14,29.0,76,72,2820.0138888888887,0.003597893,13.378601324136197,0.30964467005076141,1.0
no,Oslo,Lillestrom,2025-07-14,30.0,59,59,3690.8305084745762,0,10.144095967272078,0.27388535031847133,0.99275362318840576
no,Oslo,Lillestrom,2025-07-14,32.0,103,103,3581.5728155339807,0,11.809858657376541,0.30078125,0.9913419913419913
no,Oslo,Lillestrom,2025-07-14,33.0,154,154,3354.6883116883118,0.002514752,14.544391755167617,0.25909090909090909,0.987146529562982
no,Oslo,Lillestrom,2025-07-14,34.0,153,149,3664.2953020134228,0,14.964823129792366,0.23991507430997877,0.99268292682926829
no,Oslo,Lillestrom,2025-07-14,35.0,47,47,4519.3829787234044,0,14.31793289862307,0.208955223880597,0.99173553719008267
no,Oslo,Lillestrom,2025-07-14,36.0,62,60,3457.7166666666667,0.007046824,15.539552536184502,0.30303030303030304,0.99305555555555558
no,Oslo,Lillestrom,2025-07-14,37.0,30,30,3606.8333333333335,0,17.54512138607743,0.22772277227722773,1.0
no,Oslo,Lillestrom,2025-07-15,,5,4,2529.5,0.163770053,11.04,0.16,0.083333333333333329
no,Oslo,Lillestrom,2025-07-15,18.0,2,2,924.5,0,7.54755857002943,0.2857142857142857,1.0
no,Oslo,Lillestrom,2025-07-15,19.0,6,6,1606.5,0,5.6354121677510509,0.42857142857142855,1.0
no,Oslo,Lillestrom,2025-07-15,20.0,12,12,2995.0833333333335,0,6.574521948366078,0.24444444444444444,1.0
no,Oslo,Lillestrom,2025-07-15,21.0,21,20,2642.85,0,5.3964888978126586,0.32203389830508472,1.0
no,Oslo,Lillestrom,2025-07-15,23.0,31,30,3150.5666666666666,0,8.0217240488217278,0.31578947368421051,0.98039215686274506
no,Oslo,Lillestrom,2025-07-15,24.0,36,36,2791.8333333333335,0.015337423,7.9580121385062057,0.23015873015873015,0.9907407407407407
no,Oslo,Lillestrom,2025-07-15,25.0,40,36,3745.2162162162163,0,8.4483940089471918,0.22619047619047619,0.94771241830065356
no,Oslo,Lillestrom,2025-07-15,26.0,106,100,2794.3465346534654,0,11.317777977200024,0.22442244224422442,0.98555956678700363
no,Oslo,Lillestrom,2025-07-15,27.0,49,49,3239.5102040816328,0,11.154612424234697,0.22875816993464052,1.0
no,Oslo,Lillestrom,2025-07-15,28.0,117,116,3338.2758620689656,0,10.456132146479991,0.27899686520376177,0.99298245614035086
no,Oslo,Lillestrom,2025-07-15,29.0,179,175,3522.1647727272725,0,12.118976944080195,0.27689243027888444,0.98905908096280093
no,Oslo,Lillestrom,2025-07-15,30.0,102,101,3757.3861386138615,0,12.800363775895089,0.27372262773722628,0.983739837398374
no,Oslo,Lillestrom,2025-07-15,31.0,67,65,4035.8939393939395,0,14.195860422428927,0.2709677419354839,1.0
no,Oslo,Lillestrom,2025-07-15,32.0,95,93,3843.3333333333335,0.006041307,13.241244016526975,0.26811594202898553,0.99606299212598426
no,Oslo,Lillestrom,2025-07-15,33.0,37,35,4135.4864864864867,0.019036614,12.32742241049778,0.24271844660194175,0.98863636363636365
no,Oslo,Lillestrom,2025-07-15,34.0,6,6,4670.166666666667,0.080508475,20.075878531512711,0.22222222222222221,1.0
no,Oslo,Lillestrom,2025-07-15,47.0,3,3,5102.0,0,14.762823475940955,0.0625,0.9285714285714286
no,Oslo,Lillestrom,2025-07-16,,7,6,4211.666666666667,0,3.5744680851063828,0.063829787234042548,1.0
no,Oslo,Lillestrom,2025-07-16,17.0,2,2,1975.0,0,10.062639555385728,0.052631578947368418,1.0
no,Oslo,Lillestrom,2025-07-16,23.0,9,9,2909.5555555555557,0,8.90138073618709,0.27272727272727271,1.0
no,Oslo,Lillestrom,2025-07-16,24.0,13,13,2764.0,0,11.304439254512198,0.19230769230769232,1.0
no,Oslo,Lillestrom,2025-07-16,25.0,46,45,3350.0652173913045,0,11.291768760356419,0.24666666666666667,0.99242424242424243
no,Oslo,Lillestrom,2025-07-16,26.0,13,13,2184.7692307692309,0,13.032075230986576,0.2391304347826087,0.975609756097561
no,Oslo,Lillestrom,2025-07-16,27.0,110,107,3254.6481481481483,0,11.177599165207388,0.23076923076923078,0.96180555555555558
no,Oslo,Lillestrom,2025-07-16,28.0,105,105,3232.0571428571429,0,11.535207606200046,0.25239616613418531,0.989010989010989
no,Oslo,Lillestrom,2025-07-16,29.0,137,137,3504.919708029197,0,11.814177333144466,0.28011204481792717,0.97770700636942676
no,Oslo,Lillestrom,2025-07-16,30.0,161,154,3408.4904458598726,0,13.1827588594342,0.30102040816326531,0.98538011695906436
no,Oslo,Lillestrom,2025-07-16,31.0,89,86,3534.0574712643679,0,13.264723340269539,0.27868852459016391,0.98648648648648651
no,Oslo,Lillestrom,2025-07-16,32.0,79,76,3781.6578947368421,0,13.511312062941416,0.28877005347593582,0.98765432098765427
no,Oslo,Lillestrom,2025-07-16,33.0,22,21,3740.3809523809523,0,12.553320331613811,0.21666666666666667,0.98181818181818181
no,Oslo,Lillestrom,2025-07-16,34.0,136,131,3897.6488549618321,0,14.373367668176686,0.29682997118155618,0.99038461538461542
no,Oslo,Lillestrom,2025-07-16,35.0,54,53,4149.9056603773588,0,12.415080745652391,0.28402366863905326,0.85333333333333339
no,Oslo,Lillestrom,2025-07-16,36.0,18,17,4496.6111111111113,0,14.692818456622886,0.13559322033898305,1.0
no,Oslo,Lillestrom,2025-07-17,,9,9,4948.666666666667,0,2.5174978382487252,0.035087719298245612,0.55769230769230771
no,Oslo,Lillestrom,2025-07-17,21.0,13,13,2148.8461538461538,0,6.2158726144866652,0.26470588235294118,1.0
no,Oslo,Lillestrom,2025-07-17,22.0,11,11,3178.818181818182,0,5.5815899510395495,0.22857142857142856,0.96551724137931039
no,Oslo,Lillestrom,2025-07-17,23.0,22,22,2877.318181818182,0,7.7705831974255961,0.31506849315068491,0.96875
no,Oslo,Lillestrom,2025-07-17,24.0,34,33,2942.0,0,10.215137287775329,0.36792452830188677,0.97777777777777775
no,Oslo,Lillestrom,2025-07-17,25.0,52,52,3203.7692307692309,0,9.2405725261140272,0.2792207792207792,0.99290780141843971
no,Oslo,Lillestrom,2025-07-17,26.0,32,32,4097.78125,0,9.9724983942363785,0.33333333333333331,0.98765432098765427
no,Oslo,Lillestrom,2025-07-17,27.0,177,175,3533.3125,0,9.7471800234847574,0.28,0.98139534883720925
no,Oslo,Lillestrom,2025-07-17,28.0,81,80,3755.8875,0,11.948534934759627,0.2807017543859649,1.0
no,Oslo,Lillestrom,2025-07-17,29.0,167,165,3465.8,0.014193662,11.986232831709914,0.27777777777777779,0.99173553719008267
no,Oslo,Lillestrom,2025-07-17,30.0,35,35,3175.9428571428571,0,12.096449879521488,0.27368421052631581,1.0
no,Oslo,Lillestrom,2025-07-17,31.0,84,81,3740.5125,0.003741018,11.563445086469368,0.28095238095238095,0.98461538461538467
no,Oslo,Lillestrom,2025-07-17,32.0,109,106,3641.6886792452829,0,15.943712545829895,0.32388663967611336,0.99065420560747663
no,Oslo,Lillestrom,2025-07-17,33.0,56,56,3453.6909090909089,0,15.78052584214176,0.25892857142857145,0.94285714285714284
no,Oslo,Lillestrom,2025-07-17,34.0,28,24,3410.8076923076924,0,15.860173298093875,0.36170212765957449,0.95652173913043481
no,Oslo,Lillestrom,2025-07-17,35.0,38,33,3460.794117647059,0,14.592472621093714,0.22950819672131148,0.8990825688073395
no,Oslo,Lillestrom,2025-07-17,36.0,2,2,2108.5,0.386278195,25.595976278930792,0.2,0.52941176470588236
no,Oslo,Lillestrom,2025-07-17,42.0,15,15,6773.6,0,17.99121810027663,0.27027027027027029,0.91428571428571426
no,Oslo,Lillestrom,2025-07-18,,6,6,4286.666666666667,0,0.0,0.075471698113207544,0.83333333333333337
no,Oslo,Lillestrom,2025-07-18,17.0,5,5,2606.0,0,7.0261208510002122,0.30434782608695654,1.0
no,Oslo,Lillestrom,2025-07-18,18.0,8,8,1902.0,0,7.97463186088554,0.17391304347826086,1.0
no,Oslo,Lillestrom,2025-07-18,19.0,7,7,2714.5714285714284,0,4.8299530774169144,0.10526315789473684,1.0
no,Oslo,Lillestrom,2025-07-18,20.0,7,7,2620.5714285714284,0,5.9620637110489589,0.31578947368421051,1.0
no,Oslo,Lillestrom,2025-07-18,21.0,23,23,3020.695652173913,0,5.5614279694152113,0.30337078651685395,0.98734177215189878
no,Oslo,Lillestrom,2025-07-18,22.0,12,12,3721.6666666666665,0,6.0805998614273724,0.16666666666666666,1.0
no,Oslo,Lillestrom,2025-07-18,23.0,77,74,3165.7368421052633,0,7.9040496884735116,0.2594142259414226,1.0
no,Oslo,Lillestrom,2025-07-18,24.0,49,48,3696.7708333333335,0,7.0702616675262657,0.272,0.98245614035087714
no,Oslo,Lillestrom,2025-07-18,25.0,83,80,3050.8,0,8.6009900771284524,0.28455284552845528,0.99532710280373837
no,Oslo,Lillestrom,2025-07-18,26.0,157,154,3876.4645161290323,0,7.9212106726891127,0.22799097065462753,0.99497487437185927
no,Oslo,Lillestrom,2025-07-18,27.0,187,184,3189.8432432432433,0,9.8409857471683573,0.28708133971291866,0.99463806970509383
no,Oslo,Lillestrom,2025-07-18,28.0,137,135,3575.3088235294117,0,9.87467365471183,0.34383954154727792,0.99041533546325877
no,Oslo,Lillestrom,2025-07-18,29.0,228,225,3790.2699115044247,0,10.218650081209994,0.31198347107438018,0.98831775700934577
no,Oslo,Lillestrom,2025-07-18,31.0,47,47,5118.2978723404258,0,11.031821727442409,0.26050420168067229,1.0
no,Oslo,Lillestrom,2025-07-18,33.0,28,28,4022.1785714285716,0,11.503341239903154,0.38805970149253732,1.0
no,Oslo,Lillestrom,2025-07-18,35.0,9,9,4821.5555555555557,0,9.3093947744184469,0.27777777777777779,1.0
no,Oslo,Lillestrom,2025-07-19,,4,4,2948.75,0,0.0,0.0,0.066666666666666666
no,Oslo,Lillestrom,2025-07-19,18.0,5,5,3358.4,0,10.017811877774058,0.20833333333333334,0.90476190476190477
no,Oslo,Lillestrom,2025-07-19,20.0,14,14,2798.3571428571427,0,6.6949537597354754,0.22727272727272727,1.0
no,Oslo,Lillestrom,2025-07-19,21.0,7,7,2051.0,0,8.634176246915084,0.31818181818181818,0.94444444444444442
no,Oslo,Lillestrom,2025-07-19,22.0,36,36,3207.0833333333335,0,4.4620532059979769,0.39805825242718446,0.989010989010989
no,Oslo,Lillestrom,2025-07-19,23.0,26,26,3629.3076923076924,0,4.9079553007731782,0.26470588235294118,0.984375
no,Oslo,Lillestrom,2025-07-19,24.0,152,149,3389.1677852348994,0,6.3827328644445691,0.272264631043257,0.99714285714285711
no,Oslo,Lillestrom,2025-07-19,25.0,151,150,3338.12,0,8.4141019270797859,0.29976580796252927,0.98936170212765961
no,Oslo,Lillestrom,2025-07-19,26.0,166,161,3656.1779141104294,0,7.8497726280052538,0.28855721393034828,0.98571428571428577
no,Oslo,Lillestrom,2025-07-19,27.0,271,265,3690.3471698113208,0,8.0668441437219442,0.25426136363636365,0.98734177215189878
no,Oslo,Lillestrom,2025-07-19,28.0,209,204,3545.1268292682926,0,10.023116715228939,0.27992633517495397,0.98973305954825463
no,Oslo,Lillestrom,2025-07-19,29.0,40,39,4305.8918918918916,0,9.67874801289442,0.2196969696969697,0.99122807017543857
no,Oslo,Lillestrom,2025-07-19,32.0,10,9,3674.3333333333335,0,10.111406534316179,0.26666666666666666,0.96153846153846156
no,Oslo,Lillestrom,2025-07-19,33.0,1,1,1760.0,0,15.808073778498036,0.043478260869565216,0.78947368421052633
no,Oslo,Lillestrom,2025-07-19,34.0,13,10,6994.0,0,15.035115295496812,0.17391304347826086,0.91304347826086951
no,Oslo,Lillestrom,2025-07-20,,7,6,2182.5,0,0.0,0.1111111111111111,0.6
no,Oslo,Lillestrom,2025-07-20,15.0,4,4,3745.0,0,3.4219149573032857,0.25,1.0
no,Oslo,Lillestrom,2025-07-20,19.0,11,11,2237.0,0,7.03835833306413,0.39393939393939392,0.96666666666666667
no,Oslo,Lillestrom,2025-07-20,20.0,26,26,2974.5,0,6.1859398204446858,0.30120481927710846,1.0
no,Oslo,Lillestrom,2025-07-20,21.0,20,20,3483.0,0,8.1665514804850226,0.26666666666666666,0.97014925373134331
no,Oslo,Lillestrom,2025-07-20,22.0,6,6,4944.5,0,4.8041035822972766,0.29629629629629628,0.96296296296296291
no,Oslo,Lillestrom,2025-07-20,23.0,104,103,3288.0576923076924,0,7.7317036555554424,0.29844961240310075,0.97520661157024791
no,Oslo,Lillestrom,2025-07-20,24.0,49,49,3251.9387755102039,0,8.1235827694921188,0.27215189873417722,0.97959183673469385
no,Oslo,Lillestrom,2025-07-20,25.0,102,97,4180.5204081632655,0,7.88460369436162,0.27208480565371024,0.98828125
no,Oslo,Lillestrom,2025-07-20,26.0,156,156,3926.0897435897436,0,7.9593904379124973,0.29896907216494845,0.98583569405099147
no,Oslo,Lillestrom,2025-07-20,27.0,98,94,3299.6774193548385,0,8.42207067430442,0.33490566037735847,0.96296296296296291
no,Oslo,Lillestrom,2025-07-20,28.0,38,37,4313.3243243243242,0,10.068567847021189,0.24561403508771928,0.98
no,Oslo,Lillestrom,2025-07-20,29.0,243,239,3539.9707112970709,0,10.033958234215033,0.31321370309951058,0.98865784499054821
no,Oslo,Lillestrom,2025-07-20,30.0,94,93,4287.8709677419356,0,9.8623374602029266,0.26744186046511625,0.9786324786324786
no,Oslo,Lillestrom,2025-07-20,31.0,215,214,3766.3971962616824,0,10.566502823031151,0.33877551020408164,0.99084668192219683
no,Oslo,Lillestrom,2025-07-20,32.0,111,107,4037.0,0,11.462119523796064,0.30031948881789139,0.986159169550173
no,Oslo,Lillestrom,2025-07-20,33.0,114,110,3544.9196428571427,0,13.964060931692815,0.313953488372093,0.98734177215189878
no,Oslo,Lillestrom,2025-07-20,34.0,85,83,3548.6867469879517,0,16.402728141916992,0.26984126984126983,0.98159509202453987
no,Oslo,Lillestrom,2025-07-20,37.0,51,51,4390.9803921568628,0,16.778045812488909,0.40336134453781514,1.0
no,Oslo,Lillestrom,2025-07-20,39.0,58,58,5015.7758620689656,0,17.416381886854737,0.2864864864864865,0.99425287356321834
no,Oslo,Lillestrom,2025-07-21,,2,2,3018.0,0,0.0,0.066666666666666666,0.66666666666666663
no,Oslo,Lillestrom,2025-07-21,18.0,6,6,1667.5,0,6.5007708534230986,0.17647058823529413,1.0
no,Oslo,Lillestrom,2025-07-21,19.0,7,7,1378.5714285714287,0,7.68418464123486,0.29411764705882354,0.96551724137931039
no,Oslo,Lillestrom,2025-07-21,20.0,2,2,823.5,,12.724292436921509,0.0,0.93333333333333335
no,Oslo,Lillestrom,2025-07-21,21.0,32,31,2643.9677419354839,0,6.4251628120713438,0.15217391304347827,0.95238095238095233
no,Oslo,Lillestrom,2025-07-21,23.0,27,26,3436.8888888888887,0,7.8332160909096231,0.22988505747126436,0.9875
no,Oslo,Lillestrom,2025-07-21,24.0,15,14,2267.5714285714284,0,8.498291733878526,0.19444444444444445,0.97222222222222221
no,Oslo,Lillestrom,2025-07-21,25.0,47,45,3244.088888888889,0,10.338851021306212,0.22377622377622378,0.99206349206349209
no,Oslo,Lillestrom,2025-07-21,26.0,41,40,3755.0487804878048,0,11.559104443909064,0.2818181818181818,0.98
no,Oslo,Lillestrom,2025-07-21,27.0,20,19,3767.8947368421054,0,9.9625453190136088,0.2638888888888889,1.0
no,Oslo,Lillestrom,2025-07-21,28.0,132,131,3697.9923664122139,0,12.51193749867705,0.28779069767441862,0.99337748344370858
no,Oslo,Lillestrom,2025-07-21,29.0,115,108,3686.7798165137615,0,12.651013088384488,0.21301775147928995,0.973421926910299
no,Oslo,Lillestrom,2025-07-21,30.0,44,43,3543.7045454545455,0,12.620875059948309,0.31060606060606061,0.96460176991150437
no,Oslo,Lillestrom,2025-07-21,31.0,102,101,3324.9900990099009,0,13.817014270864451,0.26714801444043323,0.995850622406639
no,Oslo,Lillestrom,2025-07-21,32.0,55,54,4214.3518518518522,0,12.407391549572003,0.29629629629629628,0.96825396825396826
no,Oslo,Lillestrom,2025-07-21,33.0,66,63,3963.0476190476193,0,13.646868012279642,0.26666666666666666,0.99159663865546221
no,Oslo,Lillestrom,2025-07-21,34.0,71,71,4426.577464788732,0,13.855594978026703,0.27536231884057971,1.0
no,Oslo,Lillestrom,2025-07-21,35.0,60,59,4300.9661016949149,0,16.273963596206919,0.27906976744186046,0.99115044247787609
no,Oslo,Lillestrom,2025-07-21,36.0,84,84,4408.4939759036142,0,15.983746022748955,0.28251121076233182,0.98514851485148514
no,Oslo,Lillestrom,2025-07-21,37.0,27,27,4555.4814814814818,0,14.729593610263398,0.27868852459016391,0.98148148148148151
no,Oslo,Lillestrom,2025-07-22,,3,3,1794.6666666666667,0,0.0,0.14285714285714285,0.391304347826087
no,Oslo,Lillestrom,2025-07-22,21.0,9,8,3645.125,0,7.1446050750799657,0.13636363636363635,0.85
no,Oslo,Lillestrom,2025-07-22,23.0,19,18,2044.1666666666667,0,10.460363591518602,0.20987654320987653,1.0
no,Oslo,Lillestrom,2025-07-22,24.0,34,34,2371.1470588235293,0,8.7186646868779842,0.19083969465648856,1.0
no,Oslo,Lillestrom,2025-07-22,25.0,24,23,2645.217391304348,0,10.834874664802472,0.21428571428571427,0.98611111111111116
no,Oslo,Lillestrom,2025-07-22,26.0,25,25,2506.6,0,10.992836436634146,0.18292682926829268,0.97142857142857142
no,Oslo,Lillestrom,2025-07-22,27.0,54,53,2922.5283018867926,0,12.065439155380821,0.24444444444444444,0.98305084745762716
no,Oslo,Lillestrom,2025-07-22,28.0,20,19,3493.3157894736842,0,11.84948779797975,0.26415094339622641,0.97872340425531912
no,Oslo,Lillestrom,2025-07-22,29.0,44,42,3109.5348837209303,0,12.831324507340659,0.32786885245901637,0.98245614035087714
no,Oslo,Lillestrom,2025-07-22,30.0,133,132,3286.7954545454545,0,12.2655537439443,0.25635103926096997,0.99481865284974091
no,Oslo,Lillestrom,2025-07-22,31.0,110,109,3390.2454545454543,0,13.766652848898499,0.25449101796407186,0.9966216216216216
no,Oslo,Lillestrom,2025-07-22,32.0,129,127,3361.1269841269841,0,13.533917844154024,0.28080229226361031,0.98392282958199362
no,Oslo,Lillestrom,2025-07-22,33.0,123,118,4139.4745762711864,0,13.527471823602001,0.27586206896551724,0.98101265822784811
no,Oslo,Lillestrom,2025-07-22,34.0,72,71,3262.8873239436621,0,15.95372282825711,0.352112676056338,0.99180327868852458
no,Oslo,Lillestrom,2025-07-22,35.0,31,31,4479.5161290322585,0,14.994267283585572,0.22641509433962265,1.0
no,Oslo,Lillestrom,2025-07-22,36.0,105,104,3843.3173076923076,0,16.259039381004332,0.29556650246305421,0.98888888888888893
no,Oslo,Lillestrom,2025-07-22,37.0,35,34,4355.0294117647063,0,15.441973489941182,0.26717557251908397,0.98333333333333328
no,Oslo,Lillestrom,2025-07-23,,5,5,4806.2,0,0.0,0.041666666666666664,0.2857142857142857
no,Oslo,Lillestrom,2025-07-23,16.0,6,6,1248.0,0,7.4666235244926069,0.17391304347826086,1.0
no,Oslo,Lillestrom,2025-07-23,18.0,5,5,2466.0,0,8.8207730342542785,0.15,1.0
no,Oslo,Lillestrom,2025-07-23,20.0,13,13,2066.0769230769229,0,5.4595330504754687,0.17647058823529413,1.0
no,Oslo,Lillestrom,2025-07-23,21.0,18,18,3111.1666666666665,0,5.6234967629000119,0.23076923076923078,1.0
no,Oslo,Lillestrom,2025-07-23,22.0,19,19,2467.8421052631579,0,8.686815519760307,0.24074074074074073,1.0
no,Oslo,Lillestrom,2025-07-23,23.0,31,31,2825.6129032258063,0,9.7481157220742443,0.2087912087912088,0.98717948717948723
no,Oslo,Lillestrom,2025-07-23,24.0,20,20,4380.4,0,8.3227110508846582,0.21348314606741572,0.987012987012987
no,Oslo,Lillestrom,2025-07-23,26.0,50,49,3677.9387755102039,0,9.82104405707635,0.23463687150837989,0.99350649350649356
no,Oslo,Lillestrom,2025-07-23,27.0,83,80,3711.7654320987654,0,9.710648627681195,0.27272727272727271,0.98654708520179368
no,Oslo,Lillestrom,2025-07-23,28.0,92,91,3426.5824175824177,0,11.726340268950985,0.27075812274368233,0.99595141700404854
no,Oslo,Lillestrom,2025-07-23,29.0,133,131,3402.871212121212,0,11.807744466926287,0.30612244897959184,0.98684210526315785
no,Oslo,Lillestrom,2025-07-23,30.0,198,194,3354.0927835051548,0,13.351443530608883,0.27671755725190839,0.97333333333333338
no,Oslo,Lillestrom,2025-07-23,31.0,85,81,4043.768292682927,0.007828864,11.891460567718884,0.29468599033816423,1.0
no,Oslo,Lillestrom,2025-07-23,32.0,73,73,3402.9315068493152,0,12.247279042870028,0.29842931937172773,1.0
no,Oslo,Lillestrom,2025-07-23,34.0,17,17,4467.7058823529414,0,16.287832989319671,0.20338983050847459,0.94444444444444442
no,Oslo,Lillestrom,2025-07-23,35.0,97,95,3564.680412371134,0,14.245211591026134,0.24778761061946902,0.99014778325123154
no,Oslo,Lillestrom,2025-07-23,37.0,48,46,4196.739130434783,0,16.716895691805021,0.33333333333333331,0.98979591836734693
no,Oslo,Lillestrom,2025-07-23,41.0,10,9,6979.0,0,15.379520992083995,0.27450980392156865,1.0
no,Oslo,Lillestrom,2025-07-24,,7,7,6136.1428571428569,0,4.6604865928127426,0.096153846153846159,0.88636363636363635
no,Oslo,Lillestrom,2025-07-24,19.0,5,4,1614.0,0,6.32311296417487,0.13157894736842105,1.0
no,Oslo,Lillestrom,2025-07-24,21.0,14,14,2613.8571428571427,0,6.6921185429277541,0.19148936170212766,0.925
no,Oslo,Lillestrom,2025-07-24,22.0,141,141,3135.0425531914893,0,6.1228812893068163,0.25467289719626168,0.98938992042440321
no,Oslo,Lillestrom,2025-07-24,23.0,106,104,3494.8557692307691,0,7.0632376971046353,0.30769230769230771,0.9882352941176471
no,Oslo,Lillestrom,2025-07-24,24.0,108,106,3345.8867924528304,0,7.6698549671774447,0.2665036674816626,0.99189189189189186
no,Oslo,Lillestrom,2025-07-24,25.0,192,186,3344.8378378378379,0,7.7433490556124651,0.26072041166380788,0.99206349206349209
no,Oslo,Lillestrom,2025-07-24,26.0,198,196,3565.6326530612246,0,8.3495470836276624,0.26929392446633826,0.98706099815157111
no,Oslo,Lillestrom,2025-07-24,27.0,41,40,4497.8,0,8.0619201719638216,0.18045112781954886,0.98290598290598286
no,Oslo,Lillestrom,2025-07-24,28.0,47,45,3766.088888888889,0,11.191288855037962,0.192,1.0
no,Oslo,Lillestrom,2025-07-24,29.0,26,26,3890.1923076923076,0,12.996095335062227,0.2711864406779661,0.98148148148148151
no,Oslo,Lillestrom,2025-07-24,30.0,8,8,3537.875,0,15.432710149603929,0.21428571428571427,0.9285714285714286
no,Oslo,Lillestrom,2025-07-24,31.0,22,22,4672.5,0,12.761118990364759,0.288135593220339,0.94
no,Oslo,Lillestrom,2025-07-25,,6,6,2490.6666666666665,0,0.0,0.125,0.72222222222222221
no,Oslo,Lillestrom,2025-07-25,20.0,6,6,2489.0,0,2.85369948521482,0.27586206896551724,1.0
no,Oslo,Lillestrom,2025-07-25,22.0,47,47,2912.1489361702129,0,6.1323349042655808,0.25454545454545452,0.993006993006993
no,Oslo,Lillestrom,2025-07-25,23.0,91,89,3139.9213483146068,0,4.9858484567301034,0.23595505617977527,0.99065420560747663
no,Oslo,Lillestrom,2025-07-25,24.0,94,94,3258.0638297872342,0,6.7442914167069521,0.31854838709677419,1.0
no,Oslo,Lillestrom,2025-07-25,25.0,159,155,3366.8205128205127,0,6.7055909950616286,0.25269978401727861,1.0
no,Oslo,Lillestrom,2025-07-25,26.0,158,156,3441.7025316455697,0,9.5356677259703986,0.26067415730337079,0.99210526315789471
no,Oslo,Lillestrom,2025-07-25,27.0,162,159,3431.9,0,9.281618258196259,0.2818181818181818,0.98987341772151893
no,Oslo,Lillestrom,2025-07-25,28.0,80,80,3426.2125,0,10.799727049543824,0.33333333333333331,0.99476439790575921
no,Oslo,Lillestrom,2025-07-25,29.0,70,70,3921.457142857143,0,11.9829800163095,0.24375,0.98550724637681164
no,Oslo,Lillestrom,2025-07-25,31.0,32,32,3689.75,0,13.506826812055797,0.21212121212121213,0.98863636363636365
no,Oslo,Lillestrom,2025-07-25,32.0,107,106,3904.7570093457944,0.00824868,13.312051860055057,0.28136882129277568,0.98222222222222222
no,Oslo,Lillestrom,2025-07-25,33.0,87,85,4184.0235294117647,0,14.053148819302086,0.28169014084507044,0.99459459459459465
no,Oslo,Lillestrom,2025-07-25,34.0,10,10,6331.0,0,12.501950690078976,0.19047619047619047,0.97368421052631582
no,Oslo,Lillestrom,2025-07-26,,10,8,4154.125,0,0.0,0.17307692307692307,0.31372549019607843
no,Oslo,Lillestrom,2025-07-26,20.0,15,15,3943.4666666666667,0,3.9437520093375595,0.33333333333333331,0.97826086956521741
no,Oslo,Lillestrom,2025-07-26,21.0,10,10,2800.5,0,6.5855138128512634,0.18421052631578946,1.0
no,Oslo,Lillestrom,2025-07-26,22.0,68,65,3017.1492537313434,0,7.380090638580195,0.33125,1.0
no,Oslo,Lillestrom,2025-07-26,23.0,70,67,3503.1194029850744,0,9.19231262918997,0.19138755980861244,0.983957219251337
no,Oslo,Lillestrom,2025-07-26,24.0,47,47,3642.1702127659573,0,7.8629015568389251,0.23239436619718309,1.0
no,Oslo,Lillestrom,2025-07-26,25.0,90,88,3547.0,0,8.8795255452272119,0.3359375,0.98717948717948723
no,Oslo,Lillestrom,2025-07-26,26.0,201,201,3718.4079601990052,0,7.0144871091562075,0.2807017543859649,0.99646017699115041
no,Oslo,Lillestrom,2025-07-26,27.0,237,232,3693.5338983050847,0,8.1503712036228482,0.30030487804878048,0.98333333333333328
no,Oslo,Lillestrom,2025-07-26,28.0,127,125,3452.9206349206347,0,9.88287134285088,0.2822822822822823,0.99322033898305084
no,Oslo,Lillestrom,2025-07-26,29.0,146,137,3653.3028169014083,0,10.237387348441596,0.26923076923076922,0.9932432432432432
no,Oslo,Lillestrom,2025-07-26,30.0,87,87,3898.1149425287358,0,10.630065313225172,0.27196652719665271,0.99082568807339455
no,Oslo,Lillestrom,2025-07-26,32.0,63,63,3968.063492063492,0,13.894654834269616,0.28125,0.9880239520958084
no,Oslo,Lillestrom,2025-07-26,34.0,6,6,6053.166666666667,0.050878256,13.218679695986394,0.2,1.0
no,Oslo,Lillestrom,2025-07-26,39.0,10,6,4631.5,0,15.718917737574268,0.14285714285714285,0.782608695652174
no,Oslo,Lillestrom,2025-07-26,42.0,1,1,8817.0,0,18.16647353745115,0.15384615384615385,0.90909090909090906
no,Oslo,Lillestrom,2025-07-27,,5,3,5864.0,0,9.5394158733040388,0.034883720930232558,0.57746478873239437
no,Oslo,Lillestrom,2025-07-27,18.0,4,4,1807.75,0.286045165,25.210324897364579,0.1875,0.53333333333333333
no,Oslo,Lillestrom,2025-07-27,19.0,14,14,1945.5,0,7.7756314856922879,0.25925925925925924,0.92307692307692313
no,Oslo,Lillestrom,2025-07-27,21.0,17,17,2363.1764705882351,0,8.2445618873539956,0.16666666666666666,0.84905660377358494
no,Oslo,Lillestrom,2025-07-27,22.0,11,11,3795.2727272727275,0,5.2650076729213895,0.21212121212121213,0.95238095238095233
no,Oslo,Lillestrom,2025-07-27,23.0,20,20,4503.05,0,4.815639210479981,0.25806451612903225,0.98076923076923073
no,Oslo,Lillestrom,2025-07-27,24.0,56,55,3330.1636363636362,0,7.4920230495560611,0.24413145539906103,0.97969543147208127
no,Oslo,Lillestrom,2025-07-27,25.0,19,19,4306.1578947368425,0,9.3546310393505312,0.19047619047619047,0.9821428571428571
no,Oslo,Lillestrom,2025-07-27,26.0,116,114,3478.913043478261,0,9.4990626773975926,0.322884012539185,0.98275862068965514
no,Oslo,Lillestrom,2025-07-27,27.0,178,177,3014.8146067415732,0,11.402967505743161,0.31198347107438018,0.98360655737704916
no,Oslo,Lillestrom,2025-07-27,29.0,210,208,3244.7177033492821,0.003038273,12.059865379714472,0.28492647058823528,0.985655737704918
no,Oslo,Lillestrom,2025-07-27,30.0,155,147,3896.0,0,10.866312878177004,0.30398322851153042,0.98853211009174313
no,Oslo,Lillestrom,2025-07-27,31.0,155,148,3449.1824324324325,0,12.77379678403112,0.30226700251889171,0.98898071625344353
no,Oslo,Lillestrom,2025-07-27,32.0,50,50,3113.26,0,12.6106275378348,0.34931506849315069,1.0
no,Oslo,Lillestrom,2025-07-27,33.0,91,89,3818.8202247191011,0,13.4535414142354,0.3127962085308057,0.99481865284974091
no,Oslo,Lillestrom,2025-07-27,34.0,67,61,3760.0476190476193,0,16.275183121199156,0.25490196078431371,0.99236641221374045
no,Oslo,Lillestrom,2025-07-27,36.0,76,74,3759.8,0,15.020038007889429,0.37062937062937062,1.0
no,Oslo,Lillestrom,2025-07-27,37.0,121,121,2883.9008264462809,0.04279202,18.332252452023866,0.28287841191067,0.99152542372881358
no,Oslo,Lillestrom,2025-07-27,38.0,212,209,3150.6,0.066692214,20.091533352622875,0.29423076923076924,0.99371069182389937
no,Oslo,Lillestrom,2025-07-27,39.0,155,150,3497.5328947368421,0.073650691,20.677095956116759,0.300531914893617,0.9941860465116279
no,Oslo,Lillestrom,2025-07-27,43.0,51,50,4034.1568627450979,0.232958035,20.574430892000436,0.31932773109243695,1.0
no,Oslo,Lillestrom,2025-07-28,19.0,3,3,2883.6666666666665,0,10.0,0.13333333333333333,0.9285714285714286
no,Oslo,Lillestrom,2025-07-28,20.0,3,3,5744.333333333333,0,5.0625,0.375,1.0
no,Oslo,Lillestrom,2025-07-28,21.0,3,2,2461.5,0,8.492661750765425,0.26666666666666666,1.0
no,Oslo,Lillestrom,2025-07-28,22.0,11,11,1878.7272727272727,0,9.1461715450094019,0.16666666666666666,1.0
no,Oslo,Lillestrom,2025-07-28,23.0,7,7,2323.1428571428573,0,10.112525358271917,0.2,1.0
no,Oslo,Lillestrom,2025-07-28,24.0,10,9,3629.8,0,9.8386418607810242,0.14285714285714285,1.0
no,Oslo,Lillestrom,2025-07-28,25.0,12,12,4223.083333333333,0,11.35058697933688,0.41379310344827586,1.0
no,Oslo,Lillestrom,2025-07-28,26.0,20,19,2709.1052631578946,0,13.250742614746878,0.24050632911392406,0.98484848484848486
no,Oslo,Lillestrom,2025-07-28,27.0,38,37,3302.5526315789475,0,11.52301033960585,0.2814814814814815,0.984
no,Oslo,Lillestrom,2025-07-28,28.0,9,9,3560.6666666666665,0,13.551762787891782,0.25,1.0
no,Oslo,Lillestrom,2025-07-28,29.0,65,64,3568.9375,0.011048822,12.764171847030433,0.28125,1.0
no,Oslo,Lillestrom,2025-07-28,30.0,56,48,3048.1836734693879,0.007644458,15.16676031906055,0.28244274809160308,1.0
no,Oslo,Lillestrom,2025-07-28,31.0,58,53,3576.132075471698,0,14.501365531188393,0.23357664233576642,0.9765625
no,Oslo,Lillestrom,2025-07-28,32.0,169,167,3550.0416666666665,0,13.937908514113598,0.31678486997635935,0.984251968503937
no,Oslo,Lillestrom,2025-07-28,33.0,220,215,3665.5209302325579,0.010491118,15.066339750759777,0.288961038961039,0.98916967509025266
no,Oslo,Lillestrom,2025-07-28,34.0,113,112,4395.0267857142853,0.004621216,14.58802191340582,0.23,0.99248120300751874
no,Oslo,Lillestrom,2025-07-28,35.0,125,124,3520.3225806451615,0,15.733668179217783,0.30743243243243246,0.99619771863117867
no,Oslo,Lillestrom,2025-07-28,36.0,31,30,3904.8709677419356,0,14.865450672516291,0.25333333333333335,1.0
no,Oslo,Lillestrom,2025-07-28,37.0,12,10,4384.5,0,18.96977056516614,0.25,0.9
no,Oslo,Lillestrom,2025-07-28,39.0,36,35,4375.8857142857141,0,17.595329681944332,0.25,0.9859154929577465
no,Oslo,Lillestrom,2025-07-28,48.0,2,2,6605.0,0.275189599,14.117977652441164,0.0,0.14285714285714285
no,Oslo,Lillestrom,2025-07-29,,2,2,3593.0,0,7.4685985778681383,0.095238095238095233,0.72222222222222221
no,Oslo,Lillestrom,2025-07-29,19.0,6,6,2919.1666666666665,0,7.8951956439911193,0.47826086956521741,1.0
no,Oslo,Lillestrom,2025-07-29,22.0,14,14,2868.5,0,8.43121927821338,0.13095238095238096,0.94871794871794868
no,Oslo,Lillestrom,2025-07-29,23.0,13,13,2831.7692307692309,0,8.916174373954167,0.25714285714285712,1.0
no,Oslo,Lillestrom,2025-07-29,27.0,24,24,3348.7916666666665,0,13.700839008668561,0.22222222222222221,0.98666666666666669
no,Oslo,Lillestrom,2025-07-29,28.0,24,24,3975.0416666666665,0,10.382785242866577,0.296875,1.0
no,Oslo,Lillestrom,2025-07-29,29.0,64,63,3553.2063492063494,0,12.990423776617012,0.2857142857142857,0.98245614035087714
no,Oslo,Lillestrom,2025-07-29,30.0,63,62,3350.8709677419356,0,13.253533357453366,0.25125628140703515,0.98275862068965514
no,Oslo,Lillestrom,2025-07-29,31.0,23,23,2970.1304347826085,0,13.617939238802331,0.16666666666666666,0.963855421686747
no,Oslo,Lillestrom,2025-07-29,32.0,74,74,2927.4729729729729,0.008764734,14.889252168444521,0.26637554585152839,0.99521531100478466
no,Oslo,Lillestrom,2025-07-29,33.0,93,89,3990.6373626373625,0.014542466,14.355013106228913,0.22829581993569131,1.0
no,Oslo,Lillestrom,2025-07-29,34.0,51,50,3719.96,0.015486576,15.245263140415297,0.23622047244094488,1.0
no,Oslo,Lillestrom,2025-07-29,35.0,23,21,2709.2380952380954,0.026425178,17.977260418236533,0.3,1.0
no,Oslo,Lillestrom,2025-07-29,36.0,169,164,3009.9820359281439,0.094475893,17.43956993835042,0.30555555555555558,0.9920844327176781
no,Oslo,Lillestrom,2025-07-29,37.0,103,102,3828.0588235294117,0.03357502,16.33684394202319,0.24014336917562723,0.996
no,Oslo,Lillestrom,2025-07-29,38.0,176,173,3525.0977011494251,0.024504126,17.726742202991126,0.30476190476190479,0.99465240641711228
no,Oslo,Lillestrom,2025-07-29,39.0,105,103,3254.9126213592235,0.046879115,19.767930746885881,0.2783882783882784,1.0
no,Oslo,Lillestrom,2025-07-29,41.0,29,29,3303.7241379310344,0.12259663,19.236009076531818,0.24210526315789474,1.0
no,Oslo,Lillestrom,2025-07-30,,2,2,5045.0,0,0.0,0.19047619047619047,0.82352941176470584
no,Oslo,Lillestrom,2025-07-30,21.0,8,8,3026.625,0,7.5934439586607949,0.35714285714285715,1.0
no,Oslo,Lillestrom,2025-07-30,22.0,14,14,2828.7142857142858,0,7.6119608427998537,0.27083333333333331,0.97619047619047616
no,Oslo,Lillestrom,2025-07-30,23.0,20,20,3000.6,0,8.0119191448643363,0.14814814814814814,1.0
no,Oslo,Lillestrom,2025-07-30,24.0,9,9,2185.5555555555557,0,8.1429646721963991,0.16279069767441862,1.0
no,Oslo,Lillestrom,2025-07-30,25.0,32,29,2517.7096774193546,0,11.748775247331384,0.19463087248322147,0.9838709677419355
no,Oslo,Lillestrom,2025-07-30,26.0,25,25,2989.36,0,11.003156563982552,0.27027027027027029,0.98571428571428577
no,Oslo,Lillestrom,2025-07-30,27.0,178,174,3551.5114942528735,0,9.82993189501258,0.28024193548387094,1.0
no,Oslo,Lillestrom,2025-07-30,28.0,37,37,2089.5405405405404,0,13.098957243938086,0.30252100840336132,1.0
no,Oslo,Lillestrom,2025-07-30,29.0,109,107,3055.4814814814813,0,12.520022552953391,0.23397435897435898,0.98571428571428577
no,Oslo,Lillestrom,2025-07-30,30.0,133,131,3904.4656488549617,0,12.598655863791004,0.21024258760107817,0.99076923076923074
no,Oslo,Lillestrom,2025-07-30,31.0,41,41,3876.4634146341464,0,11.47550849111316,0.26446280991735538,0.99047619047619051
no,Oslo,Lillestrom,2025-07-30,32.0,166,163,3543.5766871165642,0,13.608459724262703,0.2696629213483146,0.99492385786802029
no,Oslo,Lillestrom,2025-07-30,33.0,79,79,3911.3205128205127,0,13.830041451389187,0.31221719457013575,0.97905759162303663
no,Oslo,Lillestrom,2025-07-30,34.0,6,6,5192.0,0,15.231010262463863,0.23529411764705882,1.0
no,Oslo,Lillestrom,2025-07-30,35.0,32,32,4134.0625,0,15.212549117851539,0.31168831168831168,0.984375
no,Oslo,Lillestrom,2025-07-30,36.0,79,78,3580.6410256410259,0,16.628939369772173,0.38513513513513514,0.97709923664122134
no,Oslo,Lillestrom,2025-07-30,42.0,2,2,11905.5,0,14.628114624963386,0.2857142857142857,1.0
no,Oslo,Lillestrom,2025-07-30,46.0,1,1,10253.0,,14.132544995146034,0.043478260869565216,0.1111111111111111
no,Oslo,Lillestrom,2025-07-31,,1,1,8377.0,0,0.0,0.0,0.30769230769230771
no,Oslo,Lillestrom,2025-07-31,20.0,6,6,3499.3333333333335,0,12.197788240655161,0.18181818181818182,1.0
no,Oslo,Lillestrom,2025-07-31,21.0,2,2,6253.0,0,14.84510872125343,0.4,1.0
no,Oslo,Lillestrom,2025-07-31,22.0,11,11,3261.6363636363635,0,13.792079430166142,0.30769230769230771,1.0
no,Oslo,Lillestrom,2025-07-31,23.0,4,4,3470.0,0,15.204707051171567,0.23809523809523808,1.0
no,Oslo,Lillestrom,2025-07-31,24.0,24,24,2516.6666666666665,0,22.594560060638841,0.19230769230769232,1.0
no,Oslo,Lillestrom,2025-07-31,25.0,74,73,3439.2876712328766,0,17.656121293063268,0.27272727272727271,0.98969072164948457
no,Oslo,Lillestrom,2025-07-31,26.0,95,95,3075.5578947368422,0,19.7261774813034,0.28014184397163122,0.99595141700404854
no,Oslo,Lillestrom,2025-07-31,27.0,153,150,3194.3133333333335,0,22.653352424355013,0.28606965174129351,0.97142857142857142
no,Oslo,Lillestrom,2025-07-31,28.0,76,74,3369.8933333333334,0,23.228128041921629,0.23060796645702306,0.99534883720930234
no,Oslo,Lillestrom,2025-07-31,29.0,81,80,3436.425,0,23.77774875345607,0.28384279475982532,1.0
no,Oslo,Lillestrom,2025-07-31,30.0,71,70,3540.7,0.004941382,22.358990974853967,0.26168224299065418,0.97790055248618779
no,Oslo,Lillestrom,2025-07-31,31.0,141,140,3349.4,0,26.354412825516512,0.29575402635431919,0.99667774086378735
no,Oslo,Lillestrom,2025-07-31,32.0,2,2,5251.0,,18.413122195512226,0.20833333333333334,1.0
no,Oslo,Lillestrom,2025-07-31,33.0,146,140,3512.7714285714287,0,27.851880897152117,0.26936026936026936,0.99747474747474751
no,Oslo,Lillestrom,2025-07-31,34.0,35,33,3081.2647058823532,0,35.798804301863285,0.32203389830508472,1.0
no,Oslo,Lillestrom,2025-07-31,35.0,77,76,3699.9220779220777,0,33.506296901172277,0.30057803468208094,1.0
no,Oslo,Lillestrom,2025-07-31,36.0,58,58,3867.2758620689656,0,34.336823384351604,0.34375,1.0
no,Oslo,Lillestrom,2025-07-31,37.0,25,24,4058.04,0,28.598581003934328,0.34170854271356782,0.9887640449438202
no,Oslo,Lillestrom,2026-06-01,,4,3,2065.0,0,2.9913704131320342,0.1111111111111111,0.29629629629629628
no,Oslo,Lillestrom,2026-06-01,18.0,7,7,1753.7142857142858,0,8.2073003808912972,0.19230769230769232,1.0
no,Oslo,Lillestrom,2026-06-01,19.0,12,12,1703.5,0,9.6818509856441022,0.36363636363636365,1.0
no,Oslo,Lillestrom,2026-06-01,20.0,14,14,3238.3571428571427,0,9.07350769448254,0.2558139534883721,1.0
no,Oslo,Lillestrom,2026-06-01,22.0,27,27,3430.3333333333335,0,6.772998441228,0.2625,1.0
no,Oslo,Lillestrom,2026-06-01,23.0,11,11,3425.0,0,8.2964321881312841,0.23255813953488372,1.0
no,Oslo,Lillestrom,2026-06-01,24.0,32,32,2914.8125,0,8.4442297012058667,0.16107382550335569,0.986013986013986
no,Oslo,Lillestrom,2026-06-01,25.0,48,48,3673.2708333333335,0,9.7472089208639119,0.25490196078431371,0.97887323943661975
no,Oslo,Lillestrom,2026-06-01,26.0,56,55,3673.4181818181819,0,10.401982893572315,0.25882352941176473,0.99378881987577639
no,Oslo,Lillestrom,2026-06-01,27.0,19,18,2773.5,0,13.364473410936965,0.273972602739726,0.9850746268656716
no,Oslo,Lillestrom,2026-06-01,28.0,12,12,1240.0,0,17.910441440977628,0.2,1.0
no,Oslo,Lillestrom,2026-06-01,29.0,24,24,2984.4583333333335,0,15.095331894596702,0.24285714285714285,1.0
no,Oslo,Lillestrom,2026-06-01,30.0,81,78,3447.4320987654319,0,13.819137030197021,0.20087336244541484,1.0
no,Oslo,Lillestrom,2026-06-01,31.0,74,73,3693.9315068493152,0.004365786,14.038541593173687,0.30917874396135264,0.98963730569948183
no,Oslo,Lillestrom,2026-06-01,32.0,50,50,3515.24,0.018477539,15.420617233200009,0.24698795180722891,1.0
no,Oslo,Lillestrom,2026-06-01,33.0,67,67,4174.8656716417909,0,14.862466807431664,0.23626373626373626,0.98275862068965514
no,Oslo,Lillestrom,2026-06-01,34.0,76,75,3688.5466666666666,0.033979612,14.119054458310712,0.35164835164835168,0.99428571428571433
no,Oslo,Lillestrom,2026-06-01,37.0,3,3,7801.0,0,9.0815028843442533,0.090909090909090912,0.9
no,Oslo,Lillestrom,2026-06-01,38.0,45,45,2821.8888888888887,0.059454725,19.263287922805773,0.2734375,1.0
no,Oslo,Lillestrom,2026-06-01,39.0,20,19,6062.85,0,19.837281917363274,0.3125,1.0
no,Oslo,Lillestrom,2026-06-01,40.0,52,49,4046.0384615384614,0.122646084,20.891376460163748,0.27464788732394368,1.0
no,Oslo,Lillestrom,2026-06-01,41.0,34,34,4110.0,0.037233153,16.813733615825715,0.32075471698113206,1.0
no,Oslo,Lillestrom,2026-06-01,42.0,87,86,2886.0348837209303,0.082570032,18.394879581428452,0.26748971193415638,0.99570815450643779
no,Oslo,Lillestrom,2026-06-01,44.0,85,85,3154.9058823529413,0.123058131,19.024262582794464,0.25523012552301255,0.99568965517241381
no,Oslo,Lillestrom,2026-06-01,45.0,48,47,3360.0,0.209883234,21.307044627185114,0.31159420289855072,0.9925373134328358
no,Oslo,Lillestrom,2026-06-01,48.0,63,62,4124.4838709677415,0.062624816,18.119041050641304,0.27167630057803466,0.99408284023668636
no,Oslo,Lillestrom,2026-06-02,,2,2,5231.0,0,47.368421052631582,0.052631578947368418,0.10526315789473684
no,Oslo,Lillestrom,2026-06-02,14.0,4,4,1289.25,0,6.6632177084832573,0.14285714285714285,1.0
no,Oslo,Lillestrom,2026-06-02,20.0,11,11,2283.4545454545455,0,7.05008588118655,0.2,1.0
no,Oslo,Lillestrom,2026-06-02,21.0,22,18,3172.6111111111113,0,9.4345448246685812,0.24615384615384617,0.9
no,Oslo,Lillestrom,2026-06-02,23.0,40,40,3322.275,0,10.034411609613569,0.27027027027027029,0.97857142857142854
no,Oslo,Lillestrom,2026-06-02,24.0,18,18,2957.0,0,8.767136915353495,0.22972972972972974,0.98571428571428577
no,Oslo,Lillestrom,2026-06-02,25.0,181,179,3145.5977653631285,0,10.53532500438736,0.29102844638949671,0.99303944315545245
no,Oslo,Lillestrom,2026-06-02,26.0,80,79,2927.2625,0,11.642717984878759,0.23983739837398374,0.99574468085106382
no,Oslo,Lillestrom,2026-06-02,27.0,21,21,2905.5238095238096,0,14.492339075648655,0.33823529411764708,0.96923076923076923
no,Oslo,Lillestrom,2026-06-02,28.0,185,184,3760.9621621621623,0,11.232048761842336,0.31758034026465026,0.99608610567514677
no,Oslo,Lillestrom,2026-06-02,29.0,180,179,3810.8156424581007,0,11.112840597405704,0.314410480349345,0.99080459770114937
no,Oslo,Lillestrom,2026-06-02,30.0,73,73,3481.2191780821918,0,12.931383101944606,0.28934010152284262,1.0
no,Oslo,Lillestrom,2026-06-02,31.0,76,76,3898.0526315789475,0,13.519558688527685,0.313953488372093,1.0
no,Oslo,Lillestrom,2026-06-02,32.0,33,32,3138.3939393939395,0,14.01733191427058,0.40845070422535212,0.98529411764705888
no,Oslo,Lillestrom,2026-06-02,34.0,35,35,3723.7714285714287,0,13.526464924109012,0.3375,0.987012987012987
no,Oslo,Lillestrom,2026-06-02,35.0,43,43,3691.4651162790697,0.025216989,15.596669172812383,0.28676470588235292,0.99242424242424243
no,Oslo,Lillestrom,2026-06-02,38.0,6,6,4250.5,0.03091846,20.929493716307078,0.23809523809523808,0.94736842105263153
no,Oslo,Lillestrom,2026-06-03,,5,3,5353.333333333333,0,3.9242449961426407,0.11428571428571428,0.24242424242424243
no,Oslo,Lillestrom,2026-06-03,19.0,11,10,2561.3,0,7.2074292642179785,0.15384615384615385,1.0
no,Oslo,Lillestrom,2026-06-03,20.0,6,6,3362.6666666666665,0,4.1733149709409476,0.19230769230769232,0.95833333333333337
no,Oslo,Lillestrom,2026-06-03,21.0,6,6,2695.6666666666665,0,6.8715292450484755,0.18181818181818182,0.97619047619047616
no,Oslo,Lillestrom,2026-06-03,22.0,6,6,4871.5,0,4.223543059245074,0.19148936170212766,1.0
no,Oslo,Lillestrom,2026-06-03,23.0,47,46,3077.6521739130435,0,10.276343031874529,0.22388059701492538,1.0
no,Oslo,Lillestrom,2026-06-03,24.0,69,67,2989.705882352941,0,8.9625673846744558,0.24621212121212122,1.0
no,Oslo,Lillestrom,2026-06-03,25.0,43,43,3514.2558139534885,0,9.9833758312794068,0.2389937106918239,1.0
no,Oslo,Lillestrom,2026-06-03,26.0,85,84,3317.2738095238096,0.011671515,11.429722732952913,0.31034482758620691,0.99078341013824889
no,Oslo,Lillestrom,2026-06-03,27.0,95,92,3018.0108695652175,0,12.198021618887845,0.22137404580152673,0.98804780876494025
no,Oslo,Lillestrom,2026-06-03,28.0,122,121,3584.1983471074382,0.00203737,11.515476209204708,0.22572178477690288,0.99168975069252074
no,Oslo,Lillestrom,2026-06-03,29.0,135,135,3459.4444444444443,0,12.088792260509585,0.30149253731343284,1.0
no,Oslo,Lillestrom,2026-06-03,30.0,15,15,3716.1333333333332,0,15.752583624748784,0.33333333333333331,0.97222222222222221
no,Oslo,Lillestrom,2026-06-03,31.0,36,36,3432.4722222222222,0,12.945322302257537,0.39705882352941174,1.0
no,Oslo,Lillestrom,2026-06-03,33.0,45,43,3354.3255813953488,0,13.79855945390727,0.30088495575221241,1.0
no,Oslo,Lillestrom,2026-06-03,34.0,88,87,4575.772727272727,0.007723962,14.737686706628725,0.332089552238806,0.99616858237547889
no,Oslo,Lillestrom,2026-06-03,35.0,137,137,3638.7445255474454,0.001783186,14.893602116089538,0.32285714285714284,0.99702380952380953
no,Oslo,Lillestrom,2026-06-03,36.0,87,81,3698.962962962963,0.04490679,16.014567045475346,0.28333333333333333,0.98265895953757221
no,Oslo,Lillestrom,2026-06-03,38.0,34,33,4396.484848484848,0,16.907767426819959,0.30263157894736842,1.0
no,Oslo,Lillestrom,2026-06-03,39.0,5,4,3298.0,0.072676056,19.256372912157751,0.2,0.7857142857142857
no,Oslo,Lillestrom,2026-06-04,,3,3,3427.3333333333335,0,0.0,0.055555555555555552,0.028571428571428571
no,Oslo,Lillestrom,2026-06-04,22.0,16,16,4767.25,0,6.47934712586633,0.32142857142857145,1.0
no,Oslo,Lillestrom,2026-06-04,23.0,27,27,2152.5555555555557,0,7.9601960305461,0.30769230769230771,0.98360655737704916
no,Oslo,Lillestrom,2026-06-04,24.0,35,35,3593.8,0,8.3257327597413315,0.21666666666666667,0.9732142857142857
no,Oslo,Lillestrom,2026-06-04,25.0,114,110,3194.5272727272727,0,9.9129643814619346,0.27190332326283989,0.98064516129032253
no,Oslo,Lillestrom,2026-06-04,26.0,107,105,3649.2476190476191,0,8.7943469059623265,0.29729729729729731,0.99586776859504134
no,Oslo,Lillestrom,2026-06-04,27.0,56,56,3541.3214285714284,0,10.437791235138116,0.23391812865497075,1.0
no,Oslo,Lillestrom,2026-06-04,28.0,86,84,3724.1529411764704,0,9.665722864195482,0.312,0.99588477366255146
no,Oslo,Lillestrom,2026-06-04,29.0,143,140,3063.788732394366,0,12.57502366459584,0.28406466512702078,0.99760765550239239
no,Oslo,Lillestrom,2026-06-04,30.0,193,191,2855.1204188481674,0,12.620315708649656,0.29735234215885947,0.99128540305010893
no,Oslo,Lillestrom,2026-06-04,31.0,111,111,3359.3963963963965,0,11.380025360426286,0.34241245136186771,1.0
no,Oslo,Lillestrom,2026-06-04,32.0,52,52,4109.0192307692305,0,11.194542517891506,0.26285714285714284,1.0
no,Oslo,Lillestrom,2026-06-04,33.0,62,62,4256.3548387096771,0,14.870116002988139,0.31097560975609756,1.0
no,Oslo,Lillestrom,2026-06-04,34.0,72,72,4230.1944444444443,0,15.615817038430041,0.23497267759562843,0.99435028248587576
no,Oslo,Lillestrom,2026-06-04,36.0,20,20,3154.65,0,18.187914064016649,0.39583333333333331,1.0
no,Oslo,Lillestrom,2026-06-04,38.0,18,17,4239.64705882353,0,17.649577055688496,0.12903225806451613,1.0
no,Oslo,Lillestrom,2026-06-05,,5,4,4214.2,0,4.8582620665696545,0.07575757575757576,0.12307692307692308
no,Oslo,Lillestrom,2026-06-05,17.0,3,3,3945.0,0,10.454190736155386,0.21052631578947367,1.0
no,Oslo,Lillestrom,2026-06-05,22.0,30,29,2474.3333333333335,0,10.353880441565297,0.21649484536082475,1.0
no,Oslo,Lillestrom,2026-06-05,23.0,63,62,3299.5555555555557,0,8.864424688742174,0.24669603524229075,0.99530516431924887
no,Oslo,Lillestrom,2026-06-05,24.0,95,95,2935.1052631578946,0,10.331965018661217,0.28624535315985128,0.98832684824902728
no,Oslo,Lillestrom,2026-06-05,25.0,164,161,3487.1490683229813,0,7.85545443755723,0.30478087649402391,0.99577167019027479
no,Oslo,Lillestrom,2026-06-05,26.0,265,264,3755.0264150943394,0,8.05443634537761,0.321285140562249,0.99714693295292445
no,Oslo,Lillestrom,2026-06-05,27.0,165,164,3596.3719512195121,0,8.34154516212913,0.26096997690531176,0.99507389162561577
no,Oslo,Lillestrom,2026-06-05,28.0,84,82,3326.6097560975609,0,10.104637634973448,0.2832618025751073,0.99549549549549554
no,Oslo,Lillestrom,2026-06-05,29.0,117,114,4198.913043478261,0,6.660867681484353,0.29446064139941691,0.99390243902439024
no,Oslo,Lillestrom,2026-06-05,30.0,98,97,3951.1752577319589,0,11.230679753910287,0.31617647058823528,1.0
no,Oslo,Lillestrom,2026-06-05,31.0,47,47,4033.5744680851062,0,8.7407954611677834,0.2608695652173913,0.99350649350649356
no,Oslo,Lillestrom,2026-06-05,32.0,51,51,3406.3921568627452,0,12.321351253914315,0.27536231884057971,1.0
no,Oslo,Lillestrom,2026-06-05,33.0,67,66,3663.090909090909,0,13.474681730911268,0.27611940298507465,1.0
no,Oslo,Lillestrom,2026-06-05,34.0,28,28,4005.9285714285716,0.042653297,16.739687762504897,0.30666666666666664,1.0
no,Oslo,Lillestrom,2026-06-05,35.0,37,37,5260.4324324324325,0,14.202373223525887,0.2441860465116279,0.96341463414634143
no,Oslo,Lillestrom,2026-06-05,40.0,21,21,3793.4761904761904,0.018103986,20.049218086105604,0.26190476190476192,1.0
no,Oslo,Lillestrom,2026-06-06,,3,3,990.33333333333337,,0.0,0.1388888888888889,0.14705882352941177
no,Oslo,Lillestrom,2026-06-06,18.0,6,6,3984.1666666666665,0,6.7951038555442995,0.1111111111111111,1.0
no,Oslo,Lillestrom,2026-06-06,20.0,9,9,3395.1111111111113,0,8.6169383364660863,0.35714285714285715,0.96153846153846156
no,Oslo,Lillestrom,2026-06-06,22.0,30,29,3610.8620689655172,0,8.15665320365369,0.21238938053097345,1.0
no,Oslo,Lillestrom,2026-06-06,23.0,51,51,3386.9215686274511,0,8.0567890613130135,0.26857142857142857,0.99390243902439024
no,Oslo,Lillestrom,2026-06-06,24.0,121,121,3418.404958677686,0,8.9792928009830177,0.29551451187335093,0.99142857142857144
no,Oslo,Lillestrom,2026-06-06,25.0,176,175,3534.630681818182,0,9.3067382838049273,0.27544910179640719,0.99786324786324787
no,Oslo,Lillestrom,2026-06-06,26.0,415,412,3685.98786407767,0,7.5675183873224823,0.31444241316270566,0.99227799227799229
no,Oslo,Lillestrom,2026-06-06,27.0,287,281,3929.0883392226146,0,8.2765300098137367,0.30453257790368271,0.9955223880597015
no,Oslo,Lillestrom,2026-06-06,28.0,47,44,4723.931818181818,0,11.807414543738659,0.22916666666666666,0.9707602339181286
no,Oslo,Lillestrom,2026-06-06,29.0,198,195,4028.2857142857142,0,9.9865501733377968,0.30241935483870969,0.99569892473118282
no,Oslo,Lillestrom,2026-06-06,30.0,4,4,5369.0,0,6.8317576715259962,0.18518518518518517,1.0
no,Oslo,Lillestrom,2026-06-06,31.0,9,9,6471.666666666667,0,8.4534217471001813,0.14285714285714285,0.975
no,Oslo,Lillestrom,2026-06-06,33.0,5,5,4627.4,0,5.04870456063535,0.13043478260869565,1.0
no,Oslo,Lillestrom,2026-06-06,36.0,3,2,5991.5,0,8.3166790090893024,0.23529411764705882,1.0
no,Oslo,Lillestrom,2026-06-07,,3,3,2534.3333333333335,0,0.0,0.090909090909090912,0.0
no,Oslo,Lillestrom,2026-06-07,18.0,9,9,2410.1111111111113,0,8.9371898215245889,0.22857142857142856,0.90625
no,Oslo,Lillestrom,2026-06-07,19.0,11,10,3649.3636363636365,0,7.0875753277393043,0.33333333333333331,1.0
no,Oslo,Lillestrom,2026-06-07,21.0,18,17,2484.8235294117649,0,8.20034219820895,0.19354838709677419,1.0
no,Oslo,Lillestrom,2026-06-07,22.0,19,18,3850.8333333333335,0,8.4271834331810727,0.10784313725490197,0.92473118279569888
no,Oslo,Lillestrom,2026-06-07,23.0,203,200,3376.5771144278606,0,6.4416998273952339,0.26948051948051949,0.9966216216216216
no,Oslo,Lillestrom,2026-06-07,24.0,145,144,3963.4652777777778,0,6.6460811417364063,0.28798185941043086,0.986013986013986
no,Oslo,Lillestrom,2026-06-07,25.0,171,170,3318.3625730994154,0,8.76721361841032,0.29166666666666669,0.99389002036659879
no,Oslo,Lillestrom,2026-06-07,26.0,12,12,3491.75,0,10.2920776702504,0.13513513513513514,0.94594594594594594
no,Oslo,Lillestrom,2026-06-07,27.0,172,171,3628.6374269005846,0,8.0148896180907112,0.29545454545454547,0.98915401301518435
no,Oslo,Lillestrom,2026-06-07,28.0,184,183,3643.3661202185795,0,7.3596782775987126,0.35070140280561124,0.9850427350427351
no,Oslo,Lillestrom,2026-06-07,29.0,214,213,3384.1728971962616,0,10.705423732910385,0.32238193018480493,0.99569892473118282
no,Oslo,Lillestrom,2026-06-07,30.0,351,348,3639.5501432664755,0,11.317954651558523,0.33949191685912239,0.99513973268529765
no,Oslo,Lillestrom,2026-06-07,31.0,81,77,3831.2337662337663,0,12.862884183619357,0.33039647577092512,1.0
no,Oslo,Lillestrom,2026-06-07,32.0,164,162,3817.4539877300613,0,13.122582919002751,0.32258064516129031,1.0
no,Oslo,Lillestrom,2026-06-07,34.0,66,63,4118.6612903225805,0,11.634645548555005,0.3263888888888889,0.99275362318840576
no,Oslo,Lillestrom,2026-06-07,35.0,13,10,5264.5,0,12.608695055694561,0.24390243902439024,1.0
no,Oslo,Lillestrom,2026-06-07,36.0,4,4,8258.0,0,10.039652434481638,0.2857142857142857,0.91666666666666663
no,Oslo,Lillestrom,2026-06-07,38.0,5,5,4809.4,0,18.835929823724349,0.0,1.0
no,Oslo,Lillestrom,2026-06-08,,1,1,3383.0,,0.0,0.1111111111111111,0.1111111111111111
no,Oslo,Lillestrom,2026-06-08,20.0,15,14,2411.7333333333331,0,7.0938216744899147,0.21153846153846154,1.0
no,Oslo,Lillestrom,2026-06-08,21.0,47,47,2922.7659574468084,0,6.2800983593612116,0.28676470588235292,1.0
no,Oslo,Lillestrom,2026-06-08,22.0,38,38,3271.2894736842104,0,7.8670938634188685,0.25517241379310346,0.97841726618705038
no,Oslo,Lillestrom,2026-06-08,23.0,74,74,3443.4189189189187,0,6.9778719452634483,0.23412698412698413,0.991701244813278
no,Oslo,Lillestrom,2026-06-08,24.0,42,42,3663.1666666666665,0,8.3461038598067709,0.2661290322580645,1.0
no,Oslo,Lillestrom,2026-06-08,25.0,93,90,3636.7,0,9.8899824904031632,0.26480836236933797,0.98529411764705888
no,Oslo,Lillestrom,2026-06-08,26.0,129,128,3266.2713178294575,0,10.136903719338257,0.27696078431372551,0.99737532808398954
no,Oslo,Lillestrom,2026-06-08,27.0,162,161,3671.4223602484471,0,10.211637578175448,0.31132075471698112,0.9949874686716792
no,Oslo,Lillestrom,2026-06-08,28.0,74,74,3687.9054054054054,0,13.818700880031546,0.2196969696969697,0.99196787148594379
no,Oslo,Lillestrom,2026-06-08,29.0,92,91,3706.7472527472528,0,12.296491351866022,0.24014336917562723,0.9887640449438202
no,Oslo,Lillestrom,2026-06-08,30.0,29,29,4968.9310344827591,0,13.771302912805577,0.19014084507042253,0.97080291970802923
no,Oslo,Lillestrom,2026-06-08,31.0,43,42,5308.1904761904761,0,13.356307662828753,0.22340425531914893,0.95604395604395609
no,Oslo,Lillestrom,2026-06-08,32.0,60,59,3637.5762711864409,0,14.029294415744978,0.28368794326241137,1.0
no,Oslo,Lillestrom,2026-06-08,36.0,6,6,5196.333333333333,0,14.551451338081788,0.086956521739130432,0.95454545454545459
no,Oslo,Lillestrom,2026-06-09,,5,5,4039.4,0,0.0,0.12280701754385964,0.072727272727272724
no,Oslo,Lillestrom,2026-06-09,17.0,2,2,1094.5,,8.5852468804747772,0.21052631578947367,1.0
no,Oslo,Lillestrom,2026-06-09,18.0,3,3,3732.3333333333335,0,5.6789619642100675,0.1111111111111111,0.94444444444444442
no,Oslo,Lillestrom,2026-06-09,19.0,6,6,1695.1666666666667,0,5.6002981399450649,0.15151515151515152,1.0
no,Oslo,Lillestrom,2026-06-09,20.0,10,9,1784.3,0,8.6018804153509514,0.23684210526315788,0.94444444444444442
no,Oslo,Lillestrom,2026-06-09,21.0,12,12,3156.0833333333335,0.05744979,7.188348381105496,0.21621621621621623,1.0
no,Oslo,Lillestrom,2026-06-09,22.0,44,44,3159.681818181818,0,7.8034504435616805,0.24409448818897639,1.0
no,Oslo,Lillestrom,2026-06-09,23.0,94,92,3577.47311827957,0,7.1938126117590286,0.21142857142857144,0.98780487804878048
no,Oslo,Lillestrom,2026-06-09,24.0,34,34,4299.8823529411766,0,8.6191379047119945,0.18181818181818182,1.0
no,Oslo,Lillestrom,2026-06-09,25.0,55,52,3113.8545454545456,0,10.905627078568806,0.24875621890547264,1.0
no,Oslo,Lillestrom,2026-06-09,26.0,85,85,3625.8588235294119,0,10.94024110763438,0.20714285714285716,0.99242424242424243
no,Oslo,Lillestrom,2026-06-09,27.0,62,62,3453.9032258064517,0,12.341385993708043,0.23696682464454977,0.95959595959595956
no,Oslo,Lillestrom,2026-06-09,28.0,33,33,4388.424242424242,0,9.1581867117960254,0.32631578947368423,0.9550561797752809
no,Oslo,Lillestrom,2026-06-09,29.0,65,65,3626.9692307692308,0,12.239134014129144,0.27976190476190477,0.99371069182389937
no,Oslo,Lillestrom,2026-06-09,30.0,131,131,3350.5496183206105,0.005439005,12.811620838872555,0.2809667673716012,0.99686520376175547
no,Oslo,Lillestrom,2026-06-09,31.0,49,49,3544.1428571428573,0,13.536514079435124,0.27044025157232704,0.993421052631579
no,Oslo,Lillestrom,2026-06-09,32.0,14,12,4532.6428571428569,0,11.986697697822798,0.14285714285714285,1.0
no,Oslo,Lillestrom,2026-06-09,33.0,19,17,3873.3333333333335,0,11.399101757719915,0.2,1.0
no,Oslo,Lillestrom,2026-06-09,36.0,128,128,3346.2734375,0.013735742,16.053984927427123,0.28860759493670884,0.9948051948051948
no,Oslo,Lillestrom,2026-06-09,37.0,29,29,4199.8275862068967,0.059356825,14.372520441545133,0.29090909090909089,1.0
no,Oslo,Lillestrom,2026-06-09,39.0,40,40,3028.225,0.018865418,18.789673940496261,0.26168224299065418,1.0
no,Oslo,Lillestrom,2026-06-09,40.0,79,78,3905.8717948717949,0.021390821,16.689390305917527,0.27272727272727271,1.0
no,Oslo,Lillestrom,2026-06-09,41.0,33,33,3157.0,0.008660054,18.859496070945941,0.21428571428571427,0.990990990990991
no,Oslo,Lillestrom,2026-06-10,,2,2,5918.0,0,0.0,0.030303030303030304,0.13333333333333333
no,Oslo,Lillestrom,2026-06-10,19.0,8,8,1442.875,0,7.7208517079507715,0.23076923076923078,1.0
no,Oslo,Lillestrom,2026-06-10,21.0,3,3,2776.3333333333335,0,4.0,0.18518518518518517,0.86956521739130432
no,Oslo,Lillestrom,2026-06-10,24.0,56,54,3227.3888888888887,0,10.813646367565255,0.23036649214659685,0.98870056497175141
no,Oslo,Lillestrom,2026-06-10,25.0,124,123,3037.8536585365855,0,11.081906407442061,0.25688073394495414,0.98402555910543132
no,Oslo,Lillestrom,2026-06-10,26.0,66,65,3053.0923076923077,0,11.113062497227592,0.24081632653061225,0.99115044247787609
no,Oslo,Lillestrom,2026-06-10,27.0,90,88,3467.5168539325841,0,11.677038307528241,0.27891156462585032,0.99270072992700731
no,Oslo,Lillestrom,2026-06-10,28.0,65,65,3045.6,0,13.217090899651234,0.25,0.99481865284974091
no,Oslo,Lillestrom,2026-06-10,29.0,76,76,3851.2533333333336,0,13.380823940959242,0.22727272727272727,0.98723404255319147
no,Oslo,Lillestrom,2026-06-10,30.0,143,141,4219.7323943661968,0,12.160086989431022,0.26623376623376621,0.99305555555555558
no,Oslo,Lillestrom,2026-06-10,31.0,155,152,3690.8441558441559,0,13.029305214831906,0.25609756097560976,0.99358974358974361
no,Oslo,Lillestrom,2026-06-10,32.0,129,127,3793.1705426356589,0,13.015812698783725,0.26618705035971224,0.98992443324937029
no,Oslo,Lillestrom,2026-06-10,33.0,113,112,3214.0803571428573,0,13.873379310388144,0.2862595419847328,0.992
no,Oslo,Lillestrom,2026-06-10,34.0,39,39,3376.3846153846152,0,13.408832367805234,0.27272727272727271,0.959349593495935
no,Oslo,Lillestrom,2026-06-11,,3,2,2600.0,,24.217362772726634,0.020833333333333332,0.44444444444444442
no,Oslo,Lillestrom,2026-06-11,26.0,23,23,2185.0,0,12.059332036428717,0.29113924050632911,0.98630136986301364
no,Oslo,Lillestrom,2026-06-11,28.0,54,54,3925.462962962963,0,11.120213358495642,0.29605263157894735,0.99319727891156462
no,Oslo,Lillestrom,2026-06-11,29.0,47,44,2893.7954545454545,0.062144947,17.056395658213148,0.27007299270072993,0.98473282442748089
no,Oslo,Lillestrom,2026-06-11,30.0,43,43,3438.5116279069766,0,13.917190813189661,0.18181818181818182,0.99328859060402686
no,Oslo,Lillestrom,2026-06-11,31.0,60,60,3439.2833333333333,0.018897121,13.247769253449905,0.24175824175824176,1.0
no,Oslo,Lillestrom,2026-06-11,32.0,80,80,3612.6875,0,15.211650537492169,0.27312775330396477,0.99528301886792447
no,Oslo,Lillestrom,2026-06-11,33.0,106,105,3222.3333333333335,0.01773624,15.953485105534606,0.30232558139534882,1.0
no,Oslo,Lillestrom,2026-06-11,34.0,52,51,3000.9615384615386,0,16.099081345802674,0.26923076923076922,0.99428571428571433
no,Oslo,Lillestrom,2026-06-11,35.0,110,110,3457.3818181818183,0.015885679,15.362738784790482,0.26780626780626782,1.0
no,Oslo,Lillestrom,2026-06-11,36.0,234,229,3311.0614035087719,0.041807959,17.520395318460103,0.27876823338735818,0.98835274542429286
no,Oslo,Lillestrom,2026-06-11,37.0,93,90,3733.21978021978,0.101960887,18.067227498880875,0.25806451612903225,1.0
no,Oslo,Lillestrom,2026-06-11,38.0,14,14,5161.7142857142853,0.028475278,19.558309209021974,0.175,1.0
no,Oslo,Lillestrom,2026-06-11,39.0,38,38,4368.4210526315792,0,15.920621574929521,0.3300970873786408,0.98989898989899
no,Oslo,Lillestrom,2026-06-11,40.0,18,17,4287.7647058823532,0.264146959,24.218477098120932,0.20754716981132076,0.98039215686274506
no,Oslo,Lillestrom,2026-06-11,41.0,128,119,3626.3966942148759,0.208373373,21.771324808069338,0.2710997442455243,0.97097625329815307
no,Oslo,Lillestrom,2026-06-11,43.0,32,31,4533.0967741935483,0.236931268,21.824665403263573,0.15833333333333333,0.99115044247787609
no,Oslo,Lillestrom,2026-06-11,47.0,5,5,6454.8,0.128477201,22.801787931991448,0.24,1.0
no,Oslo,Lillestrom,2026-06-11,50.0,5,4,4629.75,0.372085596,23.119613867409949,0.081081081081081086,0.91176470588235292
no,Oslo,Lillestrom,2026-06-12,,11,11,6411.636363636364,0.042698548,0.0,0.0970873786407767,0.030927835051546393
no,Oslo,Lillestrom,2026-06-12,24.0,4,4,4177.25,0,8.942731463924714,0.14285714285714285,1.0
no,Oslo,Lillestrom,2026-06-12,25.0,6,6,3783.8333333333335,0,7.7296723253183472,0.21875,0.96153846153846156
no,Oslo,Lillestrom,2026-06-12,26.0,30,30,4332.3666666666668,0,9.6136565643350949,0.28431372549019607,0.98989898989899
no,Oslo,Lillestrom,2026-06-12,27.0,14,14,2350.8571428571427,0,15.457668778853957,0.26923076923076922,1.0
no,Oslo,Lillestrom,2026-06-12,28.0,80,77,3069.2467532467531,0,11.215229510878002,0.24761904761904763,1.0
no,Oslo,Lillestrom,2026-06-12,29.0,113,112,3862.1517857142858,0,11.610324594538879,0.26229508196721313,0.99315068493150682
no,Oslo,Lillestrom,2026-06-12,30.0,139,139,3244.0647482014388,0,12.743186331965397,0.27845036319612593,0.99493670886075947
no,Oslo,Lillestrom,2026-06-12,31.0,117,116,3810.4137931034484,0.006832623,15.132352247851594,0.26136363636363635,0.9939393939393939
no,Oslo,Lillestrom,2026-06-12,32.0,137,134,4295.8823529411766,0,12.37976640458999,0.30789473684210528,0.99456521739130432
no,Oslo,Lillestrom,2026-06-12,33.0,118,117,2928.3305084745762,0.008250742,16.595320531458285,0.25401929260450162,0.99663299663299665
no,Oslo,Lillestrom,2026-06-12,34.0,57,55,2962.6140350877195,0,14.813943780904825,0.32116788321167883,1.0
no,Oslo,Lillestrom,2026-06-12,35.0,165,162,3767.7636363636366,0.017366681,16.457075143955105,0.31590413943355122,0.99318181818181817
no,Oslo,Lillestrom,2026-06-12,36.0,190,189,3877.3227513227512,0.01101962,15.368748480839582,0.32510288065843623,0.99784482758620685
no,Oslo,Lillestrom,2026-06-12,37.0,209,206,3803.75845410628,0,16.077980162713697,0.28647686832740216,1.0
no,Oslo,Lillestrom,2026-06-12,38.0,43,43,3966.9069767441861,0.041793444,18.189932747303786,0.24183006535947713,1.0
no,Oslo,Lillestrom,2026-06-12,39.0,64,63,3755.1111111111113,0.00729368,17.006756716243355,0.35260115606936415,0.9939393939393939
no,Oslo,Lillestrom,2026-06-12,40.0,55,55,4832.2,0,17.169957057622426,0.47959183673469385,1.0
no,Oslo,Lillestrom,2026-06-12,41.0,31,31,2980.1935483870966,0.114052953,20.43050203092989,0.19540229885057472,1.0
no,Oslo,Lillestrom,2026-06-13,,5,5,4841.8,0,0.0,0.13157894736842105,0.055555555555555552
no,Oslo,Lillestrom,2026-06-13,16.0,1,1,1131.0,0,7.0434782608695654,0.13043478260869565,0.91304347826086951
no,Oslo,Lillestrom,2026-06-13,22.0,19,19,2357.4210526315787,0,9.6654136984477823,0.32,0.97777777777777775
no,Oslo,Lillestrom,2026-06-13,23.0,33,32,2355.46875,0,10.336784713753538,0.30851063829787234,1.0
no,Oslo,Lillestrom,2026-06-13,24.0,52,51,3702.7254901960782,0,9.4459044016417337,0.23448275862068965,0.99270072992700731
no,Oslo,Lillestrom,2026-06-13,25.0,24,24,2833.9583333333335,0,10.282143957490742,0.27906976744186046,0.98765432098765427
no,Oslo,Lillestrom,2026-06-13,26.0,66,64,3166.09375,0,12.812711512176922,0.25287356321839083,0.98023715415019763
no,Oslo,Lillestrom,2026-06-13,27.0,43,41,3351.0,0,12.471352624598717,0.26732673267326734,1.0
no,Oslo,Lillestrom,2026-06-13,28.0,13,13,4364.5384615384619,0,9.71987233337834,0.20967741935483872,1.0
no,Oslo,Lillestrom,2026-06-13,29.0,22,22,3296.8636363636365,0,15.638097978987462,0.25806451612903225,1.0
no,Oslo,Lillestrom,2026-06-13,30.0,158,154,2923.3184713375795,0,13.141231703794233,0.32932692307692307,0.989821882951654
no,Oslo,Lillestrom,2026-06-13,31.0,151,149,3564.28,0,13.249503633390232,0.31858407079646017,1.0
no,Oslo,Lillestrom,2026-06-13,32.0,3,3,5396.666666666667,0,14.402030745572207,0.36363636363636365,1.0
no,Oslo,Lillestrom,2026-06-13,33.0,259,256,3641.3410852713178,0,13.782397795233337,0.36048526863084923,0.99640287769784175
no,Oslo,Lillestrom,2026-06-13,34.0,222,216,3547.3073394495414,0,13.912358812349156,0.33951762523191092,0.99223300970873785
no,Oslo,Lillestrom,2026-06-13,35.0,162,160,3385.7888198757764,0,15.734698712206235,0.327319587628866,0.99456521739130432
no,Oslo,Lillestrom,2026-06-13,36.0,126,124,3412.9841269841268,0.010345875,16.108876852862178,0.35135135135135137,0.98943661971830987
no,Oslo,Lillestrom,2026-06-13,37.0,122,120,3320.8583333333331,0,17.095097620077155,0.29487179487179488,0.99733333333333329
no,Oslo,Lillestrom,2026-06-13,38.0,95,95,3757.6842105263158,0.005754104,17.055129556262578,0.28782287822878228,0.9884615384615385
no,Oslo,Lillestrom,2026-06-13,39.0,59,57,3899.7368421052633,0.059706559,18.309226244944192,0.2744186046511628,0.99502487562189057
no,Oslo,Lillestrom,2026-06-13,40.0,42,40,2183.8095238095239,0.436065136,24.244023041218469,0.27407407407407408,0.9921875
no,Oslo,Lillestrom,2026-06-13,41.0,43,42,3190.9761904761904,0.424640279,23.931215677291188,0.27407407407407408,1.0
no,Oslo,Lillestrom,2026-06-13,42.0,17,17,3061.7647058823532,0.338480417,23.613535754806438,0.18309859154929578,1.0
no,Oslo,Lillestrom,2026-06-13,43.0,21,20,3126.1904761904761,0.400884028,23.463079111507657,0.17241379310344829,1.0
no,Oslo,Lillestrom,2026-06-13,44.0,25,24,3474.64,0.273922752,23.215577832367156,0.3188405797101449,1.0
no,Oslo,Lillestrom,2026-06-13,52.0,19,19,2721.7894736842104,0.759158752,24.385732467151879,0.30555555555555558,1.0
no,Oslo,Lillestrom,2026-06-14,,7,6,3650.1666666666665,0,3.6938295551719738,0.18309859154929578,0.29411764705882354
no,Oslo,Lillestrom,2026-06-14,18.0,6,6,2453.3333333333335,0,11.134936327642583,0.20689655172413793,0.9285714285714286
no,Oslo,Lillestrom,2026-06-14,21.0,5,5,3770.2,0,11.466367312473531,0.2413793103448276,0.96296296296296291
no,Oslo,Lillestrom,2026-06-14,22.0,9,9,4456.5555555555557,0,8.25103623442994,0.22222222222222221,1.0
no,Oslo,Lillestrom,2026-06-14,24.0,33,33,3217.3030303030305,0,13.574728329479433,0.27906976744186046,1.0
no,Oslo,Lillestrom,2026-06-14,25.0,19,18,3775.4444444444443,0,14.596101202336484,0.125,0.84722222222222221
no,Oslo,Lillestrom,2026-06-14,26.0,66,66,3266.378787878788,0,12.106479649822324,0.25112107623318386,0.99543378995433784
no,Oslo,Lillestrom,2026-06-14,27.0,170,168,3256.834319526627,0,12.169729414562751,0.2424812030075188,0.98821218074656192
no,Oslo,Lillestrom,2026-06-14,28.0,111,109,4320.136363636364,0,12.957146250241573,0.283987915407855,0.99682539682539684
no,Oslo,Lillestrom,2026-06-14,29.0,98,96,3681.3333333333335,0,12.600907024041225,0.31666666666666665,0.986784140969163
no,Oslo,Lillestrom,2026-06-14,30.0,231,229,3691.2139737991265,0,12.851193139878179,0.32154340836012862,0.98673300165837474
no,Oslo,Lillestrom,2026-06-14,31.0,276,275,3593.478260869565,0.001708336,11.659791738325156,0.32328767123287672,0.98717948717948723
no,Oslo,Lillestrom,2026-06-14,32.0,152,151,3492.0860927152316,0,12.330288743489017,0.34974093264248707,0.99465240641711228
no,Oslo,Lillestrom,2026-06-14,33.0,410,404,3745.0098280098282,0,12.787636736054791,0.3159478435305918,0.98952879581151831
no,Oslo,Lillestrom,2026-06-14,34.0,258,257,4251.8093385214006,0,12.706071911695593,0.34006211180124224,0.9950819672131147
no,Oslo,Lillestrom,2026-06-14,35.0,142,142,3977.56338028169,0,14.852055567163267,0.37804878048780488,0.99678456591639875
no,Oslo,Lillestrom,2026-06-14,36.0,129,127,3778.8515625,0,15.740226635798601,0.3188405797101449,0.98884758364312264
no,Oslo,Lillestrom,2026-06-14,37.0,60,59,3671.4166666666665,0,16.24401929578088,0.27027027027027029,1.0
no,Oslo,Lillestrom,2026-06-14,40.0,12,12,4508.75,0,20.549497877583576,0.19444444444444445,1.0
no,Oslo,Lillestrom,2026-06-14,41.0,21,20,4824.8,0.091289344,18.598971241783076,0.19354838709677419,0.98888888888888893
no,Oslo,Lillestrom,2026-06-14,43.0,5,4,5940.25,0,15.64059441555596,0.13636363636363635,1.0
no,Oslo,Lillestrom,2026-06-14,45.0,4,4,7450.75,0,17.651441054886241,0.0,0.91666666666666663
no,Oslo,Lillestrom,2026-06-15,,4,4,5372.25,0,0.0,0.076923076923076927,0.16666666666666666
no,Oslo,Lillestrom,2026-06-15,23.0,6,6,2673.0,0,7.1455879525387047,0.17857142857142858,1.0
no,Oslo,Lillestrom,2026-06-15,24.0,30,30,4167.2666666666664,0,9.8047984919187385,0.18181818181818182,0.97520661157024791
no,Oslo,Lillestrom,2026-06-15,25.0,39,39,3305.5128205128203,0,9.028961983639924,0.25,0.9925373134328358
no,Oslo,Lillestrom,2026-06-15,26.0,105,105,3383.4190476190474,0,10.135159517337122,0.25,1.0
no,Oslo,Lillestrom,2026-06-15,27.0,138,134,4014.9555555555557,0.006434286,11.564590167387591,0.28426395939086296,0.98659517426273458
no,Oslo,Lillestrom,2026-06-15,28.0,112,110,3324.0803571428573,0,12.60394102011823,0.25936599423631124,0.9939393939393939
no,Oslo,Lillestrom,2026-06-15,29.0,74,72,3718.2837837837837,0,12.963861490643854,0.23636363636363636,0.99606299212598426
no,Oslo,Lillestrom,2026-06-15,30.0,58,56,3915.125,0,12.054536213012277,0.22279792746113988,1.0
no,Oslo,Lillestrom,2026-06-15,31.0,87,86,3323.6395348837209,0,13.610426938253893,0.31415929203539822,0.99082568807339455
no,Oslo,Lillestrom,2026-06-15,32.0,129,127,3689.1627906976746,0,14.290168501936442,0.26785714285714285,0.99182561307901906
no,Oslo,Lillestrom,2026-06-15,33.0,171,169,4136.2529411764708,0.001534341,14.435528689597145,0.2988505747126437,0.9828850855745721
no,Oslo,Lillestrom,2026-06-15,34.0,29,29,3061.6206896551726,0,14.670735961369875,0.29166666666666669,1.0
no,Oslo,Lillestrom,2026-06-15,35.0,20,20,3233.8,0.153445418,17.471142902456897,0.15294117647058825,0.93975903614457834
no,Oslo,Lillestrom,2026-06-15,37.0,8,6,4280.4285714285716,0,19.958840553227613,0.1111111111111111,0.91666666666666663
no,Oslo,Lillestrom,2026-06-15,39.0,7,7,6805.1428571428569,0.184274809,20.26870545440752,0.20833333333333334,0.95833333333333337
no,Oslo,Lillestrom,2026-06-15,41.0,8,8,5461.125,0,21.248294690151241,0.1,0.8666666666666667
no,Oslo,Lillestrom,2026-06-16,,4,4,5280.25,0,0.0,0.075,0.026315789473684209
no,Oslo,Lillestrom,2026-06-16,23.0,14,13,2184.6923076923076,0,11.386891510396316,0.24242424242424243,0.95238095238095233
no,Oslo,Lillestrom,2026-06-16,25.0,11,11,2793.6363636363635,0,10.668927477656252,0.27586206896551724,1.0
no,Oslo,Lillestrom,2026-06-16,26.0,28,28,3021.0,0,10.347515948149324,0.40384615384615385,1.0
no,Oslo,Lillestrom,2026-06-16,27.0,55,54,2902.5090909090909,0,12.662063964600835,0.23628691983122363,1.0
no,Oslo,Lillestrom,2026-06-16,28.0,76,75,3072.5466666666666,0,14.394084599169538,0.30412371134020616,1.0
no,Oslo,Lillestrom,2026-06-16,29.0,26,26,3439.6153846153848,0,13.424596187739981,0.27586206896551724,0.98837209302325579
no,Oslo,Lillestrom,2026-06-16,30.0,106,105,3558.3773584905662,0,14.200658028457829,0.27974276527331188,0.98333333333333328
no,Oslo,Lillestrom,2026-06-16,31.0,138,137,3587.4379562043796,0.011187775,14.530150894642206,0.29556650246305421,0.99226804123711343
no,Oslo,Lillestrom,2026-06-16,32.0,62,61,3102.967213114754,0,14.073267110207066,0.28235294117647058,1.0
no,Oslo,Lillestrom,2026-06-16,33.0,106,105,3896.2476190476191,0.006818657,15.558148730316383,0.27659574468085107,0.99365079365079367
no,Oslo,Lillestrom,2026-06-16,34.0,49,48,3345.6458333333335,0,18.28035399912044,0.32,0.99173553719008267
no,Oslo,Lillestrom,2026-06-16,35.0,191,186,3746.3208556149734,0.024322603,17.014084169186653,0.29979879275653926,0.99578947368421056
no,Oslo,Lillestrom,2026-06-16,36.0,60,58,3976.1355932203392,0,17.502116911158204,0.17289719626168223,0.99014778325123154
no,Oslo,Lillestrom,2026-06-16,37.0,70,68,3481.246376811594,0,16.786010896515275,0.26203208556149732,1.0
no,Oslo,Lillestrom,2026-06-16,38.0,45,43,4415.2790697674418,0.043342224,18.380763326007479,0.25443786982248523,0.98765432098765427
no,Oslo,Lillestrom,2026-06-16,40.0,28,27,4350.3461538461543,0,16.046559126072371,0.33333333333333331,1.0
no,Oslo,Lillestrom,2026-06-16,42.0,25,20,3603.75,0.134931353,22.0951720881026,0.22916666666666666,0.98936170212765961
no,Oslo,Lillestrom,2026-06-16,43.0,34,25,3223.08,0.301886792,28.624319228302721,0.24242424242424243,0.5957446808510638
no,Oslo,Lillestrom,2026-06-16,44.0,38,33,3955.3939393939395,0.430265783,25.521174571636216,0.24031007751937986,0.77049180327868849
no,Oslo,Lillestrom,2026-06-16,45.0,11,5,3146.2,1.03318992,29.455095141391929,0.20930232558139536,0.35714285714285715
no,Oslo,Lillestrom,2026-06-16,50.0,9,5,2119.0,0.615193026,25.559183470145612,0.29411764705882354,0.673469387755102
no,Oslo,Lillestrom,2026-06-16,54.0,22,14,4722.4285714285716,0.498684705,26.67346100268789,0.20833333333333334,0.66666666666666663
no,Oslo,Lillestrom,2026-06-17,,2,2,2211.5,,0.0,0.13333333333333333,0.17857142857142858
no,Oslo,Lillestrom,2026-06-17,22.0,5,5,2106.6,0,10.846522013264682,0.16666666666666666,1.0
no,Oslo,Lillestrom,2026-06-17,23.0,9,7,3150.5714285714284,0,11.677718364802237,0.2,0.96969696969696972
no,Oslo,Lillestrom,2026-06-17,24.0,18,16,3170.6875,0,11.304793416471759,0.19148936170212766,1.0
no,Oslo,Lillestrom,2026-06-17,25.0,43,42,3591.3720930232557,0,9.0774139869038173,0.13157894736842105,0.96402877697841727
no,Oslo,Lillestrom,2026-06-17,26.0,12,12,3711.4166666666665,0,11.044999787999268,0.16666666666666666,0.9821428571428571
no,Oslo,Lillestrom,2026-06-17,27.0,5,5,3285.2,0,11.419769992438175,0.15625,0.93103448275862066
no,Oslo,Lillestrom,2026-06-17,29.0,47,47,3463.0,0.036343884,13.242917492396758,0.19886363636363635,0.99401197604790414
no,Oslo,Lillestrom,2026-06-17,30.0,71,70,3546.5714285714284,0,15.071166226389744,0.25628140703517588,0.98952879581151831
no,Oslo,Lillestrom,2026-06-17,31.0,43,43,4069.8604651162791,0,12.806177781046845,0.27642276422764228,0.97457627118644063
no,Oslo,Lillestrom,2026-06-17,32.0,57,57,4057.0175438596493,0,15.881619725334629,0.19900497512437812,1.0
no,Oslo,Lillestrom,2026-06-17,33.0,70,70,2742.7857142857142,0,17.190224074090047,0.19791666666666666,0.994475138121547
no,Oslo,Lillestrom,2026-06-17,34.0,119,118,2674.898305084746,0.001961722,17.183736389455728,0.35646687697160884,0.99671052631578949
no,Oslo,Lillestrom,2026-06-17,35.0,39,39,3177.4102564102564,0,17.5150998838993,0.28971962616822428,1.0
no,Oslo,Lillestrom,2026-06-17,36.0,126,123,3134.52,0.016284987,18.358437609115978,0.27925531914893614,0.9888579387186629
no,Oslo,Lillestrom,2026-06-17,37.0,66,65,2902.4,0.086512027,19.171966216120005,0.31097560975609756,1.0
no,Oslo,Lillestrom,2026-06-17,38.0,97,97,3499.8659793814431,0.00688001,16.359518921208643,0.33204633204633205,0.992
no,Oslo,Lillestrom,2026-06-17,39.0,83,83,3655.734939759036,0.040249898,18.950114354591904,0.32307692307692309,1.0
no,Oslo,Lillestrom,2026-06-17,40.0,95,95,3613.6736842105265,0.028870818,18.22664516776619,0.28676470588235292,0.984313725490196
no,Oslo,Lillestrom,2026-06-17,41.0,114,114,3040.9824561403507,0.010711085,19.183951039847198,0.32142857142857145,0.992619926199262
no,Oslo,Lillestrom,2026-06-17,42.0,45,45,4216.5555555555557,0.067033615,18.662518322994668,0.24657534246575341,0.98550724637681164
no,Oslo,Lillestrom,2026-06-17,43.0,20,20,3657.75,0.040040605,21.749106791209915,0.22641509433962265,1.0
no,Oslo,Lillestrom,2026-06-18,,1,1,5328.0,,0.0,0.0,0.14285714285714285
no,Oslo,Lillestrom,2026-06-18,17.0,10,10,2342.8,0,5.3931328735353317,0.39473684210526316,1.0
no,Oslo,Lillestrom,2026-06-18,21.0,3,3,2816.6666666666665,0,8.9465792369093275,0.21428571428571427,1.0
no,Oslo,Lillestrom,2026-06-18,22.0,9,9,3629.6666666666665,0,10.0793418667285,0.2,1.0
no,Oslo,Lillestrom,2026-06-18,23.0,9,9,3144.8888888888887,0,8.137129481966296,0.17647058823529413,1.0
no,Oslo,Lillestrom,2026-06-18,24.0,28,28,3063.1071428571427,0,9.8980054181445851,0.25263157894736843,0.97727272727272729
no,Oslo,Lillestrom,2026-06-18,25.0,39,39,2892.9743589743589,0,12.15063833583374,0.26056338028169013,1.0
no,Oslo,Lillestrom,2026-06-18,26.0,9,9,3068.2222222222222,0,11.868240697232711,0.21428571428571427,1.0
no,Oslo,Lillestrom,2026-06-18,27.0,46,45,3441.7777777777778,0,10.773736550297299,0.17721518987341772,1.0
no,Oslo,Lillestrom,2026-06-18,28.0,73,73,3753.5205479452056,0,11.744097209321094,0.30097087378640774,0.983957219251337
no,Oslo,Lillestrom,2026-06-18,29.0,61,61,3658.0163934426228,0,12.964718485318837,0.228310502283105,0.99528301886792447
no,Oslo,Lillestrom,2026-06-18,30.0,143,136,3671.5571428571429,0,13.783836556477453,0.25659472422062352,0.9974811083123426
no,Oslo,Lillestrom,2026-06-18,31.0,126,125,3823.984,0,12.383182979003591,0.30283911671924291,0.99657534246575341
no,Oslo,Lillestrom,2026-06-18,32.0,51,49,2991.24,0,15.689035800160159,0.3,0.97959183673469385
no,Oslo,Lillestrom,2026-06-18,33.0,52,50,3226.76,0,15.104155119100531,0.20710059171597633,0.94339622641509435
no,Oslo,Lillestrom,2026-06-18,34.0,100,99,3443.72,0.015365557,17.46363816765076,0.2808988764044944,0.996078431372549
no,Oslo,Lillestrom,2026-06-18,35.0,154,151,3653.0065789473683,0.015162155,17.924357822871162,0.31898734177215188,1.0
no,Oslo,Lillestrom,2026-06-18,36.0,44,43,3534.0930232558139,0.011683074,17.59240684469993,0.2857142857142857,0.95327102803738317
no,Oslo,Lillestrom,2026-06-18,37.0,97,93,3733.010752688172,0.009488353,17.350160250293641,0.34959349593495936,0.96234309623430958
no,Oslo,Lillestrom,2026-06-18,38.0,74,73,3689.5479452054797,0.042426891,17.853681833295752,0.28061224489795916,1.0
no,Oslo,Lillestrom,2026-06-18,39.0,74,74,3735.5,0,17.781945454386953,0.34285714285714286,0.99401197604790414
no,Oslo,Lillestrom,2026-06-18,40.0,13,13,6064.0,0,16.277876068172233,0.19047619047619047,0.97368421052631582
no,Oslo,Lillestrom,2026-06-19,,5,5,4756.6,0,13.419369045721476,0.03125,0.33333333333333331
no,Oslo,Lillestrom,2026-06-19,24.0,42,42,2861.0,0,10.174608053550745,0.22580645161290322,0.96491228070175439
no,Oslo,Lillestrom,2026-06-19,25.0,38,37,3712.9729729729729,0,10.842046826830098,0.25757575757575757,0.991869918699187
no,Oslo,Lillestrom,2026-06-19,26.0,49,48,3554.4285714285716,0,11.179678988441008,0.28846153846153844,0.95945945945945943
no,Oslo,Lillestrom,2026-06-19,27.0,33,32,3340.15625,0,11.907517971122095,0.21875,0.9887640449438202
no,Oslo,Lillestrom,2026-06-19,28.0,102,101,3195.4215686274511,0,12.168698686501816,0.27843137254901962,0.98728813559322037
no,Oslo,Lillestrom,2026-06-19,29.0,201,200,3595.805,0,13.518314417460793,0.31075697211155379,0.99356223175965663
no,Oslo,Lillestrom,2026-06-19,30.0,100,99,4258.33,0,12.346710025873952,0.31075697211155379,0.99163179916317989
no,Oslo,Lillestrom,2026-06-19,31.0,171,168,3748.9298245614036,0,13.854064299243548,0.34491315136476425,0.99740932642487046
no,Oslo,Lillestrom,2026-06-19,32.0,173,172,3904.0693641618495,0,12.484148873037453,0.32,0.99460916442048519
no,Oslo,Lillestrom,2026-06-19,33.0,151,150,3716.3311258278145,0,13.653497823301914,0.33670886075949369,0.997289972899729
no,Oslo,Lillestrom,2026-06-19,34.0,67,66,4256.984848484848,0,13.198057707757778,0.31382978723404253,1.0
no,Oslo,Lillestrom,2026-06-19,35.0,177,175,3880.2742857142857,0,14.473261768610376,0.35388127853881279,0.98812351543942989
no,Oslo,Lillestrom,2026-06-19,36.0,170,169,3997.7117647058822,0,15.402809047483251,0.33604336043360433,0.9943820224719101
no,Oslo,Lillestrom,2026-06-19,38.0,56,54,3693.5555555555557,0,16.720251771905698,0.41666666666666669,0.989247311827957
no,Oslo,Lillestrom,2026-06-20,,3,3,2438.0,0.742857143,35.004820048547366,0.0,0.090909090909090912
no,Oslo,Lillestrom,2026-06-20,18.0,8,8,1420.625,0,3.4476211258165992,0.29629629629629628,1.0
no,Oslo,Lillestrom,2026-06-20,19.0,7,7,1377.1428571428571,0,12.074538016477074,0.3,0.95
no,Oslo,Lillestrom,2026-06-20,22.0,42,41,3797.6097560975609,0,7.1534344272415833,0.33684210526315789,0.978494623655914
no,Oslo,Lillestrom,2026-06-20,23.0,111,110,3183.234234234234,0.006884562,8.6043393706143227,0.28693181818181818,0.98795180722891562
no,Oslo,Lillestrom,2026-06-20,24.0,58,56,3663.9473684210525,0,8.7522489555394483,0.24864864864864866,0.99404761904761907
no,Oslo,Lillestrom,2026-06-20,25.0,66,65,3625.2923076923075,0.014554795,8.9540541848828674,0.20689655172413793,1.0
no,Oslo,Lillestrom,2026-06-20,26.0,147,146,3973.4863013698632,0,9.0511257941779224,0.3209169054441261,0.99367088607594933
no,Oslo,Lillestrom,2026-06-20,27.0,351,350,3485.1371428571429,0,8.7715436765896762,0.29378531073446329,0.9903264812575574
no,Oslo,Lillestrom,2026-06-20,28.0,311,309,4099.6266233766237,0.004097759,9.37659759637569,0.31326781326781328,0.99335106382978722
no,Oslo,Lillestrom,2026-06-20,29.0,85,85,3253.964705882353,0,11.368615421218234,0.3125,0.99576271186440679
no,Oslo,Lillestrom,2026-06-20,30.0,149,146,3837.2364864864867,0,9.3014633099400648,0.31980906921241048,0.99497487437185927
no,Oslo,Lillestrom,2026-06-20,31.0,39,39,3844.74358974359,0,11.159541623757734,0.26428571428571429,0.97674418604651159
no,Oslo,Lillestrom,2026-06-20,32.0,105,103,4441.1067961165045,0,11.787147916033275,0.2375,0.99665551839464883
no,Oslo,Lillestrom,2026-06-20,33.0,15,15,4782.2,0,13.14609733784846,0.34146341463414637,1.0
no,Oslo,Lillestrom,2026-06-20,39.0,4,3,2696.6666666666665,0,16.645864272414322,0.125,1.0
no,Oslo,Lillestrom,2026-06-20,41.0,3,2,5139.0,0,20.629716082060252,0.0,1.0
no,Oslo,Lillestrom,2026-06-21,,4,3,5578.75,0,0.0,0.064516129032258063,
no,Oslo,Lillestrom,2026-06-21,19.0,23,23,2754.0434782608695,0,5.906309123977624,0.27659574468085107,
no,Oslo,Lillestrom,2026-06-21,20.0,12,12,2635.5,0,3.857770981882275,0.33333333333333331,
no,Oslo,Lillestrom,2026-06-21,22.0,34,33,3362.121212121212,0,9.0076538972418412,0.328125,
no,Oslo,Lillestrom,2026-06-21,23.0,98,98,3447.5816326530612,0,8.97831015031722,0.27574750830564781,
no,Oslo,Lillestrom,2026-06-21,24.0,74,73,4301.7162162162158,0,8.5709866257462721,0.26016260162601629,
no,Oslo,Lillestrom,2026-06-21,25.0,50,50,3293.82,0,5.483683191060015,0.4049586776859504,
no,Oslo,Lillestrom,2026-06-21,26.0,209,209,3530.22009569378,0,6.911445431343993,0.30696798493408661,0.97142857142857142
no,Oslo,Lillestrom,2026-06-21,27.0,131,126,3944.8076923076924,0,11.242766618635311,0.24480369515011546,
no,Oslo,Lillestrom,2026-06-21,28.0,288,283,3815.5598591549297,0,9.6689435127665337,0.34125874125874128,
no,Oslo,Lillestrom,2026-06-21,29.0,211,209,3725.1611374407585,0,8.0421827033423234,0.34865900383141762,
no,Oslo,Lillestrom,2026-06-21,30.0,115,113,3984.0087719298244,0,10.393196279761597,0.3003003003003003,0.98461538461538467
no,Oslo,Lillestrom,2026-06-21,31.0,166,166,4061.7048192771085,0,8.9378233630758128,0.34674922600619196,1.0
no,Oslo,Lillestrom,2026-06-21,32.0,158,155,3577.6193548387096,0,14.046429805201658,0.35449735449735448,
no,Oslo,Lillestrom,2026-06-21,33.0,211,209,3378.4714285714285,0,14.251773865447229,0.36343612334801761,
no,Oslo,Lillestrom,2026-06-21,34.0,83,82,3784.4698795180725,0,14.657964553668528,0.33004926108374383,
no,Oslo,Lillestrom,2026-06-21,35.0,83,80,4178.6707317073169,0,14.344272469922865,0.36363636363636365,
no,Oslo,Lillestrom,2026-06-21,37.0,3,3,5009.666666666667,0,10.536978303871756,0.12,0.95454545454545459
no,Oslo,Lillestrom,2026-06-21,40.0,9,5,2314.6,0,21.245972907763598,0.13636363636363635,0.95
no,Oslo,Lillestrom,2026-06-22,,3,3,3501.3333333333335,0,0.61544893991847649,0.13725490196078433,0.15555555555555556
no,Oslo,Lillestrom,2026-06-22,20.0,9,9,3338.0,0,9.3933838360837836,0.16666666666666666,1.0
no,Oslo,Lillestrom,2026-06-22,21.0,5,5,4752.6,0,5.8180743887536179,0.2857142857142857,1.0
no,Oslo,Lillestrom,2026-06-22,22.0,9,9,1874.2222222222222,0,8.4590749947159924,0.32142857142857145,1.0
no,Oslo,Lillestrom,2026-06-22,24.0,27,27,3558.2592592592591,0,11.122855699377023,0.19230769230769232,0.971830985915493
no,Oslo,Lillestrom,2026-06-22,25.0,15,14,1688.2307692307693,0,8.3886282366693816,0.16,1.0
no,Oslo,Lillestrom,2026-06-22,26.0,34,34,3180.5,0,10.523177883150531,0.23972602739726026,1.0
no,Oslo,Lillestrom,2026-06-22,27.0,64,64,3737.8125,0,11.673522283498668,0.24154589371980675,0.99476439790575921
no,Oslo,Lillestrom,2026-06-22,28.0,159,158,3744.4905660377358,0,11.655154675014659,0.30504587155963303,0.9928057553956835
no,Oslo,Lillestrom,2026-06-22,29.0,137,136,3482.0364963503648,0,12.771497871462959,0.26540284360189575,0.98989898989899
no,Oslo,Lillestrom,2026-06-22,30.0,105,101,3401.9029126213591,0,13.578043087337024,0.25977653631284914,0.9939393939393939
no,Oslo,Lillestrom,2026-06-22,31.0,80,77,4655.7215189873414,0,14.485637567741948,0.25384615384615383,0.99576271186440679
no,Oslo,Lillestrom,2026-06-22,32.0,104,104,3884.1057692307691,0,14.495863002476941,0.32684824902723736,0.99586776859504134
no,Oslo,Lillestrom,2026-06-22,33.0,103,99,4100.909090909091,0,15.18363146790009,0.23753665689149561,0.99044585987261147
no,Oslo,Lillestrom,2026-06-22,34.0,97,95,3122.0842105263159,0.005596648,15.532671439355529,0.31182795698924731,0.98161764705882348
no,Oslo,Lillestrom,2026-06-22,35.0,54,51,4258.3921568627447,0,18.332212769720616,0.15873015873015872,0.92899408284023666
no,Oslo,Lillestrom,2026-06-22,36.0,10,10,5257.1,0,14.753538602294579,0.325,0.975
no,Oslo,Lillestrom,2026-06-22,37.0,72,72,3397.9166666666665,0,16.400743221403911,0.29813664596273293,1.0
no,Oslo,Lillestrom,2026-06-22,38.0,12,10,3134.7,0.093970894,18.101537047665289,0.18,0.93617021276595747
no,Oslo,Lillestrom,2026-06-22,39.0,17,10,7488.3,0,17.959959268262487,0.35849056603773582,0.9
no,Oslo,Lillestrom,2026-06-22,48.0,4,4,4603.75,0,16.666735731998024,0.1111111111111111,1.0
no,Oslo,Lillestrom,2026-06-23,,1,0,,,0.0,0.090909090909090912,0.0
no,Oslo,Lillestrom,2026-06-23,20.0,4,4,2237.5,,8.5276567893691411,0.095238095238095233,1.0
no,Oslo,Lillestrom,2026-06-23,21.0,7,7,3874.8571428571427,0,4.3896152146627117,0.15789473684210525,1.0
no,Oslo,Lillestrom,2026-06-23,23.0,26,26,2583.3846153846152,0,8.4813614082173245,0.2375,1.0
no,Oslo,Lillestrom,2026-06-23,24.0,3,3,5221.333333333333,0,5.8214481288456428,0.066666666666666666,1.0
no,Oslo,Lillestrom,2026-06-23,25.0,13,13,4582.3846153846152,0,7.1344110686420734,0.27142857142857141,1.0
no,Oslo,Lillestrom,2026-06-23,26.0,28,27,3456.4642857142858,0,11.35058687698363,0.17687074829931973,0.97468354430379744
no,Oslo,Lillestrom,2026-06-23,27.0,31,31,3148.5483870967741,0,13.69634958239693,0.14666666666666667,1.0
no,Oslo,Lillestrom,2026-06-23,28.0,57,52,3451.4038461538462,0,14.153295431909081,0.26515151515151514,0.92957746478873238
no,Oslo,Lillestrom,2026-06-23,29.0,62,62,3597.4354838709678,0,13.949880514671685,0.27807486631016043,0.98581560283687941
no,Oslo,Lillestrom,2026-06-23,30.0,183,182,3859.697802197802,0,12.89784816179343,0.29677419354838708,0.99111111111111116
no,Oslo,Lillestrom,2026-06-23,31.0,127,124,3390.176,0,13.422782180257117,0.25329815303430081,0.98333333333333328
no,Oslo,Lillestrom,2026-06-23,32.0,53,53,3436.7358490566039,0,14.364971097515571,0.26829268292682928,1.0
no,Oslo,Lillestrom,2026-06-23,33.0,221,220,3921.6606334841631,0,14.178623337054729,0.32514177693761814,0.997289972899729
no,Oslo,Lillestrom,2026-06-23,34.0,69,68,4232.85294117647,0,14.127353707215686,0.28658536585365851,1.0
no,Oslo,Lillestrom,2026-06-23,35.0,135,132,3611.3984962406016,0,15.108481109797765,0.31510416666666669,0.99270072992700731
no,Oslo,Lillestrom,2026-06-23,37.0,45,43,3665.0,0,16.766232078659087,0.23853211009174313,0.93333333333333335
no,Oslo,Lillestrom,2026-06-23,38.0,79,79,3313.5822784810125,0,17.677489648682208,0.30541871921182268,0.99371069182389937
no,Oslo,Lillestrom,2026-06-24,20.0,7,7,1951.2857142857142,0,6.40958872226169,0.12903225806451613,0.9642857142857143
no,Oslo,Lillestrom,2026-06-24,22.0,11,11,3205.5454545454545,0,9.068519585056503,0.22580645161290322,1.0
no,Oslo,Lillestrom,2026-06-24,23.0,16,16,3793.9375,0,7.8786366499133873,0.30666666666666664,0.9726027397260274
no,Oslo,Lillestrom,2026-06-24,24.0,43,43,2938.5116279069766,0,9.7381944299616165,0.20300751879699247,0.992
no,Oslo,Lillestrom,2026-06-24,25.0,42,42,2873.3809523809523,0,6.5683506435371619,0.29365079365079366,1.0
no,Oslo,Lillestrom,2026-06-24,26.0,89,87,3505.090909090909,0,10.607015230523011,0.23287671232876711,0.995260663507109
no,Oslo,Lillestrom,2026-06-24,27.0,102,101,3095.0099009900991,0,11.200616323721075,0.32089552238805968,0.99215686274509807
no,Oslo,Lillestrom,2026-06-24,28.0,152,149,3619.2434210526317,0,10.772320004673434,0.27311827956989249,0.99772209567198178
no,Oslo,Lillestrom,2026-06-24,29.0,78,75,3617.3376623376626,0,12.048263026497908,0.34210526315789475,0.97222222222222221
no,Oslo,Lillestrom,2026-06-24,30.0,254,252,3414.6614173228345,0,13.037501635685953,0.2930298719772404,0.9939577039274925
no,Oslo,Lillestrom,2026-06-24,31.0,100,96,3583.7857142857142,0,14.344505811284497,0.29493087557603687,0.98989898989899
no,Oslo,Lillestrom,2026-06-24,32.0,107,107,3518.2429906542056,0,14.407583440419732,0.31304347826086959,0.99088145896656532
no,Oslo,Lillestrom,2026-06-24,33.0,63,59,4118.9516129032254,0,14.306294532299844,0.3007518796992481,1.0
no,Oslo,Lillestrom,2026-06-24,34.0,14,14,6783.7857142857147,0,12.580134382744749,0.28333333333333333,1.0
no,Oslo,Lillestrom,2026-06-24,35.0,10,4,2790.5,0.108705458,20.13784483388811,0.21875,0.71875
no,Oslo,Lillestrom,2026-06-24,36.0,4,4,4913.5,0.105421687,20.290557260782389,0.08,0.96
no,Oslo,Lillestrom,2026-06-24,37.0,11,11,3111.9,0,17.551639386909613,0.17307692307692307,1.0
no,Oslo,Lillestrom,2026-06-24,38.0,11,9,5629.0,0,14.606692780203433,0.20689655172413793,0.82758620689655171
no,Oslo,Lillestrom,2026-06-24,40.0,7,5,2132.6,0,27.029320479194695,0.0,0.4
no,Oslo,Lillestrom,2026-06-25,,2,2,5135.5,0,21.428571428571427,0.071428571428571425,0.07407407407407407
no,Oslo,Lillestrom,2026-06-25,21.0,1,1,1322.0,,12.083825866891285,0.16666666666666666,0.94444444444444442
no,Oslo,Lillestrom,2026-06-25,22.0,12,12,4219.0,0,7.86569876586641,0.3888888888888889,1.0
no,Oslo,Lillestrom,2026-06-25,23.0,9,9,2770.7777777777778,0,8.010857015064806,0.21951219512195122,1.0
no,Oslo,Lillestrom,2026-06-25,24.0,5,5,2653.0,0.273433454,11.712882754503754,0.14285714285714285,1.0
no,Oslo,Lillestrom,2026-06-25,25.0,23,21,3026.090909090909,0,10.504114803385059,0.29729729729729731,1.0
no,Oslo,Lillestrom,2026-06-25,27.0,87,87,2870.0344827586205,0,13.227033676844234,0.24060150375939848,1.0
no,Oslo,Lillestrom,2026-06-25,28.0,114,114,3430.1842105263158,0,13.43814627711104,0.34740259740259738,0.9932432432432432
no,Oslo,Lillestrom,2026-06-25,29.0,96,95,2872.757894736842,0,11.745500201915268,0.3125,0.99435028248587576
no,Oslo,Lillestrom,2026-06-25,30.0,51,50,3825.8431372549021,0,13.622580817285327,0.24806201550387597,0.983739837398374
no,Oslo,Lillestrom,2026-06-25,31.0,157,154,3796.0129870129872,0,13.408288686665747,0.34061135371179041,0.99540229885057474
no,Oslo,Lillestrom,2026-06-25,32.0,82,81,4056.7777777777778,0,14.662541795214592,0.28703703703703703,0.995049504950495
no,Oslo,Lillestrom,2026-06-25,33.0,154,150,3293.6,0.004185699,16.058954053993538,0.30815709969788518,0.95924764890282133
no,Oslo,Lillestrom,2026-06-25,34.0,51,49,3981.591836734694,0,13.620280258917576,0.31858407079646017,0.98148148148148151
no,Oslo,Lillestrom,2026-06-25,35.0,75,73,4057.0136986301368,0,14.298525884586008,0.31770833333333331,1.0
no,Oslo,Lillestrom,2026-06-25,36.0,68,68,3660.3235294117649,0,16.621246952273893,0.33333333333333331,1.0
no,Oslo,Lillestrom,2026-06-25,37.0,7,7,4021.2857142857142,0.064135454,15.813961819284053,0.20930232558139536,0.76315789473684215
no,Oslo,Lillestrom,2026-06-25,38.0,41,41,3967.6097560975609,0,19.106251611732674,0.35802469135802467,0.98734177215189878
no,Oslo,Lillestrom,2026-06-25,39.0,39,38,3226.1794871794873,0.045675537,20.136939496645798,0.33720930232558138,1.0
no,Oslo,Lillestrom,2026-06-25,40.0,41,39,3362.6923076923076,0.07248031,18.808769869446195,0.23636363636363636,0.93
no,Oslo,Lillestrom,2026-06-25,42.0,65,65,3960.2153846153847,0.088797533,19.8345954476959,0.29891304347826086,1.0
no,Oslo,Lillestrom,2026-06-25,43.0,31,31,3785.2903225806454,0.031561814,18.242674966781397,0.27586206896551724,0.9882352941176471
no,Oslo,Lillestrom,2026-06-26,,3,2,2620.5,,0.0,0.1,0.10526315789473684
no,Oslo,Lillestrom,2026-06-26,21.0,27,27,2557.5555555555557,0,8.5793068854237688,0.273972602739726,1.0
no,Oslo,Lillestrom,2026-06-26,23.0,8,8,3354.75,0,9.31839366540226,0.26315789473684209,0.972972972972973
no,Oslo,Lillestrom,2026-06-26,24.0,35,35,3242.2571428571428,0,10.578662038583815,0.30927835051546393,0.98936170212765961
no,Oslo,Lillestrom,2026-06-26,25.0,30,30,3338.0666666666666,0,10.154392969320179,0.30107526881720431,1.0
no,Oslo,Lillestrom,2026-06-26,26.0,51,51,3454.3921568627452,0,10.669293957038033,0.24203821656050956,0.96598639455782309
no,Oslo,Lillestrom,2026-06-26,27.0,32,31,2997.9354838709678,0,14.56130881146691,0.31632653061224492,1.0
no,Oslo,Lillestrom,2026-06-26,28.0,125,122,3848.2177419354839,0,9.2148564616162183,0.35278514588859416,0.97752808988764039
no,Oslo,Lillestrom,2026-06-26,29.0,113,111,3636.625,0,10.279282665621681,0.35094339622641507,0.988
no,Oslo,Lillestrom,2026-06-26,30.0,96,93,3631.2842105263157,0.001879898,11.864581147345934,0.24822695035460993,0.98496240601503759
no,Oslo,Lillestrom,2026-06-26,31.0,103,100,3508.4653465346537,0.005214073,13.286363089544032,0.24390243902439024,0.99032258064516132
no,Oslo,Lillestrom,2026-06-26,32.0,151,148,4165.5165562913908,0.017335377,12.258934467259881,0.30025445292620867,1.0
no,Oslo,Lillestrom,2026-06-26,33.0,178,175,3855.2386363636365,0.004514704,14.569980529551829,0.30482456140350878,0.9953596287703016
no,Oslo,Lillestrom,2026-06-26,34.0,83,83,3988.4268292682927,0,11.758279360256019,0.4143646408839779,1.0
no,Oslo,Lillestrom,2026-06-26,35.0,161,161,3555.0124223602484,0,13.354635246794743,0.34173669467787116,1.0
no,Oslo,Lillestrom,2026-06-26,36.0,49,49,4109.408163265306,0,15.008333822025476,0.39823008849557523,1.0
no,Oslo,Lillestrom,2026-06-26,37.0,116,115,3694.1565217391303,0.064608312,17.174379341502927,0.33082706766917291,1.0
no,Oslo,Lillestrom,2026-06-26,39.0,66,66,4021.6363636363635,0.069889826,16.801006146056167,0.38607594936708861,1.0
no,Oslo,Lillestrom,2026-06-26,42.0,41,41,3663.4634146341464,0.10710598,22.772049951826009,0.375,1.0
no,Oslo,Lillestrom,2026-06-27,,2,1,5645.0,0,0.0,0.076923076923076927,0.0
no,Oslo,Lillestrom,2026-06-27,23.0,44,44,2692.2727272727275,0,6.4021800983833668,0.34666666666666668,0.99305555555555558
no,Oslo,Lillestrom,2026-06-27,24.0,13,13,3791.3076923076924,0,8.5889708842506334,0.31111111111111112,1.0
no,Oslo,Lillestrom,2026-06-27,25.0,21,21,3338.8095238095239,0,10.90050560510149,0.23809523809523808,0.96721311475409832
no,Oslo,Lillestrom,2026-06-27,26.0,142,139,3200.9929078014184,0,8.8839599077495,0.32222222222222224,0.99397590361445787
no,Oslo,Lillestrom,2026-06-27,27.0,280,279,3657.8817204301076,0,7.2670389582758874,0.3328804347826087,0.99430199430199429
no,Oslo,Lillestrom,2026-06-27,28.0,286,283,3779.7605633802818,0,9.2602491821181463,0.33480825958702065,0.99231950844854067
no,Oslo,Lillestrom,2026-06-27,29.0,196,194,4259.072164948454,0,9.8961725888719414,0.296137339055794,0.99321266968325794
no,Oslo,Lillestrom,2026-06-27,30.0,108,106,4419.0283018867922,0.005246751,10.490093333185866,0.36324786324786323,0.99541284403669728
no,Oslo,Lillestrom,2026-06-27,31.0,43,43,4581.6279069767443,0.016363917,12.240145028085124,0.26027397260273971,0.95744680851063835
no,Oslo,Lillestrom,2026-06-27,32.0,67,65,3154.9104477611941,0,16.002874476883136,0.29508196721311475,0.98843930635838151
no,Oslo,Lillestrom,2026-06-27,33.0,14,14,3029.6428571428573,0,16.252176394008611,0.26415094339622641,1.0
no,Oslo,Lillestrom,2026-06-27,34.0,81,81,3879.8518518518517,0,14.454110047657256,0.25742574257425743,0.98969072164948457
no,Oslo,Lillestrom,2026-06-27,35.0,38,38,4491.394736842105,0,15.817072476816413,0.22480620155038761,1.0
no,Oslo,Lillestrom,2026-06-27,36.0,36,35,3759.9714285714285,0,17.33557818245356,0.32653061224489793,0.98936170212765961
no,Oslo,Lillestrom,2026-06-27,37.0,38,36,3224.2432432432433,0.017000274,16.16845019175588,0.18181818181818182,0.96460176991150437
no,Oslo,Lillestrom,2026-06-27,39.0,12,11,3181.0,0.039895924,17.145148010148844,0.25,1.0
no,Oslo,Lillestrom,2026-06-27,44.0,6,6,3054.0,0.17274168,20.972171568083798,0.22727272727272727,1.0
no,Oslo,Lillestrom,2026-06-27,45.0,8,7,4264.1428571428569,0,18.310081972573059,0.18518518518518517,1.0
no,Oslo,Lillestrom,2026-06-27,50.0,5,5,3952.0,,20.600583319554705,0.26315789473684209,1.0
no,Oslo,Lillestrom,2026-06-27,51.0,5,4,3208.0,0.418559691,23.647501913776381,0.058823529411764705,1.0
no,Oslo,Lillestrom,2026-06-27,56.0,5,5,6893.4,0.257497858,19.052963647083715,0.0,1.0
no,Oslo,Lillestrom,2026-06-28,,7,7,5049.8571428571431,0,0.0,0.125,0.10256410256410256
no,Oslo,Lillestrom,2026-06-28,17.0,4,4,2784.75,0,0.87857952241737047,0.19230769230769232,1.0
no,Oslo,Lillestrom,2026-06-28,18.0,8,8,1574.875,0,8.4985398574248023,0.125,0.95833333333333337
no,Oslo,Lillestrom,2026-06-28,19.0,9,9,2297.5555555555557,0,0.47540963951010873,0.18518518518518517,1.0
no,Oslo,Lillestrom,2026-06-28,20.0,16,14,3015.9285714285716,0,8.6840153918410046,0.4838709677419355,1.0
no,Oslo,Lillestrom,2026-06-28,22.0,75,72,3078.2876712328766,0,7.265286532210264,0.31598513011152418,0.98461538461538467
no,Oslo,Lillestrom,2026-06-28,23.0,49,48,3442.1458333333335,0,7.6826112904953758,0.26865671641791045,1.0
no,Oslo,Lillestrom,2026-06-28,24.0,27,27,3136.0,0,7.0988747768703053,0.22807017543859648,0.98113207547169812
no,Oslo,Lillestrom,2026-06-28,25.0,72,71,3917.9154929577467,0,7.2933413512897873,0.26839826839826841,0.99103139013452912
no,Oslo,Lillestrom,2026-06-28,26.0,9,9,3722.4444444444443,0,13.749842291780846,0.18181818181818182,0.95454545454545459
no,Oslo,Lillestrom,2026-06-28,28.0,28,28,4490.2857142857147,0,9.08468662307851,0.34482758620689657,0.98780487804878048
no,Oslo,Lillestrom,2026-06-28,29.0,80,77,3839.897435897436,0,12.172002276823337,0.32340425531914896,0.98636363636363633
no,Oslo,Lillestrom,2026-06-28,30.0,184,181,3323.6830601092897,0,10.896145911548746,0.36561743341404357,0.99749373433583954
no,Oslo,Lillestrom,2026-06-28,31.0,257,251,3409.02371541502,0,10.317995092068724,0.32035928143712578,1.0
no,Oslo,Lillestrom,2026-06-28,32.0,80,80,3646.725,0,12.582390000116542,0.319047619047619,0.975
no,Oslo,Lillestrom,2026-06-28,33.0,92,90,3252.7252747252746,0,15.664419185641,0.26643598615916952,0.97857142857142854
no,Oslo,Lillestrom,2026-06-28,34.0,65,63,3236.8461538461538,0,13.732203530507899,0.40588235294117647,1.0
no,Oslo,Lillestrom,2026-06-28,35.0,256,250,3787.9163346613545,0.008142448,14.765962650830181,0.30795262267343487,0.99292035398230083
no,Oslo,Lillestrom,2026-06-28,36.0,210,200,3911.3645320197043,0,14.931691500196182,0.38223140495867769,0.99571734475374729
no,Oslo,Lillestrom,2026-06-28,37.0,170,164,3840.5030303030303,0.02301511,16.10900729213537,0.28638497652582162,0.97777777777777775
no,Oslo,Lillestrom,2026-06-28,38.0,57,54,4391.6727272727276,0,15.690194851098912,0.37815126050420167,1.0
no,Oslo,Lillestrom,2026-06-28,39.0,45,45,3683.8666666666668,0,19.450749240605941,0.44565217391304346,1.0
no,Oslo,Lillestrom,2026-06-28,40.0,44,42,4533.9047619047615,0.016764663,19.8429863263028,0.28735632183908044,1.0
no,Oslo,Lillestrom,2026-06-28,41.0,31,30,4274.7096774193551,0.138074793,20.028692826756924,0.26190476190476192,0.974025974025974
no,Oslo,Lillestrom,2026-06-29,,3,3,5413.0,0,9.2,0.066666666666666666,0.068965517241379309
no,Oslo,Lillestrom,2026-06-29,15.0,1,1,2031.0,,8.7129953432061225,0.18181818181818182,1.0
no,Oslo,Lillestrom,2026-06-29,18.0,4,3,1546.6666666666667,0,9.8392448253958911,0.14814814814814814,1.0
no,Oslo,Lillestrom,2026-06-29,22.0,6,5,3522.2,0,8.3709619408807754,0.25641025641025639,1.0
no,Oslo,Lillestrom,2026-06-29,24.0,25,25,3355.84,0,7.5494200573243972,0.1875,1.0
no,Oslo,Lillestrom,2026-06-29,25.0,11,11,5373.909090909091,0,5.74399852652953,0.1,1.0
no,Oslo,Lillestrom,2026-06-29,26.0,56,52,3972.3518518518517,0,9.45304374994879,0.21904761904761905,0.98952879581151831
no,Oslo,Lillestrom,2026-06-29,27.0,9,9,3570.5555555555557,0,12.670875015498453,0.35294117647058826,1.0
no,Oslo,Lillestrom,2026-06-29,28.0,65,63,3579.8095238095239,0,11.52584964621586,0.11246200607902736,0.9821428571428571
no,Oslo,Lillestrom,2026-06-29,29.0,83,83,4141.1566265060237,0,11.393491827951047,0.23979591836734693,0.98730158730158735
no,Oslo,Lillestrom,2026-06-29,30.0,51,51,3528.0392156862745,0,13.921127795125738,0.19285714285714287,0.90977443609022557
no,Oslo,Lillestrom,2026-06-29,31.0,47,46,3769.217391304348,0,13.338956430026037,0.22826086956521738,0.9719101123595506
no,Oslo,Lillestrom,2026-06-29,32.0,148,146,3560.2876712328766,0.004894119,16.466472517513509,0.23236514522821577,0.992
no,Oslo,Lillestrom,2026-06-29,33.0,26,26,3942.2692307692309,0,17.176398559706644,0.2857142857142857,0.98461538461538467
no,Oslo,Lillestrom,2026-06-29,34.0,71,70,3555.8714285714286,0,15.942351246208025,0.2687224669603524,1.0
no,Oslo,Lillestrom,2026-06-29,35.0,100,100,3564.97,0,16.39149079064461,0.34193548387096773,0.99633699633699635
no,Oslo,Lillestrom,2026-06-29,36.0,41,40,4274.8048780487807,0,18.114439756580222,0.26530612244897961,1.0
no,Oslo,Lillestrom,2026-06-29,37.0,150,149,3863.4161073825503,0.005110979,17.831535520952905,0.24888888888888888,1.0
no,Oslo,Lillestrom,2026-06-29,39.0,65,64,4042.515625,0.003611587,18.437338304515645,0.25118483412322273,0.98255813953488369
no,Oslo,Lillestrom,2026-06-29,40.0,31,30,4584.8666666666668,0,18.091013587427653,0.3048780487804878,0.98734177215189878
no,Oslo,Lillestrom,2026-06-29,42.0,10,10,4524.1,0.183523354,20.692123660211116,0.25,1.0
no,Oslo,Lillestrom,2026-06-30,,4,4,2926.0,0,0.0,0.04878048780487805,0.04878048780487805
no,Oslo,Lillestrom,2026-06-30,22.0,11,11,3265.0,0,4.5493961507477829,0.20408163265306123,1.0
no,Oslo,Lillestrom,2026-06-30,23.0,30,29,3758.6206896551726,0,5.6633205114859742,0.14285714285714285,0.99047619047619051
no,Oslo,Lillestrom,2026-06-30,24.0,34,33,2997.5454545454545,0,10.202420300841565,0.20833333333333334,1.0
no,Oslo,Lillestrom,2026-06-30,25.0,15,15,3277.8,0,9.12482548354573,0.18518518518518517,0.96153846153846156
no,Oslo,Lillestrom,2026-06-30,26.0,44,43,4194.25,0,5.5221457158855261,0.14204545454545456,1.0
no,Oslo,Lillestrom,2026-06-30,27.0,32,31,3434.6774193548385,0,10.549219124843484,0.23966942148760331,0.991304347826087
no,Oslo,Lillestrom,2026-06-30,28.0,51,48,3719.3333333333335,0,12.032823203286798,0.26451612903225807,0.97959183673469385
no,Oslo,Lillestrom,2026-06-30,29.0,66,66,3541.8030303030305,0.00506775,13.192362661458789,0.23754789272030652,0.992
no,Oslo,Lillestrom,2026-06-30,30.0,49,49,4115.4285714285716,0,11.821136406753331,0.35714285714285715,1.0
no,Oslo,Lillestrom,2026-06-30,32.0,21,21,4030.8571428571427,0.068607804,15.214333139539312,0.20754716981132076,0.98
no,Oslo,Lillestrom,2026-06-30,33.0,40,40,3598.2051282051284,0,15.344621703110333,0.27142857142857141,0.99264705882352944
no,Oslo,Lillestrom,2026-06-30,34.0,29,29,3120.6896551724139,0,18.373093795330838,0.33720930232558138,0.98765432098765427
no,Oslo,Lillestrom,2026-06-30,35.0,68,65,4260.712121212121,0.052113679,16.092898729948516,0.21830985915492956,0.99264705882352944
no,Oslo,Lillestrom,2026-06-30,36.0,19,16,4051.4705882352941,0.032250712,16.413817845119389,0.29545454545454547,0.97674418604651159
no,Oslo,Lillestrom,2026-06-30,39.0,62,62,3874.3709677419356,0.111693242,19.350288020765504,0.20074349442379183,0.99236641221374045
no,Oslo,Lillestrom,2026-06-30,40.0,40,39,3309.6666666666665,0.044620295,20.073338675144456,0.26470588235294118,0.9850746268656716
no,Oslo,Lillestrom,2026-06-30,41.0,84,82,3326.7590361445782,0.151444133,20.130207775701347,0.28925619834710742,0.98712446351931327
no,Oslo,Lillestrom,2026-06-30,42.0,29,29,3022.655172413793,0.244865979,20.3505119075619,0.25510204081632654,1.0
no,Oslo,Lillestrom,2026-06-30,43.0,47,46,3255.304347826087,0.111836426,20.588372517534541,0.26108374384236455,0.93513513513513513
no,Oslo,Lillestrom,2026-06-30,44.0,45,40,4316.7560975609758,0.25013909,20.974681920878876,0.28099173553719009,0.88695652173913042
no,Oslo,Lillestrom,2026-06-30,45.0,3,3,10683.0,0,9.52182459071227,0.1875,1.0
no,Oslo,Lillestrom,2026-06-30,46.0,26,26,2965.2307692307691,0.459561602,23.872895368066921,0.25,1.0
no,Oslo,Lillestrom,2026-06-30,47.0,57,55,2814.0892857142858,0.410439247,25.34152160176658,0.25157232704402516,0.98675496688741726
no,Oslo,Lillestrom,2026-06-30,48.0,28,27,2457.4074074074074,0.405664222,27.085733889284576,0.27083333333333331,0.94565217391304346
no,Oslo,Lillestrom,2026-06-30,49.0,94,92,3291.7956989247314,0.316569007,24.826712541020971,0.29906542056074764,0.96551724137931039
no,Oslo,Lillestrom,2026-06-30,50.0,53,53,4118.33962264151,0.320030292,25.671411703782631,0.38135593220338981,1.0
no,Oslo,Lillestrom,2026-06-30,51.0,47,46,2566.2608695652175,0.585023572,28.135565438787967,0.25899280575539568,0.93233082706766912
no,Oslo,Lillestrom,2026-06-30,53.0,38,38,3462.8947368421054,0.527129487,28.873951428843021,0.26363636363636361,0.97169811320754718
no,Oslo,Oslo,2025-07-01,,4,4,1642.0,0,6.59596517220742,0.024390243902439025,1.0
no,Oslo,Oslo,2025-07-01,19.0,1,1,1038.0,0,8.9492432515662834,0.071428571428571425,1.0
no,Oslo,Oslo,2025-07-01,21.0,4,3,1388.0,0,9.7333579610559617,0.11538461538461539,1.0
no,Oslo,Oslo,2025-07-01,22.0,196,191,2762.2083333333335,0,8.40797013704629,0.20342205323193915,0.9978213507625272
no,Oslo,Oslo,2025-07-01,23.0,255,246,2666.2409638554218,0,9.93539132800734,0.20090634441087613,0.99409780775716694
no,Oslo,Oslo,2025-07-01,24.0,532,526,2845.652091254753,0,9.2648814958603687,0.22109375,0.99777282850779514
no,Oslo,Oslo,2025-07-01,25.0,555,533,2937.079335793358,0,11.05336481027094,0.24259338772005151,0.99025341130604283
no,Oslo,Oslo,2025-07-01,26.0,449,438,3020.2562358276646,0,10.345641930514191,0.22003034901365706,0.98835855646100113
no,Oslo,Oslo,2025-07-01,27.0,276,269,2788.3529411764707,0,10.871268464694499,0.23958333333333334,0.99366515837104075
no,Oslo,Oslo,2025-07-01,28.0,417,401,2783.4950738916255,0.002095233,12.397099097356962,0.23920771965464702,0.99502487562189057
no,Oslo,Oslo,2025-07-01,29.0,654,640,2722.2701863354037,0.000621241,12.232546467385351,0.25913978494623657,0.99449851883199325
no,Oslo,Oslo,2025-07-01,30.0,903,884,2809.775900900901,0,13.305450285831004,0.29385964912280704,0.99590163934426235
no,Oslo,Oslo,2025-07-01,31.0,398,385,2746.7036082474228,0.008749654,13.315358182146927,0.28879310344827586,0.99414348462664714
no,Oslo,Oslo,2025-07-01,32.0,283,278,2738.7670250896058,0.002121641,12.937231805344547,0.24943138741470811,0.99405772495755518
no,Oslo,Oslo,2025-07-01,33.0,359,350,2562.8845070422535,0.004066928,13.98376003698672,0.299625468164794,0.99915469146238378
no,Oslo,Oslo,2025-07-01,34.0,20,19,3783.7894736842104,0,21.015713975913851,0.1306532663316583,1.0
no,Oslo,Oslo,2025-07-01,35.0,427,412,2734.0531400966183,0.002790667,15.767637510560933,0.29015201586252476,0.99767261442979049
no,Oslo,Oslo,2025-07-01,36.0,7,7,5819.4285714285716,0,13.541347530729828,0.25,1.0
no,Oslo,Oslo,2025-07-01,37.0,18,17,4935.2352941176468,0,25.127199714841424,0.14423076923076922,1.0
no,Oslo,Oslo,2025-07-01,38.0,13,13,2991.6923076923076,0,18.988411257771517,0.1111111111111111,0.96808510638297873
no,Oslo,Oslo,2025-07-01,40.0,7,7,4258.4285714285716,0,13.83853520339094,0.14583333333333334,1.0
no,Oslo,Oslo,2025-07-01,41.0,11,11,6671.727272727273,0,12.488853734675123,0.17391304347826086,1.0
no,Oslo,Oslo,2025-07-02,,1,0,,,5.9463241299426777,0.0,1.0
no,Oslo,Oslo,2025-07-02,20.0,4,4,2194.25,0,7.1501925001916558,0.13043478260869565,1.0
no,Oslo,Oslo,2025-07-02,21.0,195,190,3026.0932642487046,0,6.9971869264463962,0.24931129476584021,0.99675850891410045
no,Oslo,Oslo,2025-07-02,22.0,272,266,2685.7105263157896,0,7.7557424726195743,0.22629969418960244,0.99733333333333329
no,Oslo,Oslo,2025-07-02,23.0,264,260,3053.9038461538462,0,8.34988812287297,0.22339561332250202,0.99621570482497634
no,Oslo,Oslo,2025-07-02,24.0,308,297,2859.1237458193982,0,8.8575631798297358,0.20970149253731343,0.99739583333333337
no,Oslo,Oslo,2025-07-02,25.0,1230,1199,2703.6531791907514,0,8.6851536430441119,0.26738293127914048,0.9970149253731343
no,Oslo,Oslo,2025-07-02,26.0,598,592,2760.6947723440135,0.000751019,10.023955097028868,0.24968152866242038,0.99416058394160589
no,Oslo,Oslo,2025-07-02,27.0,1823,1778,2606.5523223279238,0,8.9830018296265646,0.29188941499923632,0.99863364645602049
no,Oslo,Oslo,2025-07-02,28.0,790,777,2705.5831202046038,0,8.6061102520400343,0.28067885117493474,1.0
no,Oslo,Oslo,2025-07-02,29.0,140,134,3135.2,0.002057109,10.454876681493296,0.23166023166023167,0.9985528219971056
no,Oslo,Oslo,2025-07-02,30.0,211,202,2892.8195121951221,0.008332369,14.061098339377731,0.2095435684647303,0.99765258215962438
no,Oslo,Oslo,2025-07-02,32.0,21,21,4626.9047619047615,0,13.731663052085931,0.14444444444444443,1.0
no,Oslo,Oslo,2025-07-02,33.0,15,14,3183.6666666666665,0,15.105373386156959,0.23376623376623376,1.0
no,Oslo,Oslo,2025-07-02,38.0,11,10,2328.9,0.039735099,17.874175365123548,0.074626865671641784,1.0
no,Oslo,Oslo,2025-07-02,40.0,6,5,3081.4,0.369895917,16.016651212425455,0.05,1.0
no,Oslo,Oslo,2025-07-03,19.0,3,3,1983.3333333333333,0,9.0,0.0784313725490196,1.0
no,Oslo,Oslo,2025-07-03,20.0,57,53,2436.7169811320755,0,7.9423511517594081,0.19343065693430658,0.99111111111111116
no,Oslo,Oslo,2025-07-03,22.0,494,482,2721.6919917864475,0.000907127,6.8989148149379957,0.29008908685968821,0.99746031746031749
no,Oslo,Oslo,2025-07-03,23.0,914,888,2803.8851727982164,0,8.2167685166228814,0.24864864864864866,0.996536523929471
no,Oslo,Oslo,2025-07-03,24.0,1085,1061,2812.6882022471909,0,8.2340884415627844,0.26309466602594905,0.99695796460176989
no,Oslo,Oslo,2025-07-03,25.0,735,720,2835.0137931034483,0,8.6870689029262724,0.24853801169590642,0.997379258704605
no,Oslo,Oslo,2025-07-03,26.0,475,467,2911.6196581196582,0.00110834,9.35643690491553,0.22236024844720498,0.99806389157792841
no,Oslo,Oslo,2025-07-03,27.0,999,969,2677.9385875127941,0,8.8387085319764811,0.29429763560500694,0.99873297434273045
no,Oslo,Oslo,2025-07-03,28.0,603,595,2894.2881072026803,0,7.8592288611085772,0.31356736242884248,0.99623655913978493
no,Oslo,Oslo,2025-07-03,29.0,783,764,2812.1854734111544,0,9.3004165292167791,0.304576144036009,1.0
no,Oslo,Oslo,2025-07-03,30.0,67,60,2938.9523809523807,0.015121631,13.830954337996864,0.16355140186915887,0.99726775956284153
no,Oslo,Oslo,2025-07-03,31.0,9,9,3660.6666666666665,0,11.681223676491568,0.15909090909090909,1.0
no,Oslo,Oslo,2025-07-03,32.0,16,15,5500.0666666666666,0,10.957786316000051,0.17,1.0
no,Oslo,Oslo,2025-07-03,33.0,8,7,3708.8571428571427,0,11.013451889637201,0.1,1.0
no,Oslo,Oslo,2025-07-03,37.0,15,15,2924.3333333333335,0,16.363620950638797,0.11940298507462686,1.0
no,Oslo,Oslo,2025-07-04,,1,0,,,9.0,0.1,1.0
no,Oslo,Oslo,2025-07-04,18.0,11,10,2099.3,0,6.1773078419329837,0.088888888888888892,1.0
no,Oslo,Oslo,2025-07-04,19.0,116,110,3218.7837837837837,0,4.4027508289304622,0.21564482029598309,0.99012345679012348
no,Oslo,Oslo,2025-07-04,20.0,313,302,2732.0789473684213,0,4.2512586903914462,0.25801407349491789,0.99456521739130432
no,Oslo,Oslo,2025-07-04,21.0,535,525,3105.4914611005693,0,4.12342519786118,0.25155725922376615,0.99438517686692873
no,Oslo,Oslo,2025-07-04,22.0,674,663,2602.153961136024,0,4.8147080724451481,0.25906735751295334,0.99957841483979759
no,Oslo,Oslo,2025-07-04,23.0,750,731,2730.5926430517711,0,6.5630624583829338,0.266805990943922,0.99879663056558365
no,Oslo,Oslo,2025-07-04,24.0,1293,1265,2752.2405660377358,0,5.7550785766357349,0.28762821854720538,0.99904053729911246
no,Oslo,Oslo,2025-07-04,25.0,1521,1491,2757.2341137123744,0,6.2919703448532722,0.28857041755130924,0.99879372738238847
no,Oslo,Oslo,2025-07-04,26.0,941,921,2907.4325782092774,0,6.1085453746347813,0.29875036326649229,0.99933087989294078
no,Oslo,Oslo,2025-07-04,27.0,268,263,2999.556818181818,0,7.0379176771365222,0.29257641921397382,1.0
no,Oslo,Oslo,2025-07-04,28.0,9,8,5303.875,0,8.8502924580523334,0.12307692307692308,1.0
no,Oslo,Oslo,2025-07-04,29.0,4,3,3211.6666666666665,0,6.0109745550638385,0.090909090909090912,1.0
no,Oslo,Oslo,2025-07-04,30.0,10,9,4364.5555555555557,0,9.5238306260702679,0.1,1.0
no,Oslo,Oslo,2025-07-04,31.0,8,8,4991.375,0.105776444,10.304256130400931,0.073684210526315783,0.9885057471264368
no,Oslo,Oslo,2025-07-04,32.0,5,5,4931.4,0.297887324,13.253740706806134,0.070588235294117646,0.98611111111111116
no,Oslo,Oslo,2025-07-04,33.0,7,7,3897.5714285714284,0,9.0,0.066666666666666666,0.97014925373134331
no,Oslo,Oslo,2025-07-04,34.0,3,3,2813.3333333333335,0.635270541,20.683911110787605,0.041666666666666664,1.0
no,Oslo,Oslo,2025-07-04,37.0,1,1,7227.0,0,10.810563871866506,0.030303030303030304,0.96551724137931039
no,Oslo,Oslo,2025-07-04,38.0,5,4,1668.5,0,18.583993422391988,0.2,1.0
no,Oslo,Oslo,2025-07-04,46.0,5,5,1370.4,0.65029889,20.921751072340641,0.083333333333333329,1.0
no,Oslo,Oslo,2025-07-05,19.0,27,25,2791.8846153846152,0,5.0899468574516114,0.15813953488372093,0.98907103825136611
no,Oslo,Oslo,2025-07-05,20.0,74,72,2591.7534246575342,0,6.5007966967712463,0.19344262295081968,0.99612403100775193
no,Oslo,Oslo,2025-07-05,21.0,175,165,2904.9704142011833,0,6.4028584398033868,0.26229508196721313,0.99477351916376311
no,Oslo,Oslo,2025-07-05,22.0,1436,1395,2786.7334283677833,0,6.4760346655020529,0.27751196172248804,0.99562937062937062
no,Oslo,Oslo,2025-07-05,23.0,705,688,2714.8253968253966,0,7.1425284829669691,0.27146419665122906,0.99717057396928055
no,Oslo,Oslo,2025-07-05,24.0,2967,2912,2795.1380368098157,0,6.5591522051236311,0.30179350460494425,0.99836405278656337
no,Oslo,Oslo,2025-07-05,25.0,1230,1203,2813.793217535153,0,6.9138286964968039,0.30426716141001853,0.99790958975698985
no,Oslo,Oslo,2025-07-05,26.0,420,415,2949.7649880095923,0,6.0368500545407731,0.27722152690863577,0.99858256555634306
no,Oslo,Oslo,2025-07-05,27.0,277,271,2807.8424908424909,0,9.02005502503811,0.29133858267716534,0.99872611464968153
no,Oslo,Oslo,2025-07-05,28.0,37,35,3523.8285714285716,0,12.219095373047674,0.20710059171597633,0.99319727891156462
no,Oslo,Oslo,2025-07-05,29.0,16,16,2461.625,0,14.121683202101375,0.1276595744680851,1.0
no,Oslo,Oslo,2025-07-05,30.0,8,8,2810.5,0,9.32701487560683,0.15625,1.0
no,Oslo,Oslo,2025-07-05,31.0,2,2,7178.5,0,8.4385875751221739,0.15384615384615385,1.0
no,Oslo,Oslo,2025-07-05,33.0,8,7,5476.375,0,12.566841140289617,0.21428571428571427,1.0
no,Oslo,Oslo,2025-07-05,34.0,20,18,5053.5789473684208,0,13.739625073958711,0.19540229885057472,1.0
no,Oslo,Oslo,2025-07-05,35.0,7,7,3666.7142857142858,0,9.6951137763991042,0.19444444444444445,1.0
no,Oslo,Oslo,2025-07-05,37.0,4,4,3316.75,0,12.437100757757877,0.09375,1.0
no,Oslo,Oslo,2025-07-06,19.0,143,140,2646.4964539007092,0,3.1204233645171828,0.25242718446601942,0.99637681159420288
no,Oslo,Oslo,2025-07-06,20.0,428,419,2433.841232227488,0,5.090444764165297,0.25027624309392266,0.99564676616915426
no,Oslo,Oslo,2025-07-06,21.0,865,846,2692.2188235294116,0,4.72544537831188,0.24409672830725462,0.99743260590500638
no,Oslo,Oslo,2025-07-06,22.0,997,975,2920.255861365953,0,5.3693379037327862,0.25067122284598486,0.995551848762858
no,Oslo,Oslo,2025-07-06,23.0,1292,1259,2954.6202531645567,0,4.0343548955088968,0.27497507477567296,0.99752252252252249
no,Oslo,Oslo,2025-07-06,24.0,1547,1514,2942.4231274638632,0.002228472,2.5071429635503422,0.29149358858587682,0.99878296146044621
no,Oslo,Oslo,2025-07-06,25.0,2436,2404,2846.9096560298385,0,4.6059976210333433,0.33376775707024631,0.99811894081898422
no,Oslo,Oslo,2025-07-06,26.0,1526,1502,2815.0403973509933,0.001794035,6.0402726892758771,0.33391532082060238,0.99903544731130933
no,Oslo,Oslo,2025-07-06,27.0,13,12,4167.75,0,8.8433747988281386,0.22,1.0
no,Oslo,Oslo,2025-07-06,28.0,14,12,4232.8461538461543,0,8.0360376074748689,0.23728813559322035,1.0
no,Oslo,Oslo,2025-07-06,29.0,7,6,2320.5,0,12.070185491156025,0.17142857142857143,1.0
no,Oslo,Oslo,2025-07-06,30.0,8,8,3209.375,0,12.1755953711156,0.14084507042253522,1.0
no,Oslo,Oslo,2025-07-06,31.0,3,3,4949.333333333333,0,13.303832734067973,0.030303030303030304,1.0
no,Oslo,Oslo,2025-07-06,33.0,8,8,3846.25,0,11.4396851171151,0.11864406779661017,1.0
no,Oslo,Oslo,2025-07-06,34.0,1,1,10739.0,0,10.026315789473685,0.10526315789473684,0.90909090909090906
no,Oslo,Oslo,2025-07-07,20.0,33,33,1830.6969696969697,0,9.0,0.23456790123456789,1.0
no,Oslo,Oslo,2025-07-07,21.0,50,48,2170.795918367347,0,8.7218754351488013,0.16120218579234974,0.99668874172185429
no,Oslo,Oslo,2025-07-07,22.0,185,179,2745.0837988826815,0,8.1400142811929843,0.21776814734561215,0.99739243807040412
no,Oslo,Oslo,2025-07-07,23.0,138,136,2420.4525547445255,0,9.6739335377887379,0.19499341238471674,1.0
no,Oslo,Oslo,2025-07-07,24.0,668,639,2711.6205287713842,0,8.6340425978044983,0.26063207179087006,0.99911465250110665
no,Oslo,Oslo,2025-07-07,25.0,403,396,2771.469696969697,0,10.484818593973749,0.20188778185631884,0.99938233477455218
no,Oslo,Oslo,2025-07-07,26.0,487,479,2762.9519832985388,0.006001095,9.90085141980352,0.23675213675213674,0.99601395117090186
no,Oslo,Oslo,2025-07-07,27.0,438,436,2997.1395881006865,0,10.3732645984309,0.25219298245614036,0.99684741488020179
no,Oslo,Oslo,2025-07-07,28.0,356,347,2938.1839080459772,0.002657256,11.509365674503004,0.24602670057215512,0.99851301115241631
no,Oslo,Oslo,2025-07-07,29.0,527,514,2867.460500963391,0,10.65567172676775,0.27943331704934049,0.99604296212549459
no,Oslo,Oslo,2025-07-07,30.0,1204,1182,2770.3986543313708,0.000844147,11.822917347043827,0.280599110695062,0.99631772751183589
no,Oslo,Oslo,2025-07-07,31.0,715,698,2878.4390934844191,0.000412819,12.89961738276592,0.298989898989899,0.99862005519779207
no,Oslo,Oslo,2025-07-07,32.0,245,239,3238.2240663900416,0.00092424,12.713518080383983,0.22645290581162325,0.989749430523918
no,Oslo,Oslo,2025-07-07,33.0,24,24,5306.125,0,10.378046539446089,0.13333333333333333,1.0
no,Oslo,Oslo,2025-07-07,34.0,3,3,5515.666666666667,0,10.090909090909092,0.090909090909090912,1.0
no,Oslo,Oslo,2025-07-08,,5,4,2562.25,0,5.8052912127510865,0.0821917808219178,1.0
no,Oslo,Oslo,2025-07-08,20.0,24,23,2476.8695652173915,0,7.5600618302979923,0.16267942583732056,0.96551724137931039
no,Oslo,Oslo,2025-07-08,21.0,135,130,2589.2153846153847,0,7.4208885433986138,0.16954022988505746,0.99483648881239239
no,Oslo,Oslo,2025-07-08,22.0,88,85,2557.1764705882351,0,7.12501857535695,0.19047619047619047,1.0
no,Oslo,Oslo,2025-07-08,23.0,322,311,2555.220447284345,0,8.4285330476607054,0.19281767955801105,0.9955357142857143
no,Oslo,Oslo,2025-07-08,24.0,210,204,2810.8970588235293,0,8.1620693029210383,0.18297533810660302,0.99718574108818014
no,Oslo,Oslo,2025-07-08,25.0,203,192,3122.3718592964824,0,8.9965667072231845,0.23863636363636365,1.0
no,Oslo,Oslo,2025-07-08,26.0,1158,1137,2706.3064798598948,0,8.4365903509097251,0.25400082068116536,0.99835371589840072
no,Oslo,Oslo,2025-07-08,27.0,226,222,2882.0622222222223,0,7.2207235237641543,0.26041666666666669,0.99881516587677721
no,Oslo,Oslo,2025-07-08,28.0,817,799,2948.2347826086957,0,10.822282961139111,0.26037405026300409,0.99434464404524281
no,Oslo,Oslo,2025-07-08,29.0,1339,1315,2792.2339137017411,0,11.778783862564442,0.29136226901590029,0.99780219780219781
no,Oslo,Oslo,2025-07-08,30.0,163,157,2745.03125,0,11.420160873276494,0.25480769230769229,1.0
no,Oslo,Oslo,2025-07-08,31.0,20,18,3920.8888888888887,0,12.190121201362762,0.17796610169491525,1.0
no,Oslo,Oslo,2025-07-08,32.0,65,63,3440.1875,0,13.280988851800794,0.16083916083916083,0.96666666666666667
no,Oslo,Oslo,2025-07-08,33.0,41,40,4029.15,0,13.737733154661823,0.17194570135746606,0.97959183673469385
no,Oslo,Oslo,2025-07-08,34.0,49,45,4664.54347826087,0,13.885209800807136,0.1864406779661017,1.0
no,Oslo,Oslo,2025-07-08,35.0,26,25,4003.52,0,14.166983061709175,0.125,1.0
no,Oslo,Oslo,2025-07-08,36.0,29,26,3474.1153846153848,0.040951764,13.684501338273506,0.15277777777777779,1.0
no,Oslo,Oslo,2025-07-08,37.0,3,3,3558.0,0,15.99148890070618,0.15789473684210525,1.0
no,Oslo,Oslo,2025-07-08,38.0,14,14,6396.1428571428569,0,15.710654208904854,0.13793103448275862,1.0
no,Oslo,Oslo,2025-07-08,39.0,1,1,11669.0,0,8.1119628872595761,0.0,1.0
no,Oslo,Oslo,2025-07-08,43.0,2,2,2161.0,0,9.0,0.090909090909090912,1.0
no,Oslo,Oslo,2025-07-09,20.0,41,40,2080.525,0,6.5295679700710707,0.15771812080536912,0.99621212121212122
no,Oslo,Oslo,2025-07-09,21.0,147,144,2678.2569444444443,0,5.4178070798800251,0.21899736147757257,1.0
no,Oslo,Oslo,2025-07-09,22.0,172,168,2617.0178571428573,0,7.5295583618610049,0.24484536082474226,0.99849170437405732
no,Oslo,Oslo,2025-07-09,23.0,450,441,2744.7747747747749,0,8.05747181623629,0.21276595744680851,0.99372713016204917
no,Oslo,Oslo,2025-07-09,24.0,502,490,3037.5333333333333,0,8.54478120149142,0.22032486463973344,0.99904076738609116
no,Oslo,Oslo,2025-07-09,25.0,706,686,2693.2037572254335,0,8.4407420066628145,0.25631269456935318,0.996415770609319
no,Oslo,Oslo,2025-07-09,26.0,1773,1739,2808.7515705311253,0,8.0129792015136125,0.28732612055641421,0.99737394957983194
no,Oslo,Oslo,2025-07-09,27.0,686,673,2810.3920118343194,0,8.2580620063141534,0.24774020756611986,0.9976807112485504
no,Oslo,Oslo,2025-07-09,28.0,455,440,2859.5022624434391,0,9.83070649232756,0.25436128306133932,0.99361022364217255
no,Oslo,Oslo,2025-07-09,29.0,234,226,2982.2699115044247,0,10.909840567983146,0.23834745762711865,0.997563946406821
no,Oslo,Oslo,2025-07-09,30.0,37,33,3552.3428571428572,0,10.810312065749633,0.12663755458515283,0.99489795918367352
no,Oslo,Oslo,2025-07-09,31.0,12,12,3916.8333333333335,0,10.552194003707132,0.13235294117647059,1.0
no,Oslo,Oslo,2025-07-09,32.0,11,9,5265.1111111111113,0.021672616,12.251205155855368,0.18518518518518517,1.0
no,Oslo,Oslo,2025-07-09,34.0,37,32,4830.484848484848,0,12.455835672534928,0.22043010752688172,1.0
no,Oslo,Oslo,2025-07-10,20.0,53,52,2204.1153846153848,0,6.4198835006253452,0.18507462686567164,0.99652777777777779
no,Oslo,Oslo,2025-07-10,21.0,90,89,2181.4382022471909,0,6.6430766603711131,0.21705426356589147,1.0
no,Oslo,Oslo,2025-07-10,22.0,229,225,2653.5955555555556,0,7.1913350343936981,0.21138912855910266,0.99897750511247441
no,Oslo,Oslo,2025-07-10,23.0,256,246,2792.1774193548385,0,7.9091844473128328,0.24711111111111111,0.99897959183673468
no,Oslo,Oslo,2025-07-10,24.0,148,140,2930.9858156028367,0,8.2080140974615148,0.19780219780219779,0.9962756052141527
no,Oslo,Oslo,2025-07-10,25.0,1213,1191,2678.9849874895745,0,7.7128275102843435,0.28994732221246705,0.99875621890547261
no,Oslo,Oslo,2025-07-10,26.0,1294,1273,2789.8203921568629,0,6.81200207304521,0.29009384775808134,0.99881544657664056
no,Oslo,Oslo,2025-07-10,27.0,890,865,2923.1436781609195,0,7.4946303565246852,0.25681036762761172,0.99759831882317618
no,Oslo,Oslo,2025-07-10,28.0,575,558,2792.1814946619215,0,10.886981736334814,0.25526641883519208,0.99478178368121439
no,Oslo,Oslo,2025-07-10,29.0,116,111,3152.5135135135133,0,10.583901263621348,0.16906474820143885,1.0
no,Oslo,Oslo,2025-07-10,30.0,171,165,3340.6467065868264,0.007158054,12.996334806440457,0.21023513139695713,0.9771986970684039
no,Oslo,Oslo,2025-07-10,31.0,66,63,4182.6923076923076,0,12.236998998060175,0.18028169014084508,0.98305084745762716
no,Oslo,Oslo,2025-07-10,32.0,82,78,3122.8205128205127,0.002900281,14.084469736101791,0.20754716981132076,0.98705501618122982
no,Oslo,Oslo,2025-07-10,33.0,55,54,3987.3888888888887,0,12.461825152562753,0.20853080568720378,0.994535519125683
no,Oslo,Oslo,2025-07-10,34.0,35,32,4020.40625,0,12.975234416226279,0.18139534883720931,1.0
no,Oslo,Oslo,2025-07-10,36.0,20,20,4770.9,0,14.392243267182071,0.18181818181818182,1.0
no,Oslo,Oslo,2025-07-10,38.0,3,3,4349.0,0,9.0,0.076923076923076927,1.0
no,Oslo,Oslo,2025-07-10,40.0,8,8,4450.75,0,14.612693404623155,0.175,1.0
no,Oslo,Oslo,2025-07-11,20.0,16,16,2823.1875,0,6.9277649837468189,0.16339869281045752,1.0
no,Oslo,Oslo,2025-07-11,21.0,76,72,2456.8194444444443,0,5.9906116970598218,0.20118343195266272,1.0
no,Oslo,Oslo,2025-07-11,22.0,322,318,2580.8050314465409,0,7.5282296558671424,0.23447313328681088,0.99835796387520526
no,Oslo,Oslo,2025-07-11,23.0,493,477,2894.38125,0,7.3551045264699,0.22698838248436104,0.99743458183683942
no,Oslo,Oslo,2025-07-11,24.0,465,452,2763.4100877192982,0,8.1391832957448287,0.23260538344337228,0.99587992937021774
no,Oslo,Oslo,2025-07-11,25.0,721,705,2836.2566619915847,0,7.1215480284429384,0.27351067815661295,0.99745331069609511
no,Oslo,Oslo,2025-07-11,26.0,1631,1594,2653.7408099688473,0,6.9400478232658331,0.303280157734361,0.99838612063748233
no,Oslo,Oslo,2025-07-11,27.0,823,806,2823.9039408866997,0,7.7474315407808652,0.26256171943072903,0.99867768595041317
no,Oslo,Oslo,2025-07-11,28.0,898,877,2959.9898074745188,0,8.5536887700144675,0.26451968070465182,0.99594003747657711
no,Oslo,Oslo,2025-07-11,29.0,73,72,3379.2638888888887,0,12.831760912773449,0.19463087248322147,0.99230769230769234
no,Oslo,Oslo,2025-07-11,31.0,24,22,3605.2727272727275,0,11.50382440986465,0.14432989690721648,1.0
no,Oslo,Oslo,2025-07-11,32.0,60,59,3643.8474576271187,0,13.63017525203087,0.19642857142857142,1.0
no,Oslo,Oslo,2025-07-11,33.0,92,81,3765.0493827160494,0,14.295538573028072,0.16824644549763032,1.0
no,Oslo,Oslo,2025-07-11,35.0,35,30,3116.6129032258063,0,15.792062917486065,0.1893491124260355,1.0
no,Oslo,Oslo,2025-07-11,36.0,32,30,3250.6666666666665,0,16.606093640400996,0.24657534246575341,1.0
no,Oslo,Oslo,2025-07-12,,1,1,2617.0,,9.2182539682539666,0.071428571428571425,0.91666666666666663
no,Oslo,Oslo,2025-07-12,19.0,10,9,1841.1111111111111,0,8.1189777293513323,0.1834862385321101,0.98913043478260865
no,Oslo,Oslo,2025-07-12,21.0,271,257,2660.8199233716473,0,5.8069003970466593,0.21551724137931033,0.99642857142857144
no,Oslo,Oslo,2025-07-12,22.0,422,414,2677.1014492753625,0,5.2218681753160388,0.26058631921824105,0.99629629629629635
no,Oslo,Oslo,2025-07-12,23.0,584,560,2768.4387211367675,0,6.7537695810952014,0.23438138015516538,0.99533799533799538
no,Oslo,Oslo,2025-07-12,24.0,1170,1149,2925.7155247181267,0,4.8062906434287989,0.28913144449605205,0.99766658024371269
no,Oslo,Oslo,2025-07-12,25.0,941,922,2848.8041125541126,0,4.4497721553629841,0.28748940977125104,0.99778129952456418
no,Oslo,Oslo,2025-07-12,26.0,1459,1415,2985.0111731843576,0,6.9096992378790851,0.29724123625803778,0.99696261682242993
no,Oslo,Oslo,2025-07-12,27.0,893,870,2943.7328767123286,0,8.0944186166080847,0.29359543436905516,0.99785637727759913
no,Oslo,Oslo,2025-07-12,28.0,221,214,3182.0744186046513,0,11.067357889688784,0.26097867001254704,0.99018232819074337
no,Oslo,Oslo,2025-07-12,29.0,50,45,3788.5106382978724,0.013946082,11.287728545749172,0.20833333333333334,1.0
no,Oslo,Oslo,2025-07-12,30.0,2,2,3682.5,0,8.47228434435664,0.0,1.0
no,Oslo,Oslo,2025-07-12,31.0,13,12,2937.0833333333335,0,8.6782573755254724,0.13,0.98888888888888893
no,Oslo,Oslo,2025-07-12,33.0,8,7,4055.8571428571427,0,9.6583878848415026,0.11764705882352941,0.90322580645161288
no,Oslo,Oslo,2025-07-13,21.0,355,344,2724.8828571428571,0,4.8922841506977059,0.26938449240607515,0.995571302037201
no,Oslo,Oslo,2025-07-13,22.0,376,368,2726.2357723577234,0,6.13593346689475,0.24453883495145631,0.99931224209078406
no,Oslo,Oslo,2025-07-13,23.0,847,831,2829.8800959232613,0,6.7946386246058514,0.27258370183196462,0.99652173913043474
no,Oslo,Oslo,2025-07-13,24.0,375,362,3162.282967032967,0.007244575,8.9699459742818615,0.24606299212598426,0.99331848552338531
no,Oslo,Oslo,2025-07-13,25.0,306,296,2973.5270270270271,0,8.257953639436856,0.29616724738675959,0.99612027158098937
no,Oslo,Oslo,2025-07-13,26.0,476,464,2840.2196162046907,0,10.180742601457753,0.28218884120171672,0.99759615384615385
no,Oslo,Oslo,2025-07-13,27.0,575,565,2822.3823008849558,0.001444435,9.2456507319303416,0.28369462770970783,0.99527559055118109
no,Oslo,Oslo,2025-07-13,28.0,1742,1713,2895.9198606271775,0,7.8851463895196341,0.31002331002331,0.99318976624332778
no,Oslo,Oslo,2025-07-13,29.0,1141,1103,2837.60865644725,0,9.87060420029463,0.31791754756871038,0.99499852897911145
no,Oslo,Oslo,2025-07-13,30.0,1093,1062,2667.3747663551403,0,10.474348696250061,0.33836770258495497,0.997444089456869
no,Oslo,Oslo,2025-07-13,31.0,1466,1429,2848.1463245492373,0.000290675,11.364315921129078,0.31095861033669314,0.99666825321275587
no,Oslo,Oslo,2025-07-13,32.0,556,536,2897.2181146025878,0,12.562682251549795,0.27810650887573962,0.99697336561743344
no,Oslo,Oslo,2025-07-13,33.0,396,386,2866.6992287917737,0,11.686809845714432,0.32384341637010677,0.998015873015873
no,Oslo,Oslo,2025-07-13,34.0,13,12,4198.916666666667,0,12.273907231838468,0.10869565217391304,1.0
no,Oslo,Oslo,2025-07-13,38.0,8,7,4623.7142857142853,0.084361454,16.358210808945994,0.16666666666666666,1.0
no,Oslo,Oslo,2025-07-14,19.0,1,1,2030.0,0,5.1827141144866591,0.035714285714285712,1.0
no,Oslo,Oslo,2025-07-14,22.0,3,2,4201.5,0,6.8021193264907627,0.076923076923076927,1.0
no,Oslo,Oslo,2025-07-14,24.0,9,8,2711.75,0,7.29177559154165,0.10526315789473684,1.0
no,Oslo,Oslo,2025-07-14,25.0,77,75,3002.4605263157896,0,8.5134132749940132,0.22008547008547008,0.98762376237623761
no,Oslo,Oslo,2025-07-14,26.0,22,22,3087.6363636363635,0,8.8555217782630553,0.15686274509803921,1.0
no,Oslo,Oslo,2025-07-14,27.0,150,149,2706.1140939597317,0,10.409388440247856,0.16161616161616163,0.99223803363518759
no,Oslo,Oslo,2025-07-14,28.0,131,128,2667.84375,0.013447049,12.156197908130267,0.23248882265275708,0.99494097807757165
no,Oslo,Oslo,2025-07-14,29.0,353,342,2715.828488372093,0.000887461,13.369652111478471,0.21213979153893317,0.99570815450643779
no,Oslo,Oslo,2025-07-14,30.0,418,402,2636.5073170731707,0.003888061,14.520188898640152,0.22877618522601983,0.9943074003795066
no,Oslo,Oslo,2025-07-14,31.0,817,791,2753.42893081761,0.009036755,14.392346046409973,0.25601039636127354,0.99478196049198653
no,Oslo,Oslo,2025-07-14,32.0,1469,1438,2724.7373527373529,0.00474621,14.503753496521616,0.26293177521910982,0.9966951788491446
no,Oslo,Oslo,2025-07-14,33.0,543,529,2752.0394736842104,0.006199298,14.521855797493826,0.23924941360437843,0.9906666666666667
no,Oslo,Oslo,2025-07-14,34.0,259,253,2960.9296875,0,15.017808217846369,0.28806133625410735,0.99631449631449631
no,Oslo,Oslo,2025-07-14,35.0,174,171,2676.9244186046512,0.001647608,15.428292918486623,0.29579579579579579,0.998324958123953
no,Oslo,Oslo,2025-07-14,36.0,237,230,3127.0735930735932,0.03685917,16.246959166894516,0.25813953488372093,0.99203187250996017
no,Oslo,Oslo,2025-07-14,37.0,863,844,2916.7323113207549,0.081088753,17.019543079610553,0.29285014691478944,0.99705774181684448
no,Oslo,Oslo,2025-07-14,42.0,1,1,1921.0,0,7.21694668879031,0.086956521739130432,1.0
no,Oslo,Oslo,2025-07-15,,3,2,1205.5,0,8.6541176142138934,0.0945945945945946,0.98461538461538467
no,Oslo,Oslo,2025-07-15,24.0,7,6,1875.0,0,9.04456890684554,0.059602649006622516,0.93333333333333335
no,Oslo,Oslo,2025-07-15,25.0,51,51,2274.5882352941176,0,10.709374753661141,0.16617210682492581,0.9625850340136054
no,Oslo,Oslo,2025-07-15,26.0,119,113,2630.3421052631579,0,9.20238443368326,0.21951219512195122,0.9965870307167235
no,Oslo,Oslo,2025-07-15,27.0,589,579,2935.4982817869418,0,9.3840620812212521,0.22865109794353433,0.99724734565473849
no,Oslo,Oslo,2025-07-15,28.0,285,275,2580.5555555555557,0,13.312397100789086,0.213401310997815,1.0
no,Oslo,Oslo,2025-07-15,29.0,898,882,2670.4095022624433,0.002927828,11.698385450216621,0.26362179487179488,0.99819927971188471
no,Oslo,Oslo,2025-07-15,30.0,1079,1046,2766.245265151515,0.001592866,13.274214943562978,0.25932043416705991,0.99759807846277027
no,Oslo,Oslo,2025-07-15,31.0,447,421,2953.6666666666665,0.000562388,12.786939249295571,0.21933962264150944,0.99835164835164836
no,Oslo,Oslo,2025-07-15,32.0,765,744,2859.3753351206433,0.008599944,13.879567931837897,0.24411764705882352,0.99739583333333337
no,Oslo,Oslo,2025-07-15,33.0,284,272,3084.6072727272726,0,15.583567184356486,0.22695652173913045,0.99409448818897639
no,Oslo,Oslo,2025-07-15,34.0,304,291,3217.5821917808221,0.006116418,15.926108785162219,0.25925925925925924,0.99670329670329672
no,Oslo,Oslo,2025-07-15,35.0,141,134,3414.1911764705883,0,14.608091312974839,0.264,0.99539170506912444
no,Oslo,Oslo,2025-07-15,36.0,36,33,4597.424242424242,0,15.085925147854271,0.18452380952380953,0.93382352941176472
no,Oslo,Oslo,2025-07-15,37.0,4,4,5122.0,0,9.4,0.13333333333333333,1.0
no,Oslo,Oslo,2025-07-15,38.0,6,6,8509.8333333333339,0,12.930935110060558,0.16363636363636364,1.0
no,Oslo,Oslo,2025-07-16,22.0,11,8,2106.25,0,11.522897341788093,0.12380952380952381,1.0
no,Oslo,Oslo,2025-07-16,23.0,49,49,2949.2653061224491,0,9.407952683750306,0.15632754342431762,0.9943661971830986
no,Oslo,Oslo,2025-07-16,24.0,82,80,2420.9876543209875,0,9.45885186984227,0.24129353233830847,0.99439775910364148
no,Oslo,Oslo,2025-07-16,25.0,80,75,2889.818181818182,0,9.5573051234024113,0.18556701030927836,0.99496221662468509
no,Oslo,Oslo,2025-07-16,26.0,158,152,2868.045751633987,0,12.114119724546155,0.19888734353268428,0.99681020733652315
no,Oslo,Oslo,2025-07-16,27.0,251,241,2712.0781893004114,0,11.282395168454713,0.22096774193548388,0.99540863177226813
no,Oslo,Oslo,2025-07-16,28.0,404,390,2567.0839694656488,0,10.502420328434077,0.26977040816326531,0.99568965517241381
no,Oslo,Oslo,2025-07-16,29.0,416,409,2841.6934306569342,0,11.506951317940935,0.27549824150058616,0.99534883720930234
no,Oslo,Oslo,2025-07-16,30.0,838,808,2951.7484586929718,0.003320523,12.510669061166551,0.2834259561948349,0.99626587005227785
no,Oslo,Oslo,2025-07-16,31.0,303,293,3060.0405405405404,0,12.178884735625973,0.22831727205337288,0.9922945205479452
no,Oslo,Oslo,2025-07-16,32.0,918,888,2921.9898989898988,0.003043913,14.275962746439767,0.27380230442692544,0.99487704918032782
no,Oslo,Oslo,2025-07-16,33.0,495,475,2726.989539748954,0.042966447,15.553623076336949,0.26997518610421839,0.99719258843346437
no,Oslo,Oslo,2025-07-16,34.0,649,633,2846.8343848580444,0.001983269,14.018646887037132,0.28140495867768595,0.99766573295985062
no,Oslo,Oslo,2025-07-16,35.0,448,428,2898.9166666666665,0.057603734,15.411072085071542,0.23866739486619334,0.98760074395536268
no,Oslo,Oslo,2025-07-16,36.0,181,174,3158.9488636363635,0.106961334,17.043778865728214,0.22049286640726329,0.99109792284866471
no,Oslo,Oslo,2025-07-16,37.0,7,7,4546.7142857142853,0,15.130034560169124,0.15217391304347827,1.0
no,Oslo,Oslo,2025-07-16,39.0,4,4,5784.75,0,8.9367082155414437,0.1,1.0
no,Oslo,Oslo,2025-07-17,,2,2,1703.0,0,9.0,0.040816326530612242,0.926829268292683
no,Oslo,Oslo,2025-07-17,21.0,43,43,2471.1162790697676,0,8.0653044601814745,0.20512820512820512,0.985781990521327
no,Oslo,Oslo,2025-07-17,22.0,50,50,2873.26,0,9.0714122017846357,0.24313725490196078,0.99561403508771928
no,Oslo,Oslo,2025-07-17,23.0,99,94,2813.9894736842107,0,8.9160563375617539,0.23695652173913043,0.98267326732673266
no,Oslo,Oslo,2025-07-17,24.0,93,91,3212.5714285714284,0,9.0206601247580149,0.21846846846846846,0.99734748010610075
no,Oslo,Oslo,2025-07-17,25.0,195,192,2864.0885416666665,0,8.1267779215227609,0.26126126126126126,0.989821882951654
no,Oslo,Oslo,2025-07-17,26.0,439,429,2778.7523148148148,0,8.00009587887397,0.27808471454880296,0.99728629579375849
no,Oslo,Oslo,2025-07-17,27.0,588,575,2864.1413793103447,0,8.53654434144643,0.26502057613168722,0.99340245051837894
no,Oslo,Oslo,2025-07-17,28.0,505,495,2849.676056338028,0.002222796,9.9299093682789614,0.27992087042532149,0.99282956425813573
no,Oslo,Oslo,2025-07-17,29.0,495,483,2774.5987780040732,0.000898908,11.907428579783895,0.26650124069478909,0.99832120872971464
no,Oslo,Oslo,2025-07-17,30.0,875,856,2777.452961672474,0.002935198,13.320697395564567,0.27810650887573962,0.9955223880597015
no,Oslo,Oslo,2025-07-17,31.0,664,647,2781.7450076804917,0.001491011,13.928763663021428,0.267743146826887,0.99363867684478369
no,Oslo,Oslo,2025-07-17,32.0,358,349,3118.4057142857141,0.002965996,14.128125534141548,0.275092936802974,0.995787700084246
no,Oslo,Oslo,2025-07-17,33.0,306,296,2866.5979729729729,0.001694991,14.595591986327445,0.301314459049545,0.99885321100917435
no,Oslo,Oslo,2025-07-17,34.0,261,249,3067.9842519685039,0.005824989,15.275647873228381,0.25841584158415842,0.99550056242969631
no,Oslo,Oslo,2025-07-17,35.0,100,90,3720.7472527472528,0.008144062,14.896933921642464,0.20689655172413793,0.99450549450549453
no,Oslo,Oslo,2025-07-17,36.0,62,58,3130.406779661017,0.060597943,16.93468594694632,0.19485294117647059,0.94628099173553715
no,Oslo,Oslo,2025-07-17,37.0,126,120,3314.7166666666667,0.078935521,17.2069529046217,0.23568281938325991,0.9563106796116505
no,Oslo,Oslo,2025-07-17,38.0,73,71,3875.3661971830984,0.042293233,17.197726180731348,0.23509933774834438,0.9853479853479854
no,Oslo,Oslo,2025-07-17,41.0,21,19,3330.5789473684213,0.148308211,17.566482113436617,0.12605042016806722,1.0
no,Oslo,Oslo,2025-07-18,22.0,136,129,2580.9469696969695,0,7.9653507599708311,0.23381294964028776,0.998003992015968
no,Oslo,Oslo,2025-07-18,23.0,108,104,2747.5673076923076,0,8.4884131506912315,0.18093699515347333,0.998109640831758
no,Oslo,Oslo,2025-07-18,24.0,44,42,2803.2142857142858,0,7.5516063639088147,0.21004566210045661,1.0
no,Oslo,Oslo,2025-07-18,25.0,172,165,2920.6060606060605,0,10.34643678025137,0.20493562231759657,1.0
no,Oslo,Oslo,2025-07-18,26.0,129,121,2739.2520325203254,0.006602831,10.97061063926186,0.2508650519031142,1.0
no,Oslo,Oslo,2025-07-18,27.0,414,397,2772.7139303482586,0.003218673,10.238210058262096,0.25440090857467346,0.99540983606557376
no,Oslo,Oslo,2025-07-18,28.0,1209,1181,2935.7902274641956,0,10.82636554844523,0.27268807932744127,0.99826345819895812
no,Oslo,Oslo,2025-07-18,29.0,1692,1646,2855.09162145871,0.000508108,10.866413340654198,0.29670513463789933,0.99657989739692188
no,Oslo,Oslo,2025-07-18,30.0,770,745,2861.8656914893618,0.001136734,11.676843354353984,0.28422876949740034,0.99802215189873422
no,Oslo,Oslo,2025-07-18,31.0,497,489,2930.7689161554194,0,12.515361094238118,0.29367564182842831,0.99858557284299854
no,Oslo,Oslo,2025-07-18,32.0,248,238,3036.7012448132782,0,13.733972366148812,0.24929444967074318,0.99789473684210528
no,Oslo,Oslo,2025-07-18,33.0,239,234,2821.4618644067796,0.007305747,15.59756043715444,0.29138166894664841,1.0
no,Oslo,Oslo,2025-07-18,35.0,4,4,7783.75,0,9.0,0.21052631578947367,1.0
no,Oslo,Oslo,2025-07-18,36.0,57,52,4313.2592592592591,0.06549904,17.168626484827485,0.15234375,1.0
no,Oslo,Oslo,2025-07-18,37.0,8,7,4900.25,0,13.819949114574703,0.16666666666666666,1.0
no,Oslo,Oslo,2025-07-18,38.0,2,2,5981.5,0,10.74074074074074,0.07407407407407407,1.0
no,Oslo,Oslo,2025-07-19,18.0,1,1,1455.0,0,10.047273049023902,0.1111111111111111,1.0
no,Oslo,Oslo,2025-07-19,21.0,144,143,2624.5384615384614,0,6.5712489477527587,0.26051779935275082,1.0
no,Oslo,Oslo,2025-07-19,22.0,170,166,2714.9156626506024,0,7.8630899110847308,0.25540540540540541,0.9939117199391172
no,Oslo,Oslo,2025-07-19,23.0,430,420,2825.8747044917259,0,7.8287898651063221,0.24690663667041621,0.98981540420114578
no,Oslo,Oslo,2025-07-19,24.0,196,188,2883.952879581152,0,8.2615010770016042,0.24937655860349128,0.9956521739130435
no,Oslo,Oslo,2025-07-19,25.0,383,372,2789.0775401069518,0,10.017421720898986,0.25899742930591257,0.99705014749262533
no,Oslo,Oslo,2025-07-19,26.0,328,316,3077.1464174454827,0,8.5495423150086829,0.25939849624060152,0.99743370402053033
no,Oslo,Oslo,2025-07-19,27.0,566,555,2998.1885098743269,0,8.6644983260105111,0.28536485935589073,0.99583140342751275
no,Oslo,Oslo,2025-07-19,28.0,1230,1200,2973.2023217247097,0,9.1653695564962643,0.28145771258308505,0.99764089121887289
no,Oslo,Oslo,2025-07-19,29.0,1430,1394,2989.4664285714284,0,9.7098675495308981,0.31278164686603849,0.99700184501845024
no,Oslo,Oslo,2025-07-19,30.0,735,713,2586.8930555555557,0,13.76563367376616,0.29465395772896807,0.99579635684259693
no,Oslo,Oslo,2025-07-19,31.0,154,147,3235.06711409396,0,13.207902441707812,0.20330578512396694,0.98861480075901331
no,Oslo,Oslo,2025-07-19,32.0,30,25,2968.6153846153848,0,14.891350393842504,0.21276595744680851,1.0
no,Oslo,Oslo,2025-07-19,33.0,93,80,3577.8888888888887,0,14.329394092320964,0.21875,0.99672131147540988
no,Oslo,Oslo,2025-07-19,34.0,4,4,3101.75,0,11.8323285901686,0.12121212121212122,0.896551724137931
no,Oslo,Oslo,2025-07-19,35.0,10,8,4087.8888888888887,0,11.561040457988515,0.12328767123287671,1.0
no,Oslo,Oslo,2025-07-19,38.0,13,9,4579.1,0.041452048,15.438159534557702,0.046511627906976744,1.0
no,Oslo,Oslo,2025-07-20,,2,1,4245.0,0,10.225130751478803,0.2,0.93103448275862066
no,Oslo,Oslo,2025-07-20,19.0,26,25,2622.0,0,6.25905323337823,0.19148936170212766,0.96694214876033058
no,Oslo,Oslo,2025-07-20,21.0,102,96,2704.6530612244896,0,6.1846227518397328,0.23423423423423423,1.0
no,Oslo,Oslo,2025-07-20,22.0,233,219,2950.6863636363637,0,7.0227693487506224,0.26067415730337079,0.99245283018867925
no,Oslo,Oslo,2025-07-20,23.0,628,613,2891.3463414634148,0,7.3786433233017235,0.26018937834499795,0.99537037037037035
no,Oslo,Oslo,2025-07-20,24.0,828,814,3097.4134969325155,0,7.4127598602965534,0.28014505893019037,0.99457443201085116
no,Oslo,Oslo,2025-07-20,25.0,397,390,3232.3171355498721,0,7.9002633611884674,0.26996699669966995,0.992603550295858
no,Oslo,Oslo,2025-07-20,26.0,520,514,3000.6640776699028,0,8.0986197101988466,0.3133159268929504,0.99480968858131491
no,Oslo,Oslo,2025-07-20,27.0,6,6,3072.8333333333335,0,6.8076052300228094,0.16981132075471697,1.0
no,Oslo,Oslo,2025-07-20,28.0,27,25,3709.3846153846152,0,7.34689365261271,0.13333333333333333,0.968503937007874
no,Oslo,Oslo,2025-07-20,29.0,254,247,2871.927125506073,0,9.7631784931717469,0.26731601731601734,0.996415770609319
no,Oslo,Oslo,2025-07-20,30.0,617,597,2840.1757877280265,0,10.381175554346015,0.310126582278481,0.99648594377510036
no,Oslo,Oslo,2025-07-20,31.0,737,716,3001.7621696801111,0,9.7829284374646122,0.31491712707182318,0.99912929908576409
no,Oslo,Oslo,2025-07-20,32.0,736,714,2971.08635097493,0,9.4915543217221447,0.32173573103987491,0.997428204029147
no,Oslo,Oslo,2025-07-20,33.0,850,818,2955.0169286577993,0,11.128538413794049,0.3213657162970785,0.99491591709034022
no,Oslo,Oslo,2025-07-20,34.0,843,809,2889.7833537331703,0,13.762010943662624,0.28352899324083958,0.98869143780290791
no,Oslo,Oslo,2025-07-20,35.0,417,396,2891.1683168316831,0.003256157,15.612866759998985,0.25476034143138543,0.99086062452399082
no,Oslo,Oslo,2025-07-20,36.0,479,445,2475.2138084632516,0.172420692,16.884833963795778,0.29678770949720673,0.99615384615384617
no,Oslo,Oslo,2025-07-20,37.0,320,290,2916.5034246575342,0.055638762,16.121695763129772,0.27841409691629954,0.996031746031746
no,Oslo,Oslo,2025-07-20,38.0,188,183,2446.6994535519125,0.595476072,19.661416510749767,0.3204022988505747,0.99837398373983743
no,Oslo,Oslo,2025-07-20,39.0,226,216,3017.0867579908677,0.057024252,17.214300796717964,0.305952380952381,0.993368700265252
no,Oslo,Oslo,2025-07-20,40.0,515,492,2675.1282565130259,0.343400638,19.658345419231061,0.32617449664429532,0.99775784753363228
no,Oslo,Oslo,2025-07-21,,1,1,1285.0,,7.3630304936795428,0.058823529411764705,1.0
no,Oslo,Oslo,2025-07-21,22.0,3,3,2491.3333333333335,0,8.0344264077020888,0.068965517241379309,0.94339622641509435
no,Oslo,Oslo,2025-07-21,23.0,15,15,2402.9333333333334,0,9.0562988784468619,0.028571428571428571,0.97916666666666663
no,Oslo,Oslo,2025-07-21,24.0,9,9,3215.2222222222222,0,7.895401162637615,0.24489795918367346,1.0
no,Oslo,Oslo,2025-07-21,25.0,37,35,2726.7714285714287,0,9.964992013537449,0.17164179104477612,0.99559471365638763
no,Oslo,Oslo,2025-07-21,26.0,41,39,2276.4615384615386,0.010268949,12.656978123740119,0.13166144200626959,1.0
no,Oslo,Oslo,2025-07-21,27.0,54,54,2709.5,0,12.493944118815929,0.17784256559766765,1.0
no,Oslo,Oslo,2025-07-21,28.0,275,265,2864.7238805970151,0.003483793,11.987138329620336,0.21953125,0.99203539823008846
no,Oslo,Oslo,2025-07-21,29.0,199,192,2732.6735751295337,0,13.110555562997785,0.20139581256231306,0.9883449883449883
no,Oslo,Oslo,2025-07-21,30.0,633,611,2773.7862969004896,0,14.188963663233906,0.2491362763915547,0.99601769911504423
no,Oslo,Oslo,2025-07-21,31.0,865,840,2761.7260920897284,0,13.939069981471732,0.25116534137647384,0.99686618614854272
no,Oslo,Oslo,2025-07-21,32.0,1274,1224,2827.8273905996757,0.000726396,14.134512681240272,0.28053397091053994,0.99505061867266587
no,Oslo,Oslo,2025-07-21,33.0,531,510,2941.312015503876,0,14.219041089484838,0.261455525606469,0.99183256763654926
no,Oslo,Oslo,2025-07-21,34.0,625,602,2799.5016501650166,0.001450771,15.0061237238027,0.2862351868732908,0.99485596707818935
no,Oslo,Oslo,2025-07-21,35.0,221,217,2951.4654377880183,0,15.744050938184008,0.287012987012987,0.99706314243759175
no,Oslo,Oslo,2025-07-21,36.0,296,291,3049.6450511945391,0,14.730075553652357,0.27092320966350303,0.996078431372549
no,Oslo,Oslo,2025-07-21,39.0,4,3,7792.0,0,14.35476318679668,0.16216216216216217,1.0
no,Oslo,Oslo,2025-07-21,40.0,15,15,6058.7333333333336,0,15.703085351957801,0.16049382716049382,1.0
no,Oslo,Oslo,2025-07-21,43.0,5,4,4110.5,0,15.82578680174295,0.071428571428571425,1.0
no,Oslo,Oslo,2025-07-22,20.0,2,2,1312.0,0,7.9573371069446948,0.075,0.96969696969696972
no,Oslo,Oslo,2025-07-22,21.0,7,6,2553.5,0,6.2485241501834627,0.17567567567567569,1.0
no,Oslo,Oslo,2025-07-22,22.0,25,25,2164.68,0,10.058675022587495,0.19886363636363635,1.0
no,Oslo,Oslo,2025-07-22,23.0,32,32,2692.53125,0,7.7311703517114934,0.1423611111111111,0.98467432950191569
no,Oslo,Oslo,2025-07-22,24.0,25,25,3005.08,0,8.340739894426866,0.10683760683760683,0.99019607843137258
no,Oslo,Oslo,2025-07-22,25.0,8,7,2798.625,0,4.9223563135253059,0.125,0.94285714285714284
no,Oslo,Oslo,2025-07-22,26.0,112,110,2762.3693693693695,0,10.997610865743477,0.18693009118541035,0.99473684210526314
no,Oslo,Oslo,2025-07-22,27.0,75,74,2717.5270270270271,0,13.883815353725963,0.23626373626373626,0.99681528662420382
no,Oslo,Oslo,2025-07-22,28.0,59,58,3035.2542372881358,0,12.588646308927096,0.19230769230769232,1.0
no,Oslo,Oslo,2025-07-22,29.0,231,216,2862.2681818181818,0,12.256327538581964,0.19741837509491267,0.99552372426141456
no,Oslo,Oslo,2025-07-22,30.0,995,959,2860.7809917355371,0,13.882239644343739,0.22498242324818374,0.990228013029316
no,Oslo,Oslo,2025-07-22,31.0,620,599,2925.6049586776858,0.002956914,13.339417798890469,0.2211504108610218,0.99586606035551883
no,Oslo,Oslo,2025-07-22,32.0,622,606,2797.9016393442621,0,13.356062964026423,0.24359861591695503,0.99565389174239427
no,Oslo,Oslo,2025-07-22,33.0,659,623,2742.6044303797466,0.006570567,14.622195991979188,0.25992509363295879,0.99656209712075638
no,Oslo,Oslo,2025-07-22,34.0,167,163,2707.5792682926831,0,15.099697739562627,0.29967426710097722,0.99257884972170685
no,Oslo,Oslo,2025-07-22,35.0,818,801,2929.7462686567164,0.035460213,15.07620603087164,0.27291666666666664,0.99795848928206876
no,Oslo,Oslo,2025-07-22,36.0,173,165,2308.2694610778444,0.30562595,18.331276274258961,0.292894280762565,0.9941060903732809
no,Oslo,Oslo,2025-07-22,37.0,355,349,2864.8366762177652,0.080354528,17.270711173057833,0.29061976549413737,0.99720410065237652
no,Oslo,Oslo,2025-07-22,38.0,147,141,2377.0,0.322330523,19.521223527849749,0.29980657640232106,0.99361702127659579
no,Oslo,Oslo,2025-07-22,41.0,1,1,12323.0,0,6.4953580606027277,0.14285714285714285,1.0
no,Oslo,Oslo,2025-07-23,,1,1,2078.0,0,9.0,0.028571428571428571,1.0
no,Oslo,Oslo,2025-07-23,18.0,1,1,1549.0,0,8.6831155347910478,0.055555555555555552,1.0
no,Oslo,Oslo,2025-07-23,21.0,5,4,2660.0,0,7.289346763504251,0.028571428571428571,1.0
no,Oslo,Oslo,2025-07-23,22.0,4,4,2872.25,0,9.0,0.071428571428571425,0.95
no,Oslo,Oslo,2025-07-23,23.0,12,12,1780.0833333333333,0,8.5489865671966481,0.11764705882352941,1.0
no,Oslo,Oslo,2025-07-23,24.0,7,7,2235.7142857142858,0,7.0040766093750753,0.086419753086419748,0.96969696969696972
no,Oslo,Oslo,2025-07-23,25.0,143,140,2552.1785714285716,0,10.498877378878467,0.21973684210526315,0.99692780337941633
no,Oslo,Oslo,2025-07-23,26.0,40,37,2425.0810810810813,0,12.030076641503779,0.19576719576719576,1.0
no,Oslo,Oslo,2025-07-23,27.0,534,522,2594.4083969465651,0,10.431347520873068,0.25571820677035684,0.99895779051589373
no,Oslo,Oslo,2025-07-23,28.0,467,450,2681.5607064017659,0,12.283600017673951,0.20810313075506445,0.99029126213592233
no,Oslo,Oslo,2025-07-23,29.0,799,783,2665.9860050890584,0,11.623960761401968,0.25379939209726443,0.99687391455366448
no,Oslo,Oslo,2025-07-23,30.0,600,578,2780.2654109589039,0.001558493,13.81207832479844,0.25030376670716892,0.995736617716722
no,Oslo,Oslo,2025-07-23,31.0,811,790,2994.3534591194971,0,13.253368971279336,0.26252689824777131,0.99650593990216629
no,Oslo,Oslo,2025-07-23,32.0,56,52,3410.5283018867926,0,14.602963247318439,0.17142857142857143,0.97003745318352064
no,Oslo,Oslo,2025-07-23,33.0,484,467,2954.7478632478633,0.036592771,15.137197306867206,0.26162162162162161,0.99326805385556916
no,Oslo,Oslo,2025-07-23,34.0,682,673,2702.048888888889,0.013317234,16.012311726462151,0.30301857585139319,0.99826086956521742
no,Oslo,Oslo,2025-07-23,35.0,85,83,3022.3132530120483,0,16.64049654918815,0.20977011494252873,0.99673202614379086
no,Oslo,Oslo,2025-07-23,36.0,1,1,12981.0,0,8.3497912886454841,0.0,1.0
no,Oslo,Oslo,2025-07-23,37.0,204,201,2851.6237623762377,0.004081764,16.824810932517227,0.31215469613259667,0.99840510366826152
no,Oslo,Oslo,2025-07-23,38.0,341,331,2667.24251497006,0.352492066,18.991818784598735,0.29493891797556721,0.9980059820538385
no,Oslo,Oslo,2025-07-23,39.0,144,141,2610.049645390071,0.726858387,19.794215078610055,0.27047619047619048,1.0
no,Oslo,Oslo,2025-07-24,,2,1,3565.0,0,8.3909717710858409,0.063829787234042548,1.0
no,Oslo,Oslo,2025-07-24,20.0,1,1,1406.0,0,9.0,0.044444444444444446,0.97368421052631582
no,Oslo,Oslo,2025-07-24,21.0,3,1,934.0,,8.2442355483386152,0.05,1.0
no,Oslo,Oslo,2025-07-24,22.0,25,25,2293.2,0,8.706137655482463,0.12355212355212356,0.98636363636363633
no,Oslo,Oslo,2025-07-24,23.0,70,67,2937.794117647059,0,8.792420585468582,0.17755102040816326,0.99522673031026254
no,Oslo,Oslo,2025-07-24,24.0,40,40,2668.125,0,9.5349387310663012,0.17391304347826086,1.0
no,Oslo,Oslo,2025-07-24,25.0,47,44,2794.5454545454545,0,10.145004729827074,0.11413043478260869,0.99365079365079367
no,Oslo,Oslo,2025-07-24,26.0,516,503,2738.0952380952381,0,8.3841913758819,0.29219143576826195,0.99942163100057835
no,Oslo,Oslo,2025-07-24,27.0,1082,1046,2712.9452313503307,0,10.496441130067248,0.27338476374156218,0.99809885931558939
no,Oslo,Oslo,2025-07-24,28.0,2017,1977,2757.5532022188604,0,11.090587845198334,0.27777022433718557,0.99709079773388454
no,Oslo,Oslo,2025-07-24,29.0,763,745,2811.0240320427238,0,11.537109102759112,0.27079767203012667,0.99647335423197492
no,Oslo,Oslo,2025-07-24,30.0,346,340,2832.6793002915451,0,13.47627827008656,0.20634920634920634,1.0
no,Oslo,Oslo,2025-07-24,31.0,196,190,3425.2094240837696,0,12.389421469052996,0.20969560315670802,0.99222797927461137
no,Oslo,Oslo,2025-07-24,32.0,198,195,3141.3794871794871,0,12.913797782385036,0.22549019607843138,0.99495586380832279
no,Oslo,Oslo,2025-07-24,33.0,87,83,3537.7093023255816,0,13.672075153481263,0.17038539553752535,0.975609756097561
no,Oslo,Oslo,2025-07-24,34.0,31,28,3178.8275862068967,0,15.984826929496839,0.24369747899159663,1.0
no,Oslo,Oslo,2025-07-24,36.0,6,5,9475.4,0,11.869238485514719,0.1,1.0
no,Oslo,Oslo,2025-07-24,37.0,40,37,4735.3157894736842,0,15.373459902121814,0.12435233160621761,1.0
no,Oslo,Oslo,2025-07-24,39.0,9,7,8214.57142857143,0,9.61861358349688,0.25,1.0
no,Oslo,Oslo,2025-07-25,22.0,37,37,2698.0540540540542,0,8.37382204963702,0.1875,1.0
no,Oslo,Oslo,2025-07-25,23.0,37,36,2523.3611111111113,0,8.8185984587465853,0.18811881188118812,0.994413407821229
no,Oslo,Oslo,2025-07-25,24.0,142,135,2657.1470588235293,0,9.7987326729316173,0.2157622739018088,1.0
no,Oslo,Oslo,2025-07-25,25.0,41,40,2667.9,0,10.341822992192197,0.18907563025210083,0.98067632850241548
no,Oslo,Oslo,2025-07-25,26.0,236,233,2852.0772532188839,0,8.2416301650756871,0.24356435643564356,0.99776035834266519
no,Oslo,Oslo,2025-07-25,27.0,711,696,2787.4273504273506,0,8.6652809189023738,0.270474879559532,0.99647887323943662
no,Oslo,Oslo,2025-07-25,28.0,621,602,2743.2172470978439,0,10.660797365560462,0.28001679261125106,0.9985680190930788
no,Oslo,Oslo,2025-07-25,29.0,1631,1588,2942.3968847352025,0,10.508273115839385,0.27030417058639072,0.99752168525402729
no,Oslo,Oslo,2025-07-25,30.0,1100,1065,2689.735266604303,0,12.606668445742187,0.28622540250447226,0.99483944954128445
no,Oslo,Oslo,2025-07-25,31.0,565,543,2977.8201834862384,0,13.282653092412968,0.23463917525773195,0.99671823722456632
no,Oslo,Oslo,2025-07-25,32.0,800,778,2969.74840357599,0,13.494341601208118,0.27532196310476853,0.99762939549585139
no,Oslo,Oslo,2025-07-25,33.0,43,42,3994.7142857142858,0,13.309950418927292,0.14977973568281938,1.0
no,Oslo,Oslo,2025-07-25,34.0,133,130,3098.679389312977,0,15.598791036726089,0.23076923076923078,0.99793814432989691
no,Oslo,Oslo,2025-07-26,18.0,5,4,998.25,0,6.5990358249715015,0.090909090909090912,0.90697674418604646
no,Oslo,Oslo,2025-07-26,22.0,32,30,2245.6333333333332,0,7.7395898051230336,0.15566037735849056,0.99468085106382975
no,Oslo,Oslo,2025-07-26,23.0,124,119,2520.1176470588234,0,8.8851430219078,0.22926829268292684,0.98886827458256032
no,Oslo,Oslo,2025-07-26,24.0,184,179,2838.68156424581,0,8.8405027278592669,0.2189695550351288,0.99071618037135278
no,Oslo,Oslo,2025-07-26,25.0,154,150,3072.6866666666665,0,9.4994563107586441,0.19927971188475391,0.97933884297520657
no,Oslo,Oslo,2025-07-26,26.0,236,226,2695.1277533039647,0,11.27160202758761,0.25102459016393441,0.99766081871345025
no,Oslo,Oslo,2025-07-26,27.0,164,160,2868.7375,0,12.621523638094322,0.19827586206896552,1.0
no,Oslo,Oslo,2025-07-26,28.0,178,175,3044.5828571428569,0.007792884,12.542997924498653,0.19975932611311673,0.99857752489331442
no,Oslo,Oslo,2025-07-26,29.0,81,73,4416.0135135135133,0,10.017365999044809,0.19955156950672645,1.0
no,Oslo,Oslo,2025-07-26,30.0,1014,975,2701.8781725888325,0,12.268290916010438,0.29001833900969348,0.99882491186839018
no,Oslo,Oslo,2025-07-26,31.0,750,715,2897.8305555555557,0,12.911162900743065,0.26664378860672616,0.99538461538461542
no,Oslo,Oslo,2025-07-26,32.0,1514,1469,2814.12449255751,0,13.621892773222035,0.26846942382467304,0.99722387467777118
no,Oslo,Oslo,2025-07-26,33.0,1133,1099,2678.7888086642597,0,14.095130014840482,0.29532839962997226,0.99765868886576481
no,Oslo,Oslo,2025-07-26,34.0,1042,1005,3051.8134254689044,0,14.292189758023172,0.28331527627302278,0.99514268366727388
no,Oslo,Oslo,2025-07-26,35.0,492,476,2751.8024948024949,0,14.986170267643528,0.2829763246899662,0.99629171817058093
no,Oslo,Oslo,2025-07-26,36.0,74,68,2748.0704225352115,0,15.844937227936432,0.24929971988795518,0.98769230769230765
no,Oslo,Oslo,2025-07-27,21.0,19,19,2577.8947368421054,0,8.9948175135500019,0.15697674418604651,0.94838709677419353
no,Oslo,Oslo,2025-07-27,22.0,14,11,2730.818181818182,0,6.5250070200584043,0.20833333333333334,1.0
no,Oslo,Oslo,2025-07-27,23.0,37,29,2863.6666666666665,0,8.3045142729819421,0.18471337579617833,0.98620689655172411
no,Oslo,Oslo,2025-07-27,24.0,83,81,2586.5925925925926,0,9.9509009343243271,0.210412147505423,0.99528301886792447
no,Oslo,Oslo,2025-07-27,25.0,150,146,2675.8843537414964,0.014348186,11.815871256516761,0.22686567164179106,0.97854785478547857
no,Oslo,Oslo,2025-07-27,26.0,213,206,2681.7272727272725,0.022745397,12.243431979584249,0.24497607655502393,0.98979591836734693
no,Oslo,Oslo,2025-07-27,27.0,239,228,2871.6094420600857,0,11.67194662658456,0.26734693877551019,0.9804147465437788
no,Oslo,Oslo,2025-07-27,28.0,440,430,2923.7598152424944,0,11.640563877475341,0.2478813559322034,0.99247685185185186
no,Oslo,Oslo,2025-07-27,29.0,26,26,3139.4615384615386,0,14.980334404903589,0.19642857142857142,0.99009900990099009
no,Oslo,Oslo,2025-07-27,30.0,179,175,2782.3142857142857,0.01447078,14.223446164606893,0.23748544819557627,0.995945945945946
no,Oslo,Oslo,2025-07-27,31.0,970,943,2756.9065126050418,0,13.766661895724202,0.27076454152908308,0.99634112018012944
no,Oslo,Oslo,2025-07-27,32.0,471,454,3213.1023965141612,0,13.769622172061027,0.26543942992874109,0.99868852459016388
no,Oslo,Oslo,2025-07-27,33.0,748,721,2802.7393103448276,0.001165756,14.05721667240832,0.28416043507817812,0.9958568738229755
no,Oslo,Oslo,2025-07-27,34.0,584,546,3082.7594936708861,0.01467362,15.22304518648057,0.23665480427046262,0.99341438703140827
no,Oslo,Oslo,2025-07-27,35.0,802,771,2835.7325581395348,0.164426387,16.926016216399809,0.28722627737226275,0.99676767676767675
no,Oslo,Oslo,2025-07-27,36.0,534,516,2742.9269230769232,0.018396203,16.507220725436703,0.29729729729729731,0.99563046192259674
no,Oslo,Oslo,2025-07-27,37.0,528,512,2491.6201550387595,0.25925459,18.275715987970621,0.30543478260869567,0.997637330183107
no,Oslo,Oslo,2025-07-27,38.0,918,888,2771.3118756936738,0.014614201,16.529087310085679,0.31556372549019607,0.99598662207357858
no,Oslo,Oslo,2025-07-27,39.0,2589,2521,2742.1247040252565,0.18103171,17.919398147480347,0.29935941432166552,0.99670050761421325
no,Oslo,Oslo,2025-07-27,40.0,717,694,2885.4878397711018,0.177170511,18.402274798111822,0.32679465776293826,0.99586016559337631
no,Oslo,Oslo,2025-07-27,41.0,400,379,2730.6041666666665,0.285457217,18.542315822640752,0.29885931558935364,0.9966666666666667
no,Oslo,Oslo,2025-07-27,42.0,393,383,2581.313624678663,0.356766046,18.998127341215579,0.28710801393728225,0.99844236760124616
no,Oslo,Oslo,2025-07-27,45.0,167,149,2710.6133333333332,0.48024141,19.979111618360445,0.19897304236200256,0.96783625730994149
no,Oslo,Oslo,2025-07-28,,1,0,,,9.0,0.038461538461538464,1.0
no,Oslo,Oslo,2025-07-28,23.0,2,2,1681.0,0,9.0,0.09375,1.0
no,Oslo,Oslo,2025-07-28,25.0,26,25,2203.68,0.039823009,10.511370242016771,0.15525114155251141,1.0
no,Oslo,Oslo,2025-07-28,26.0,30,29,3033.8275862068967,0,9.3747413390559835,0.1476510067114094,0.99604743083003955
no,Oslo,Oslo,2025-07-28,27.0,41,39,2747.6410256410259,0.02153294,13.949366526504829,0.16967509025270758,1.0
no,Oslo,Oslo,2025-07-28,28.0,74,72,2529.5555555555557,0.066225503,13.045041602924631,0.1711340206185567,0.99528301886792447
no,Oslo,Oslo,2025-07-28,29.0,260,245,2630.0931174089069,0,13.935499681666325,0.20976781425140112,0.99813606710158431
no,Oslo,Oslo,2025-07-28,30.0,421,404,2888.3545232273837,0,13.72437393370237,0.20145631067961164,0.99435028248587576
no,Oslo,Oslo,2025-07-28,31.0,129,125,2532.1181102362207,0,14.796164889921936,0.18475073313782991,0.97461928934010156
no,Oslo,Oslo,2025-07-28,32.0,48,44,2843.840909090909,0.136749717,16.911517756725214,0.1536144578313253,1.0
no,Oslo,Oslo,2025-07-28,33.0,331,320,2886.621875,0,14.857076945660541,0.19646125686394142,0.99571428571428566
no,Oslo,Oslo,2025-07-28,34.0,208,201,2529.0637254901962,0.028239452,15.961378300102179,0.28843861740166865,0.99448275862068969
no,Oslo,Oslo,2025-07-28,35.0,105,104,2913.9423076923076,0.107304439,16.777847216978341,0.18731117824773413,0.99648506151142358
no,Oslo,Oslo,2025-07-28,36.0,1415,1361,2628.2325072886297,0.216791704,17.943354145133259,0.2667272727272727,0.99794153972828326
no,Oslo,Oslo,2025-07-28,37.0,740,717,2949.3975240715267,0.151406364,16.984861400255273,0.25913280983270742,0.99767441860465111
no,Oslo,Oslo,2025-07-28,38.0,1116,1073,2780.4948932219127,0.248897851,18.733250357591949,0.2815604555367095,0.9966666666666667
no,Oslo,Oslo,2025-07-28,39.0,626,604,2819.4925864909392,0.311094917,18.530726330209237,0.26237234878240379,0.99552772808586765
no,Oslo,Oslo,2025-07-28,40.0,96,92,3111.6989247311826,0.281116369,18.30827085066981,0.21428571428571427,0.99685534591194969
no,Oslo,Oslo,2025-07-28,41.0,98,93,3248.0851063829787,0.324539412,18.887641634120897,0.23054755043227665,0.98996655518394649
no,Oslo,Oslo,2025-07-28,43.0,51,46,1954.391304347826,0.605981935,19.165272046851797,0.17627118644067796,1.0
no,Oslo,Oslo,2025-07-28,44.0,15,14,3233.9285714285716,0.366718028,17.058423275002355,0.17894736842105263,1.0
no,Oslo,Oslo,2025-07-28,45.0,47,40,2879.2142857142858,0.501935633,20.2457738367411,0.21759259259259259,1.0
no,Oslo,Oslo,2025-07-28,48.0,14,14,4620.4285714285716,0.414027819,18.994167726827477,0.13084112149532709,1.0
no,Oslo,Oslo,2025-07-28,54.0,14,13,2721.7692307692309,0.720927735,20.9920776657659,0.067114093959731544,1.0
no,Oslo,Oslo,2025-07-28,56.0,35,32,2323.6875,0.762655876,22.148244896704959,0.11515151515151516,1.0
no,Oslo,Oslo,2025-07-29,,1,0,,,9.0,0.055555555555555552,1.0
no,Oslo,Oslo,2025-07-29,21.0,3,3,2588.3333333333335,0,9.0,0.10169491525423729,1.0
no,Oslo,Oslo,2025-07-29,23.0,1,1,1168.0,,9.0,0.08,0.93617021276595747
no,Oslo,Oslo,2025-07-29,24.0,12,12,2645.4166666666665,0,9.0,0.10434782608695652,0.98058252427184467
no,Oslo,Oslo,2025-07-29,25.0,75,72,2516.875,0,11.165240289239627,0.17475728155339806,0.99431818181818177
no,Oslo,Oslo,2025-07-29,26.0,26,23,2216.8260869565215,0,12.934924331086131,0.16666666666666666,1.0
no,Oslo,Oslo,2025-07-29,27.0,100,97,2499.1326530612246,0,13.537694263757334,0.16194968553459119,0.9908088235294118
no,Oslo,Oslo,2025-07-29,28.0,176,171,2996.7383720930234,0,13.039516108452364,0.19246031746031747,0.9964994165694282
no,Oslo,Oslo,2025-07-29,29.0,32,31,3442.6451612903224,0,11.376774186341,0.15270935960591134,1.0
no,Oslo,Oslo,2025-07-29,30.0,129,115,3014.0862068965516,0,13.407819531294958,0.20779220779220781,0.99239543726235746
no,Oslo,Oslo,2025-07-29,31.0,174,165,2552.9404761904761,0.014368466,15.842940518357967,0.21695760598503741,1.0
no,Oslo,Oslo,2025-07-29,32.0,189,176,3225.2768361581921,0.005165708,14.594496055139668,0.17230098146128681,0.99618805590851334
no,Oslo,Oslo,2025-07-29,33.0,142,138,2667.1702127659573,0.043940836,16.580703304104905,0.16623036649214659,0.996969696969697
no,Oslo,Oslo,2025-07-29,34.0,82,80,2598.2962962962961,0.146350142,16.528852841186957,0.2028688524590164,0.99764705882352944
no,Oslo,Oslo,2025-07-29,35.0,146,140,2879.4071428571428,0.119608368,16.690884469124583,0.22222222222222221,1.0
no,Oslo,Oslo,2025-07-29,36.0,233,218,2710.1363636363635,0.163352506,17.415174927872446,0.22601984564498345,0.99873257287705952
no,Oslo,Oslo,2025-07-29,37.0,512,482,2504.1010309278349,0.458241415,19.496416733686257,0.24223322827555155,0.99848637739656909
no,Oslo,Oslo,2025-07-29,38.0,472,451,2462.638766519824,0.508560752,21.293806570941946,0.24321503131524008,0.9893111638954869
no,Oslo,Oslo,2025-07-29,39.0,1045,1011,2335.9823008849557,0.723263458,22.205793215515794,0.25525326255253261,0.99750561237216262
no,Oslo,Oslo,2025-07-29,40.0,1335,1289,2404.6548536209552,0.727142887,21.971433201132175,0.25988799439972,0.99628688684776234
no,Oslo,Oslo,2025-07-29,41.0,434,417,2478.2440191387559,0.687649532,21.264544339031723,0.23582405935347112,0.997043169722058
no,Oslo,Oslo,2025-07-29,42.0,160,153,2682.4451612903226,0.803622321,21.03619654152638,0.21495327102803738,0.99558823529411766
no,Oslo,Oslo,2025-07-29,43.0,175,170,2646.2441860465115,0.581308692,19.86220041864112,0.26519337016574585,1.0
no,Oslo,Oslo,2025-07-29,44.0,445,432,2623.4027459954232,0.777608276,21.598946881525173,0.22853535353535354,0.99765037593984962
no,Oslo,Oslo,2025-07-30,,1,1,2045.0,,9.0,0.13333333333333333,1.0
no,Oslo,Oslo,2025-07-30,19.0,8,8,1863.875,0,8.4474101882331922,0.11235955056179775,0.98630136986301364
no,Oslo,Oslo,2025-07-30,21.0,3,3,3547.3333333333335,0,8.5164719047663819,0.18181818181818182,1.0
no,Oslo,Oslo,2025-07-30,23.0,12,11,2021.1818181818182,0,8.7435585103745659,0.088888888888888892,0.95833333333333337
no,Oslo,Oslo,2025-07-30,25.0,29,24,3325.3703703703704,0,9.3704134521932652,0.13903743315508021,1.0
no,Oslo,Oslo,2025-07-30,26.0,71,67,2747.3432835820895,0,10.281893605492021,0.12588652482269502,0.94514767932489452
no,Oslo,Oslo,2025-07-30,27.0,147,139,2807.0357142857142,0,11.353676877469196,0.19758064516129031,0.97645211930926212
no,Oslo,Oslo,2025-07-30,28.0,101,96,2935.4845360824743,0,12.648852711326283,0.20677966101694914,1.0
no,Oslo,Oslo,2025-07-30,29.0,85,84,2951.3928571428573,0,13.275680132537031,0.15817223198594024,1.0
no,Oslo,Oslo,2025-07-30,30.0,502,490,2955.5772357723577,0,12.821232536705249,0.21597751906864712,0.99403669724770638
no,Oslo,Oslo,2025-07-30,31.0,648,622,2703.8197767145134,0,13.35897144803941,0.25089863407620416,0.99709784411276947
no,Oslo,Oslo,2025-07-30,32.0,412,406,2863.5036855036856,0,13.590972334980098,0.245489338436304,0.996268656716418
no,Oslo,Oslo,2025-07-30,33.0,786,752,2949.3907894736844,0,14.493826014484519,0.28021778584392015,0.998769987699877
no,Oslo,Oslo,2025-07-30,34.0,866,828,2908.9940191387559,0.001038773,14.900793280250195,0.28043687761002251,0.99889786921381341
no,Oslo,Oslo,2025-07-30,35.0,1024,1002,2876.1221449851041,0.019751862,15.408433577383652,0.26428027418126426,0.9979680696661829
no,Oslo,Oslo,2025-07-30,36.0,1466,1432,2856.4547353760445,0.029236689,15.570855607023805,0.29245283018867924,0.99894692502106153
no,Oslo,Oslo,2025-07-30,38.0,14,13,4871.6428571428569,0,13.834791265374513,0.095238095238095233,1.0
no,Oslo,Oslo,2025-07-31,21.0,5,5,3127.2,0,11.91883289560351,0.13333333333333333,1.0
no,Oslo,Oslo,2025-07-31,22.0,11,11,2357.5454545454545,0,18.0,0.12280701754385964,1.0
no,Oslo,Oslo,2025-07-31,23.0,75,71,2863.4583333333335,0,18.464671083955263,0.19130434782608696,0.99717514124293782
no,Oslo,Oslo,2025-07-31,24.0,157,153,3037.3506493506493,0,18.477770038701447,0.21379738968303294,0.9957865168539326
no,Oslo,Oslo,2025-07-31,25.0,158,155,3052.1666666666665,0,18.105161256337354,0.19601593625498007,0.99137931034482762
no,Oslo,Oslo,2025-07-31,26.0,449,430,2888.3732718894007,0,19.710283590076969,0.21480102397021178,0.99384299640841456
no,Oslo,Oslo,2025-07-31,27.0,337,326,3263.5106382978724,0,21.402209938608721,0.22687476208602969,0.99397071490094746
no,Oslo,Oslo,2025-07-31,28.0,107,105,2896.1904761904761,0,23.640938183646611,0.22175732217573221,0.99509803921568629
no,Oslo,Oslo,2025-07-31,29.0,140,134,2251.7518248175184,0,26.130567174948762,0.21137277426766227,0.99353169469598968
no,Oslo,Oslo,2025-07-31,30.0,220,207,2861.0192307692309,0,25.06911496629953,0.25045927740355173,0.99869281045751634
no,Oslo,Oslo,2025-07-31,31.0,602,582,2720.6496598639455,0,28.226341794141124,0.22980326496442027,0.9981412639405205
no,Oslo,Oslo,2025-07-31,32.0,409,398,2790.4416873449131,0.004271003,28.414558187788007,0.23951141795007966,0.99763173475429245
no,Oslo,Oslo,2025-07-31,33.0,1341,1300,2806.8681992337165,0,26.881310588044364,0.27331568108267135,0.999128160418483
no,Oslo,Oslo,2025-07-31,34.0,575,547,2783.6389891696749,0.034194511,29.721044740364608,0.29114832535885166,0.99896319336443751
no,Oslo,Oslo,2025-07-31,35.0,428,416,2666.8329355608594,0,31.097544574131181,0.30575417092271023,0.9962349397590361
no,Oslo,Oslo,2025-07-31,36.0,426,417,2575.9498806682577,0.030057475,34.762477823448556,0.30549607423269093,0.99682034976152623
no,Oslo,Oslo,2025-07-31,37.0,1507,1470,2657.6134055517941,0.055110289,34.693766393964516,0.30898036479617264,0.99888839484215208
no,Oslo,Oslo,2025-07-31,38.0,21,19,4644.55,0,14.046991682770024,0.18803418803418803,1.0
no,Oslo,Oslo,2026-06-01,15.0,3,3,1078.6666666666667,0,5.9328577748712972,0.034482758620689655,0.98809523809523814
no,Oslo,Oslo,2026-06-01,16.0,2,2,1824.5,0,5.1267604493823393,0.086956521739130432,0.9642857142857143
no,Oslo,Oslo,2026-06-01,18.0,2,2,3667.5,0,5.0216736637985218,0.0,0.94117647058823528
no,Oslo,Oslo,2026-06-01,19.0,5,4,2116.75,0,3.0610087236239303,0.11267605633802817,0.967741935483871
no,Oslo,Oslo,2026-06-01,20.0,62,62,2574.7258064516127,0,7.9297943445630086,0.14254859611231102,0.985781990521327
no,Oslo,Oslo,2026-06-01,21.0,78,75,2461.4666666666667,0,6.8590811539612284,0.17016806722689076,0.98663697104677062
no,Oslo,Oslo,2026-06-01,22.0,234,228,2784.288209606987,0,7.48473625946,0.19538334707337179,0.99009900990099009
no,Oslo,Oslo,2026-06-01,23.0,86,84,3351.7647058823532,0,6.0276047352635507,0.16470588235294117,0.99236641221374045
no,Oslo,Oslo,2026-06-01,24.0,371,353,3013.7780898876404,0.00359355,8.467345645494154,0.22179732313575526,0.99444444444444446
no,Oslo,Oslo,2026-06-01,25.0,136,132,3335.810606060606,0,9.1246812023449539,0.1925,0.98074277854195324
no,Oslo,Oslo,2026-06-01,26.0,222,214,3021.433789954338,0,10.721482514914335,0.23008849557522124,0.99473684210526314
no,Oslo,Oslo,2026-06-01,27.0,280,272,2727.389090909091,0,11.681147102350138,0.25068119891008173,0.99904214559386972
no,Oslo,Oslo,2026-06-01,28.0,396,390,2855.3657289002558,0,13.049432101147493,0.22348680807035695,0.99726177437020813
no,Oslo,Oslo,2026-06-01,29.0,227,223,2724.2212389380529,0,13.392519713731053,0.27628361858190709,0.99227799227799229
no,Oslo,Oslo,2026-06-01,30.0,343,336,2733.5103857566764,0.010739619,13.717881947945282,0.27885425442291489,0.9928379588182632
no,Oslo,Oslo,2026-06-01,31.0,199,198,2970.0707070707072,0,14.895236428191177,0.27285714285714285,0.99848254931714719
no,Oslo,Oslo,2026-06-01,33.0,338,332,2550.1467065868264,0.08513559,16.236817657982144,0.34169884169884168,0.998001998001998
no,Oslo,Oslo,2026-06-01,34.0,290,288,2360.4826388888887,0.111253795,18.00851375974289,0.29709364908503766,1.0
no,Oslo,Oslo,2026-06-01,35.0,3,3,3729.6666666666665,0,14.77579294408233,0.086956521739130432,0.97674418604651159
no,Oslo,Oslo,2026-06-01,37.0,184,183,2524.2989130434785,0.294392087,17.980721518674272,0.33741258741258739,1.0
no,Oslo,Oslo,2026-06-01,38.0,83,83,2871.9638554216867,0.4044924,19.74668788509597,0.23636363636363636,1.0
no,Oslo,Oslo,2026-06-01,39.0,383,378,2663.4142480211081,0.253830956,18.6144684878479,0.28398576512455515,0.99849397590361444
no,Oslo,Oslo,2026-06-01,40.0,273,272,2628.3970588235293,0.469070497,19.99534402559836,0.30058365758754862,0.99589743589743585
no,Oslo,Oslo,2026-06-01,41.0,479,470,2437.5762711864409,0.413895441,20.520984342546292,0.26175472612699952,0.99897488467452589
no,Oslo,Oslo,2026-06-01,43.0,297,291,2536.3911564625851,0.294508053,20.4893320632498,0.33272227314390468,0.99905926622765762
no,Oslo,Oslo,2026-06-01,44.0,155,155,2534.2387096774191,0.413028663,22.460380809725066,0.28826151560178304,1.0
no,Oslo,Oslo,2026-06-01,46.0,172,164,2674.5089820359281,0.450513889,23.561708489452435,0.25651577503429357,1.0
no,Oslo,Oslo,2026-06-01,47.0,191,187,2584.6861702127658,0.47001913,22.059125450670273,0.30323450134770891,0.99859747545582045
no,Oslo,Oslo,2026-06-01,49.0,165,165,2649.2181818181816,0.524425962,21.999486807738386,0.30282861896838603,1.0
no,Oslo,Oslo,2026-06-01,51.0,405,396,2605.4837092731827,0.512996698,23.66902432321201,0.31594634873323396,1.0
no,Oslo,Oslo,2026-06-02,13.0,2,2,358.5,0,4.1567947146093118,0.18518518518518517,1.0
no,Oslo,Oslo,2026-06-02,17.0,2,2,1814.0,0,7.0045094752379233,0.17647058823529413,0.93333333333333335
no,Oslo,Oslo,2026-06-02,20.0,17,16,3036.0625,0,6.69400367090239,0.21052631578947367,0.98529411764705888
no,Oslo,Oslo,2026-06-02,21.0,124,122,2730.9344262295081,0.004732206,7.0513529994180226,0.16666666666666666,0.98096632503660319
no,Oslo,Oslo,2026-06-02,22.0,151,143,3052.7708333333335,0,6.2406996579011,0.21618357487922704,0.98966408268733852
no,Oslo,Oslo,2026-06-02,23.0,585,573,3032.0520833333335,0,7.7619510540814716,0.22279223158666178,0.99447295696802207
no,Oslo,Oslo,2026-06-02,24.0,407,401,2948.950248756219,0,8.26682842478753,0.22029576746557877,0.9950900163666121
no,Oslo,Oslo,2026-06-02,25.0,735,718,3182.9791955617197,0.001225129,8.64568171991609,0.23340814363578069,0.99659400544959131
no,Oslo,Oslo,2026-06-02,26.0,865,849,2856.0023446658852,0,8.436826607022887,0.29305043050430507,0.99220272904483431
no,Oslo,Oslo,2026-06-02,27.0,453,445,2832.0513392857142,0,9.5455025186005233,0.2810846560846561,1.0
no,Oslo,Oslo,2026-06-02,28.0,707,696,2811.1404011461318,0,9.7074997624156065,0.29189833200953136,0.99531914893617024
no,Oslo,Oslo,2026-06-02,29.0,557,551,2624.5678119349004,0,10.58597194935914,0.32996632996632996,0.99941656942823809
no,Oslo,Oslo,2026-06-02,30.0,937,928,2766.2663802363049,0,11.08747250411834,0.33803278688524591,0.99828591018169355
no,Oslo,Oslo,2026-06-02,31.0,404,396,2778.7955112219452,0,11.680800091651562,0.34234234234234234,0.99914529914529915
no,Oslo,Oslo,2026-06-02,35.0,3,3,6934.333333333333,0,8.4198956020266955,0.058823529411764705,1.0
no,Oslo,Oslo,2026-06-02,38.0,2,2,12495.5,0,8.6672713801163361,0.13513513513513514,0.96969696969696972
no,Oslo,Oslo,2026-06-03,17.0,3,3,4148.666666666667,0,8.2402969222982687,0.045454545454545456,0.95161290322580649
no,Oslo,Oslo,2026-06-03,18.0,20,18,1805.4444444444443,0,6.8132721080473129,0.13596491228070176,0.97706422018348627
no,Oslo,Oslo,2026-06-03,19.0,6,6,2227.0,0,6.2135420026570749,0.1,0.95876288659793818
no,Oslo,Oslo,2026-06-03,20.0,5,5,1618.0,0,6.739851460357503,0.074534161490683232,0.96644295302013428
no,Oslo,Oslo,2026-06-03,21.0,223,219,2678.5068493150684,0,7.6592502239587175,0.20375106564364875,0.992653810835629
no,Oslo,Oslo,2026-06-03,22.0,200,196,2509.7918781725889,0,8.21409295054869,0.20293847566574838,0.99902152641878672
no,Oslo,Oslo,2026-06-03,23.0,365,358,2909.240997229917,0,8.4813887323060921,0.2239067055393586,0.99313786650031188
no,Oslo,Oslo,2026-06-03,24.0,219,215,2811.7916666666665,0,8.4867529457520163,0.2353515625,0.99574920297555791
no,Oslo,Oslo,2026-06-03,25.0,366,363,3315.1758241758243,0,8.9334933320152778,0.22403381642512077,0.99415584415584413
no,Oslo,Oslo,2026-06-03,26.0,633,609,3172.9657422512237,0,9.7283605959483364,0.22644927536231885,0.98959136468774089
no,Oslo,Oslo,2026-06-03,27.0,417,406,2942.3382352941176,0,10.534258001779925,0.28462515883100381,0.99798387096774188
no,Oslo,Oslo,2026-06-03,28.0,231,224,2645.6299559471368,0,11.714967437846877,0.26725082146768891,0.99655963302752293
no,Oslo,Oslo,2026-06-03,29.0,307,304,3006.8131147540985,0,11.945896075189033,0.33298097251585623,1.0
no,Oslo,Oslo,2026-06-03,30.0,133,126,3016.7692307692309,0,12.361520158552864,0.30666666666666664,0.998003992015968
no,Oslo,Oslo,2026-06-03,31.0,188,186,2641.4032258064517,0.005068239,12.238079701768909,0.31511839708561018,0.99809160305343514
no,Oslo,Oslo,2026-06-03,32.0,618,597,2975.6,0.016568121,14.340267375222924,0.32577624445539677,0.98746736292428194
no,Oslo,Oslo,2026-06-03,34.0,618,593,2554.7877280265338,0.000420519,15.762550510734139,0.34953271028037386,0.9985415653864852
no,Oslo,Oslo,2026-06-03,35.0,321,317,2950.3459119496856,0.066186487,14.592249583993379,0.31040412725709371,1.0
no,Oslo,Oslo,2026-06-03,37.0,193,190,2784.0894736842106,0.351922322,17.366615089428272,0.2784636488340192,0.99710982658959535
no,Oslo,Oslo,2026-06-03,38.0,282,274,2621.9350180505417,0.020039774,17.646931644999906,0.33600917431192662,0.99881516587677721
no,Oslo,Oslo,2026-06-03,39.0,345,333,2693.0716417910448,0.140373594,19.978827312360313,0.3231597845601436,0.98237476808905377
no,Oslo,Oslo,2026-06-03,41.0,707,682,2464.7441860465115,0.437935725,20.954106257124359,0.32054924242424243,0.9995
no,Oslo,Oslo,2026-06-03,43.0,538,501,2613.4459724950884,0.501502795,22.102783761075038,0.33103448275862069,0.98428290766208248
no,Oslo,Oslo,2026-06-03,47.0,80,58,2523.8360655737706,0.390662032,27.810378330264705,0.289198606271777,0.89855072463768115
no,Oslo,Oslo,2026-06-04,20.0,6,5,2169.6,0,6.1130220653012373,0.17948717948717949,0.97142857142857142
no,Oslo,Oslo,2026-06-04,21.0,6,6,1612.8333333333333,0,8.9068383313468384,0.17777777777777778,0.97619047619047616
no,Oslo,Oslo,2026-06-04,22.0,157,154,2476.7207792207791,0,9.1236994565879659,0.25974025974025972,0.99688958009331263
no,Oslo,Oslo,2026-06-04,23.0,256,249,2637.308,0,8.0336403838763744,0.20367412140575081,0.989778534923339
no,Oslo,Oslo,2026-06-04,24.0,385,377,3184.0742705570292,0,9.3036710889351877,0.24665257223396758,0.99550224887556227
no,Oslo,Oslo,2026-06-04,25.0,938,914,2834.6627027027025,0,8.87681177157996,0.29039233858510966,0.99835742444152431
no,Oslo,Oslo,2026-06-04,26.0,512,500,2814.685884691849,0,9.6165339212737653,0.27958656330749354,0.99890109890109891
no,Oslo,Oslo,2026-06-04,27.0,223,220,2656.7181818181816,0,9.20932130274204,0.30144167758846657,0.99862825788751719
no,Oslo,Oslo,2026-06-04,28.0,259,253,2609.6259842519685,0,11.010767639991858,0.27657480314960631,0.99590583418628453
no,Oslo,Oslo,2026-06-04,29.0,315,308,2813.8903225806453,0,13.949379004972538,0.24572317262830481,0.99835661462612979
no,Oslo,Oslo,2026-06-04,30.0,328,327,2570.0550458715597,0,11.201597013831726,0.342911877394636,1.0
no,Oslo,Oslo,2026-06-04,31.0,178,173,2762.844827586207,0.008199143,14.414146809801002,0.23580365736284889,0.99598393574297184
no,Oslo,Oslo,2026-06-04,32.0,540,531,2867.8086303939963,0.001659721,13.139113268732533,0.32167461579226286,0.99556786703601108
no,Oslo,Oslo,2026-06-04,33.0,226,224,2696.4732142857142,0.020402984,16.198704023755198,0.22445255474452555,0.997104247104247
no,Oslo,Oslo,2026-06-04,34.0,539,529,2771.8041431261772,0.045483572,16.36966165129575,0.2663797226207556,0.99849624060150377
no,Oslo,Oslo,2026-06-04,35.0,84,81,3159.7283950617284,0.084263258,17.312620496166037,0.16544117647058823,0.98648648648648651
no,Oslo,Oslo,2026-06-04,36.0,891,874,2751.1619156214365,0.013002405,17.181751791332857,0.32980599647266312,0.99926470588235294
no,Oslo,Oslo,2026-06-04,37.0,243,237,2627.317991631799,0.061055628,16.735433998652258,0.37307152875175315,0.99855491329479773
no,Oslo,Oslo,2026-06-04,38.0,470,460,2680.1058315334772,0.136205832,18.068524892153881,0.35124508519003933,0.99931972789115642
no,Oslo,Oslo,2026-06-04,39.0,245,236,2818.3797468354433,0.035734963,17.467178878976192,0.32030264817150061,0.99738219895287961
no,Oslo,Oslo,2026-06-04,51.0,92,71,2120.3835616438355,0.363087404,27.868160216992049,0.2348993288590604,0.95985401459854014
no,Oslo,Oslo,2026-06-04,53.0,92,67,1142.6176470588234,0.329329638,33.1398311432481,0.20797720797720798,0.9640718562874252
no,Oslo,Oslo,2026-06-04,54.0,15,15,3559.6666666666665,0.641607001,22.979003046326486,0.14666666666666667,0.95454545454545459
no,Oslo,Oslo,2026-06-04,55.0,15,15,2382.6666666666665,0.803332057,25.091979489050697,0.12162162162162163,0.87878787878787878
no,Oslo,Oslo,2026-06-04,57.0,23,19,1374.95,0.491908519,35.459414223626851,0.15044247787610621,0.97222222222222221
no,Oslo,Oslo,2026-06-04,59.0,18,13,1356.6153846153845,0.283485273,31.09240403730821,0.19266055045871561,0.97058823529411764
no,Oslo,Oslo,2026-06-04,62.0,19,17,3029.6470588235293,0.445465502,28.12943790037307,0.14563106796116504,0.98969072164948457
no,Oslo,Oslo,2026-06-04,63.0,14,10,2407.4166666666665,0.444028298,33.819972185053004,0.12389380530973451,0.96078431372549022
no,Oslo,Oslo,2026-06-05,19.0,4,4,924.0,0,8.5818049208832381,0.14814814814814814,1.0
no,Oslo,Oslo,2026-06-05,21.0,16,16,2551.875,0,8.012165292358894,0.14556962025316456,0.97333333333333338
no,Oslo,Oslo,2026-06-05,22.0,152,143,2989.7103448275861,0,7.77549414759661,0.20236336779911374,0.97906602254428343
no,Oslo,Oslo,2026-06-05,23.0,267,260,2743.32183908046,0,8.3927465287944525,0.25147679324894517,0.98907103825136611
no,Oslo,Oslo,2026-06-05,24.0,907,885,3119.1255605381166,0,7.9880723774358842,0.24912689173457508,0.99308176100628931
no,Oslo,Oslo,2026-06-05,25.0,415,398,2938.2716049382716,0,8.6747965187207772,0.24972067039106144,0.997016706443914
no,Oslo,Oslo,2026-06-05,26.0,1494,1469,2875.2461016949151,0,9.1730982410779927,0.28671706263498919,0.99846537502397847
no,Oslo,Oslo,2026-06-05,27.0,384,374,3040.1618037135277,0,9.1862476729106515,0.27743694614860259,0.99706959706959708
no,Oslo,Oslo,2026-06-05,28.0,559,550,2647.0866425992781,0,10.134301651508334,0.31565527791942888,0.99837574445046018
no,Oslo,Oslo,2026-06-05,29.0,1612,1584,2802.3149309912169,0,10.618052322005553,0.30884529977794228,0.99804113614103818
no,Oslo,Oslo,2026-06-05,30.0,285,278,2839.91103202847,0,9.6746415007037552,0.32261768082663606,0.99638989169675085
no,Oslo,Oslo,2026-06-05,31.0,1297,1283,2797.9052795031057,0,10.624230604118106,0.34185303514376997,1.0
no,Oslo,Oslo,2026-06-05,32.0,320,317,2976.3773584905662,0,12.96086134172341,0.30141843971631205,0.9962756052141527
no,Oslo,Oslo,2026-06-05,33.0,246,243,2768.6967213114754,0,11.126309806474096,0.32142857142857145,0.99876847290640391
no,Oslo,Oslo,2026-06-06,,1,1,11685.0,0,4.7550346565583368,0.026315789473684209,0.97222222222222221
no,Oslo,Oslo,2026-06-06,18.0,39,38,2143.3421052631579,0,6.7767805844636024,0.17695473251028807,0.990990990990991
no,Oslo,Oslo,2026-06-06,19.0,6,6,2047.1666666666667,0,7.60964019953649,0.17647058823529413,0.97826086956521741
no,Oslo,Oslo,2026-06-06,21.0,50,46,3045.3478260869565,0,6.9237183573752867,0.19163763066202091,0.98518518518518516
no,Oslo,Oslo,2026-06-06,22.0,752,734,2711.3378378378379,0.000931729,6.6315027250045038,0.23912382111347733,0.97999354630525981
no,Oslo,Oslo,2026-06-06,23.0,689,671,2842.8239644970413,0,6.9619934382425113,0.24956732433367948,0.97626112759643913
no,Oslo,Oslo,2026-06-06,24.0,1329,1309,3023.6572948328267,0,6.496376652621751,0.26338210779774029,0.97949122461053051
no,Oslo,Oslo,2026-06-06,25.0,1779,1745,3119.2005714285715,0,5.479696530998976,0.30437570123417212,0.98603304377448475
no,Oslo,Oslo,2026-06-06,26.0,1787,1760,3071.4934991520631,0,5.7565519946097456,0.3175893008295243,0.98776318157279108
no,Oslo,Oslo,2026-06-06,27.0,920,913,2965.3840262582057,0,4.7710349166957728,0.3231850117096019,0.97547102737291147
no,Oslo,Oslo,2026-06-06,28.0,2,2,5134.0,0,3.3498614720357858,0.1111111111111111,1.0
no,Oslo,Oslo,2026-06-07,20.0,60,60,2008.4666666666667,0,7.7469296153037046,0.26241134751773049,0.98916967509025266
no,Oslo,Oslo,2026-06-07,21.0,130,130,2878.0461538461536,0,7.6361461971130611,0.24780316344463971,0.99634369287020108
no,Oslo,Oslo,2026-06-07,22.0,262,253,2941.8132295719843,0,7.9874945941624267,0.25590179414542019,0.985207100591716
no,Oslo,Oslo,2026-06-07,23.0,807,791,2662.3572327044026,0,8.2137140142405567,0.282156368221942,0.99313501144164762
no,Oslo,Oslo,2026-06-07,24.0,1007,990,2856.6227364185111,0,7.9688241545743912,0.28637350705754616,0.996594778660613
no,Oslo,Oslo,2026-06-07,25.0,1436,1401,2837.5276203966005,0.000131536,8.2102324212567215,0.29773844641101277,0.99670578546427835
no,Oslo,Oslo,2026-06-07,26.0,775,744,3071.7095490716179,0,9.0928041851831551,0.29939894815927875,0.99245133094954308
no,Oslo,Oslo,2026-06-07,27.0,872,854,2793.430733410943,0.001581743,8.21043109919683,0.32940756602426841,0.99515287099179717
no,Oslo,Oslo,2026-06-07,28.0,973,958,2814.3952282157675,0.000418136,8.8831864818391963,0.32987349983782033,0.996938775510204
no,Oslo,Oslo,2026-06-07,29.0,1480,1461,2886.5847515316541,0.002240779,9.464246947421886,0.33790149892933619,0.99820668011656577
no,Oslo,Oslo,2026-06-07,30.0,1815,1783,2750.1169265033409,0,11.177239816259766,0.36358256066285266,0.99876517802016873
no,Oslo,Oslo,2026-06-07,31.0,1090,1066,2916.6205607476636,0.006814984,12.198160540233275,0.35254346426271732,0.99764942914707855
no,Oslo,Oslo,2026-06-07,32.0,682,666,2776.3955555555553,0,11.34362631560731,0.36299292214357937,0.998421052631579
no,Oslo,Oslo,2026-06-07,35.0,6,6,3236.0,0.119127517,16.670018424927044,0.076923076923076927,0.96153846153846156
no,Oslo,Oslo,2026-06-07,37.0,8,7,2167.7142857142858,0.646406175,21.499850446240696,0.19607843137254902,0.94
no,Oslo,Oslo,2026-06-07,38.0,22,21,2023.6190476190477,0.418860345,21.352618736186692,0.16535433070866143,0.96666666666666667
no,Oslo,Oslo,2026-06-07,43.0,16,14,4703.5714285714284,0.105230957,19.718302627094111,0.13924050632911392,0.972972972972973
no,Oslo,Oslo,2026-06-07,49.0,11,10,4526.4,0.351677044,23.018353620289762,0.21568627450980393,0.8936170212765957
no,Oslo,Oslo,2026-06-07,52.0,3,3,8752.3333333333339,0.100991553,21.469774514709243,0.08,0.95454545454545459
no,Oslo,Oslo,2026-06-08,17.0,9,9,1407.0,0,6.5739009050376076,0.17307692307692307,0.975
no,Oslo,Oslo,2026-06-08,18.0,2,2,2925.5,0,5.7451654904937319,0.07407407407407407,1.0
no,Oslo,Oslo,2026-06-08,19.0,14,14,2533.4285714285716,0,4.2054904944580791,0.15151515151515152,0.97637795275590555
no,Oslo,Oslo,2026-06-08,20.0,116,109,2552.9082568807339,0,6.7144410134568417,0.17735849056603772,0.98639455782312924
no,Oslo,Oslo,2026-06-08,21.0,191,185,2612.7807486631018,0,6.2754596974456218,0.21752577319587629,0.9932432432432432
no,Oslo,Oslo,2026-06-08,22.0,247,242,2736.2757201646091,0,7.4611772953301649,0.17282321899736147,0.99073414112615821
no,Oslo,Oslo,2026-06-08,23.0,490,481,2908.8260869565215,0,7.10656254726093,0.20520231213872833,0.99329159212880147
no,Oslo,Oslo,2026-06-08,24.0,1236,1215,2875.5777414075287,0.00045686,7.8958940917860092,0.27168610816542949,0.99683042789223453
no,Oslo,Oslo,2026-06-08,25.0,256,250,3009.308300395257,0,8.7268709872508268,0.21039603960396039,0.99038461538461542
no,Oslo,Oslo,2026-06-08,26.0,1141,1125,2927.2424511545291,0,8.4953463850960649,0.30091503267973857,0.99889837510327728
no,Oslo,Oslo,2026-06-08,27.0,1040,1025,3034.2392996108952,0,8.5942297195946455,0.30034861893268971,0.99830938292476756
no,Oslo,Oslo,2026-06-08,28.0,371,369,3137.6972972972972,0,8.7541737365718415,0.32610441767068271,0.99915325994919557
no,Oslo,Oslo,2026-06-08,29.0,7,7,6228.5714285714284,0,9.8532110091743128,0.055045871559633031,0.95145631067961167
no,Oslo,Oslo,2026-06-08,30.0,265,262,2601.7709923664124,0,11.104923914435719,0.27507163323782235,0.99696663296258847
no,Oslo,Oslo,2026-06-08,31.0,144,140,2885.7692307692309,0,11.914305394737777,0.28313253012048195,1.0
no,Oslo,Oslo,2026-06-08,32.0,3,3,9823.6666666666661,0,10.323529411764707,0.029411764705882353,1.0
no,Oslo,Oslo,2026-06-08,34.0,1,1,7160.0,0,11.352112676056338,0.042253521126760563,0.95454545454545459
no,Oslo,Oslo,2026-06-09,18.0,2,2,6902.0,0,5.8887581103806008,0.027027027027027029,0.94444444444444442
no,Oslo,Oslo,2026-06-09,19.0,2,2,1870.0,0,7.9560307218066582,0.066666666666666666,0.94827586206896552
no,Oslo,Oslo,2026-06-09,20.0,72,70,2816.8428571428572,0,6.053490012081701,0.19070904645476772,0.994750656167979
no,Oslo,Oslo,2026-06-09,21.0,64,62,2547.4677419354839,0,6.5080995634961916,0.13569937369519833,0.98642533936651589
no,Oslo,Oslo,2026-06-09,22.0,275,271,2791.619926199262,0,6.8679988533384257,0.181282722513089,0.98888888888888893
no,Oslo,Oslo,2026-06-09,23.0,607,586,2957.6925675675675,0,7.3870104705384891,0.22169981916817361,0.99339035769828932
no,Oslo,Oslo,2026-06-09,24.0,607,593,2859.7140468227426,0,7.5334893862417953,0.23527175978715317,0.995114006514658
no,Oslo,Oslo,2026-06-09,25.0,622,607,2964.4386252045829,0,8.80019102352116,0.22813280971081756,0.997726411519515
no,Oslo,Oslo,2026-06-09,26.0,48,48,4107.9375,0,7.3261355869997189,0.14797136038186157,0.98191214470284238
no,Oslo,Oslo,2026-06-09,27.0,134,134,3000.373134328358,0,9.3886248302418043,0.25925925925925924,0.996078431372549
no,Oslo,Oslo,2026-06-09,28.0,458,451,2644.0220264317181,0,10.472550554155983,0.28158640226628895,0.99879154078549848
no,Oslo,Oslo,2026-06-09,29.0,2,2,1601.0,0,8.614145489542949,0.046153846153846156,0.93442622950819676
no,Oslo,Oslo,2026-06-09,30.0,189,187,2794.5372340425533,0.009935795,11.180046402195355,0.26119402985074625,0.99055118110236218
no,Oslo,Oslo,2026-06-09,31.0,106,104,2971.3461538461538,0,12.599159444234399,0.26267281105990781,0.99515738498789341
no,Oslo,Oslo,2026-06-09,32.0,166,165,2642.1151515151514,0.032341476,13.546027028487705,0.29900332225913623,1.0
no,Oslo,Oslo,2026-06-09,34.0,204,200,2782.536945812808,0.089760127,15.080935219273046,0.28810975609756095,1.0
no,Oslo,Oslo,2026-06-09,37.0,100,97,2781.5816326530612,0,16.57890691747297,0.294811320754717,0.9975186104218362
no,Oslo,Oslo,2026-06-09,38.0,307,297,2713.8684210526317,0.19600692,17.448354453666489,0.29632945389435988,0.99906279287722588
no,Oslo,Oslo,2026-06-09,40.0,190,186,2737.1063829787236,0.432781319,19.15224816613177,0.30415430267062316,1.0
no,Oslo,Oslo,2026-06-09,41.0,317,310,2854.375,0.105518176,18.743961750447944,0.30602006688963213,0.99913344887348354
no,Oslo,Oslo,2026-06-09,42.0,393,380,2443.913612565445,0.478921233,21.685540454897296,0.27629911280101394,1.0
no,Oslo,Oslo,2026-06-09,44.0,206,202,2711.2549019607845,0.451011754,20.890173424252435,0.27349228611500703,1.0
no,Oslo,Oslo,2026-06-09,45.0,580,567,2449.5888501742161,0.427286928,22.073227110294464,0.29500687127805769,0.99904988123515437
no,Oslo,Oslo,2026-06-09,47.0,221,220,2741.2136363636364,0.514430821,23.544098533500115,0.29485570890840651,0.99871794871794872
no,Oslo,Oslo,2026-06-09,48.0,182,178,2428.1777777777779,0.569384215,23.193297696541197,0.27040816326530615,0.99732620320855614
no,Oslo,Oslo,2026-06-10,18.0,4,3,1757.3333333333333,0,6.7078902273917587,0.13333333333333333,0.96296296296296291
no,Oslo,Oslo,2026-06-10,19.0,2,2,1756.0,,2.974973978172839,0.1,0.94117647058823528
no,Oslo,Oslo,2026-06-10,20.0,4,4,2489.0,0,4.8177035433600519,0.081632653061224483,0.97826086956521741
no,Oslo,Oslo,2026-06-10,21.0,79,75,2131.3421052631579,0,8.28278396015707,0.14573643410852713,0.99172185430463577
no,Oslo,Oslo,2026-06-10,22.0,175,168,3232.3017751479292,0,6.5902886710056192,0.21009389671361503,0.99254658385093164
no,Oslo,Oslo,2026-06-10,23.0,257,249,3073.432,0,7.7027716011910918,0.19475920679886685,0.99316628701594534
no,Oslo,Oslo,2026-06-10,24.0,835,812,2956.5611246943763,0,8.4291204208499426,0.23360881542699724,0.994061757719715
no,Oslo,Oslo,2026-06-10,25.0,608,594,3096.4916107382551,0,8.7129587675563442,0.2510105092966855,0.99612403100775193
no,Oslo,Oslo,2026-06-10,26.0,839,819,3120.3252427184466,0,8.9551681377612589,0.27574967405475881,0.99584055459272092
no,Oslo,Oslo,2026-06-10,27.0,935,918,2868.1400651465797,0,8.7529708945581355,0.29672078955746578,0.99327278842919609
no,Oslo,Oslo,2026-06-10,28.0,514,503,2603.2990099009903,0,9.8742983458009856,0.2979177789642285,0.99717992103778907
no,Oslo,Oslo,2026-06-10,29.0,451,445,2786.6457399103138,0,9.7507770509797389,0.30682459108855048,0.99824150058616645
no,Oslo,Oslo,2026-06-10,30.0,208,202,3213.7794117647059,0,10.774421474429147,0.22054915854738708,0.99537892791127547
no,Oslo,Oslo,2026-06-10,31.0,226,222,3004.4819819819818,0,11.33073954779119,0.35406698564593303,0.99831932773109244
no,Oslo,Oslo,2026-06-10,32.0,361,354,2713.9915730337079,0,12.464121807329168,0.28991905813097868,0.99846508058326933
no,Oslo,Oslo,2026-06-10,33.0,561,546,2689.630909090909,0,13.645251747986162,0.30633284241531666,0.99796747967479671
no,Oslo,Oslo,2026-06-10,34.0,172,170,2590.8235294117649,0,15.905031623218681,0.28037383177570091,0.99838449111470118
no,Oslo,Oslo,2026-06-10,36.0,170,168,2841.396449704142,0,15.061061236089945,0.2932551319648094,1.0
no,Oslo,Oslo,2026-06-11,18.0,1,1,973.0,0,8.4311439755461866,0.034883720930232558,0.963855421686747
no,Oslo,Oslo,2026-06-11,20.0,7,5,2443.6,0,8.8517073605909911,0.0859375,0.97540983606557374
no,Oslo,Oslo,2026-06-11,22.0,45,42,2710.4418604651164,0,8.3972454511148289,0.12224448897795591,0.96822033898305082
no,Oslo,Oslo,2026-06-11,23.0,41,41,2975.4878048780488,0,9.2179532884631161,0.13489736070381231,0.95987654320987659
no,Oslo,Oslo,2026-06-11,24.0,31,31,3314.2903225806454,0,8.423359659746195,0.10144927536231885,0.94488188976377951
no,Oslo,Oslo,2026-06-11,25.0,63,61,2676.1475409836066,0,12.424110804752793,0.22727272727272727,0.996268656716418
no,Oslo,Oslo,2026-06-11,26.0,124,123,3163.4354838709678,0,11.666819026825246,0.21103896103896103,0.99295774647887325
no,Oslo,Oslo,2026-06-11,27.0,108,104,3560.5865384615386,0.002402588,11.784524542538234,0.17348927875243664,0.97452229299363058
no,Oslo,Oslo,2026-06-11,28.0,7,7,4485.1428571428569,0,9.5186013461983929,0.04,0.91549295774647887
no,Oslo,Oslo,2026-06-11,29.0,382,377,2740.2269129287597,0,12.455021298851,0.28018679119412943,0.99575371549893843
no,Oslo,Oslo,2026-06-11,30.0,447,435,2711.5547945205481,0.009815201,14.244670328515653,0.25230602278893111,0.99592549476135039
no,Oslo,Oslo,2026-06-11,31.0,1282,1255,2808.8670886075947,0.010919248,13.969568847577035,0.2984539547389648,0.99692526017029326
no,Oslo,Oslo,2026-06-11,32.0,1344,1316,2712.9108087679515,0.016331774,14.918559239139583,0.30567964262922781,0.99932990842081748
no,Oslo,Oslo,2026-06-11,33.0,885,872,2885.5990888382689,0.007487943,14.590746087575486,0.270367054610564,0.997191887675507
no,Oslo,Oslo,2026-06-11,34.0,890,868,2745.4372146118722,0.067723962,16.176272493252426,0.26490655591812517,0.99814068794546018
no,Oslo,Oslo,2026-06-11,35.0,473,468,2813.3787234042552,0.013283715,16.085694081534228,0.30542725173210161,0.997583081570997
no,Oslo,Oslo,2026-06-11,36.0,43,43,2277.2325581395348,0.458498948,20.741634007119472,0.24621212121212122,0.98832684824902728
no,Oslo,Oslo,2026-06-11,37.0,433,426,2750.1098130841124,0.149802148,17.822485693552395,0.23710265763418448,0.99781420765027318
no,Oslo,Oslo,2026-06-11,38.0,68,68,3093.7647058823532,0.334336055,20.799461540817237,0.24719101123595505,0.99606299212598426
no,Oslo,Oslo,2026-06-11,39.0,105,104,2416.2307692307691,0.393896061,20.551784145534103,0.209009009009009,1.0
no,Oslo,Oslo,2026-06-11,42.0,62,61,3525.27868852459,0.393065083,21.923838307617611,0.21739130434782608,1.0
no,Oslo,Oslo,2026-06-12,18.0,6,6,2365.1666666666665,0,4.8653902121980224,0.13043478260869565,0.93023255813953487
no,Oslo,Oslo,2026-06-12,22.0,96,95,2415.4315789473685,0,7.5873943355012914,0.24396135265700483,0.9921671018276762
no,Oslo,Oslo,2026-06-12,24.0,97,91,2516.6881720430106,0,8.5332877032604344,0.23270440251572327,0.99097065462753953
no,Oslo,Oslo,2026-06-12,25.0,339,334,2802.4041916167666,0,9.187529434321819,0.23180076628352492,0.99796472184531881
no,Oslo,Oslo,2026-06-12,26.0,289,284,2931.1153846153848,0,10.357372995006225,0.2857142857142857,0.99628942486085348
no,Oslo,Oslo,2026-06-12,27.0,303,301,2698.7674418604652,0.001522229,11.515487665064644,0.23733938019652306,0.99597423510466987
no,Oslo,Oslo,2026-06-12,28.0,896,882,3048.4183673469388,0.00190124,11.806129383641531,0.26987511422479438,0.99677002583979324
no,Oslo,Oslo,2026-06-12,29.0,576,550,2929.9338103756709,0.003605782,12.728221003930901,0.25093167701863356,0.99557717823971692
no,Oslo,Oslo,2026-06-12,30.0,787,768,2918.2613784135242,0.006064444,12.573059395181112,0.27777777777777779,0.99420849420849422
no,Oslo,Oslo,2026-06-12,31.0,102,94,3379.2631578947367,0.005433882,14.563691827338966,0.18485523385300667,0.99045346062052508
no,Oslo,Oslo,2026-06-12,32.0,393,382,2633.4713541666665,0.031070062,15.651293887827903,0.2574002574002574,0.99382716049382713
no,Oslo,Oslo,2026-06-12,33.0,923,910,2829.8926615553123,0.000452381,13.847766080586746,0.31916329284750339,0.99684210526315786
no,Oslo,Oslo,2026-06-12,34.0,1311,1300,2662.3885057471266,0.033080189,15.389919276974021,0.32042332807926144,0.99905838041431261
no,Oslo,Oslo,2026-06-12,35.0,1209,1195,2771.98,0.009776821,15.361228578682415,0.33982114676486058,0.99972557628979142
no,Oslo,Oslo,2026-06-12,36.0,321,313,2572.7993630573246,0.028589025,17.829592254999078,0.34668192219679633,1.0
no,Oslo,Oslo,2026-06-12,37.0,723,708,2675.122905027933,0.087983512,17.384801236855996,0.33466844681797953,0.99814557255447378
no,Oslo,Oslo,2026-06-12,38.0,264,258,2833.0038314176245,0.041183178,17.843895150650912,0.35235378031383735,0.99700149925037485
no,Oslo,Oslo,2026-06-12,49.0,13,13,3906.3846153846152,0.237733355,21.660763627807643,0.071428571428571425,0.98130841121495327
no,Oslo,Oslo,2026-06-13,19.0,7,7,3063.8571428571427,0,9.0,0.16417910447761194,0.96875
no,Oslo,Oslo,2026-06-13,20.0,14,13,2647.6923076923076,0,6.2949085385440293,0.16981132075471697,1.0
no,Oslo,Oslo,2026-06-13,21.0,33,32,2724.125,0,6.3684924990758178,0.22119815668202766,0.99047619047619051
no,Oslo,Oslo,2026-06-13,22.0,121,112,2824.2521739130434,0,8.27709393453252,0.22775800711743771,0.99260628465804068
no,Oslo,Oslo,2026-06-13,23.0,88,87,2279.8620689655172,0,9.9206072649521779,0.2670299727520436,0.99145299145299148
no,Oslo,Oslo,2026-06-13,24.0,106,104,2581.5333333333333,0,10.259202293706133,0.24547283702213279,0.98728813559322037
no,Oslo,Oslo,2026-06-13,25.0,688,677,3096.0838235294118,0,8.3940216157969285,0.21983311938382541,0.99559769725702674
no,Oslo,Oslo,2026-06-13,26.0,352,343,3145.3953488372094,0.001867766,8.963747883770349,0.23773841961852862,0.99337748344370858
no,Oslo,Oslo,2026-06-13,27.0,721,692,2949.8783977110156,0.005804429,11.757826423107062,0.27122302158273381,0.99395313681027964
no,Oslo,Oslo,2026-06-13,28.0,431,420,3194.5415676959619,0.006411522,10.451219406798955,0.26012269938650306,0.99025974025974028
no,Oslo,Oslo,2026-06-13,29.0,930,909,2810.8691384950926,0,9.8246668970960958,0.32145130490133672,0.99799599198396793
no,Oslo,Oslo,2026-06-13,30.0,1929,1894,2867.8617077003669,0,10.740105623546398,0.32685396929108135,0.997946611909651
no,Oslo,Oslo,2026-06-13,31.0,1467,1439,2765.8027586206895,0,11.970732257892653,0.34127868122076188,0.99906607518094792
no,Oslo,Oslo,2026-06-13,32.0,584,571,2909.5034965034965,0.000981823,13.481455388015611,0.33789473684210525,0.99781181619256021
no,Oslo,Oslo,2026-06-13,33.0,382,377,3132.7777777777778,0.018204954,14.165215291455,0.32932072226999143,0.99552372426141456
no,Oslo,Oslo,2026-06-13,34.0,226,224,3222.3258928571427,0,14.67576784356371,0.24302325581395348,0.9901719901719902
no,Oslo,Oslo,2026-06-13,35.0,219,216,2705.7175925925926,0.121853333,16.11819366504151,0.281615302869288,0.99558498896247238
no,Oslo,Oslo,2026-06-13,36.0,388,380,2781.8687664041995,0.136761504,17.500413503953787,0.24686192468619247,1.0
no,Oslo,Oslo,2026-06-13,37.0,565,548,2848.1518987341774,0.122845776,17.411154269681013,0.26858407079646018,1.0
no,Oslo,Oslo,2026-06-14,18.0,1,1,1210.0,,8.9657111669791956,0.0625,0.89130434782608692
no,Oslo,Oslo,2026-06-14,20.0,77,75,2625.3289473684213,0,8.1211744106874129,0.2742857142857143,0.99411764705882355
no,Oslo,Oslo,2026-06-14,21.0,40,40,2318.95,0,10.05770126743451,0.18139534883720931,0.97607655502392343
no,Oslo,Oslo,2026-06-14,22.0,32,30,3486.7333333333331,0,6.97900404754018,0.18902439024390244,0.98113207547169812
no,Oslo,Oslo,2026-06-14,23.0,394,388,3007.6683673469388,0,7.8424509661256048,0.256631708821715,0.9955357142857143
no,Oslo,Oslo,2026-06-14,24.0,734,716,2880.21408839779,0,8.7582061976059045,0.28187216206776111,0.99635701275045541
no,Oslo,Oslo,2026-06-14,25.0,560,552,2816.2410071942445,0,9.3071000657180836,0.26133909287257018,0.99866548042704628
no,Oslo,Oslo,2026-06-14,26.0,1330,1299,2835.9003067484664,0,9.87583569798514,0.28125654450261778,0.99389446140427384
no,Oslo,Oslo,2026-06-14,27.0,718,698,2819.4504249291786,0,10.723397352153972,0.28789531079607417,0.99581589958159
no,Oslo,Oslo,2026-06-14,28.0,908,891,2989.8125701459035,0,10.38608629475338,0.3000300030003,0.994023277760302
no,Oslo,Oslo,2026-06-14,29.0,1553,1511,2890.72131147541,0.001388501,10.406844996690364,0.300071530758226,0.99681289838770148
no,Oslo,Oslo,2026-06-14,30.0,196,181,3652.1092896174864,0,11.835508827270116,0.23379923761118171,0.98347107438016534
no,Oslo,Oslo,2026-06-14,31.0,1081,1057,2855.1420560747665,0,11.502369107698911,0.34275618374558303,0.99732977303070758
no,Oslo,Oslo,2026-06-14,32.0,989,976,2876.4153061224488,0,11.967586079827917,0.34585709493458572,0.9975669099756691
no,Oslo,Oslo,2026-06-14,33.0,552,546,2768.1444241316271,0.003781001,15.561228748363266,0.33110164333536213,1.0
no,Oslo,Oslo,2026-06-14,34.0,1554,1537,2688.9513933895009,0,13.78218364439528,0.3614757808963332,0.999061473486626
no,Oslo,Oslo,2026-06-14,35.0,1080,1067,2622.870786516854,0.001578308,15.119805858307952,0.36244684331043509,0.99931763903104742
no,Oslo,Oslo,2026-06-14,37.0,320,313,2442.98417721519,0.012827695,17.68240066850241,0.36316337148803329,0.99677765843179378
no,Oslo,Oslo,2026-06-15,,1,1,5928.0,,15.684705771700392,0.025316455696202531,0.94736842105263153
no,Oslo,Oslo,2026-06-15,17.0,11,11,2986.4545454545455,0,3.291827093209855,0.23529411764705882,1.0
no,Oslo,Oslo,2026-06-15,19.0,12,11,2303.5833333333335,0,8.2920018249833767,0.10687022900763359,0.956140350877193
no,Oslo,Oslo,2026-06-15,20.0,26,23,2517.478260869565,0,5.655621571544498,0.14438502673796791,0.98170731707317072
no,Oslo,Oslo,2026-06-15,21.0,38,37,2847.7027027027025,0,5.3279761027359536,0.24468085106382978,1.0
no,Oslo,Oslo,2026-06-15,22.0,69,68,3628.6470588235293,0.019136058,6.2551040425592941,0.16332378223495703,0.99361022364217255
no,Oslo,Oslo,2026-06-15,23.0,95,93,2890.9784946236559,0,8.5853099026966717,0.20036429872495445,0.98811881188118811
no,Oslo,Oslo,2026-06-15,24.0,478,468,3126.851380042463,0.00078791,8.26024401566526,0.23406235458352723,0.99495967741935487
no,Oslo,Oslo,2026-06-15,25.0,698,680,2763.450146627566,0,9.4155218173478126,0.24110032362459546,0.99581881533101047
no,Oslo,Oslo,2026-06-15,26.0,945,917,3003.6872294372292,0.002791301,10.160901010409022,0.22954434100930915,0.99790026246719155
no,Oslo,Oslo,2026-06-15,27.0,636,630,2821.9572784810125,0,10.477283166677596,0.25514563106796118,0.99670917317976138
no,Oslo,Oslo,2026-06-15,28.0,711,704,2794.8626062322946,0.001980532,10.762930276222157,0.29738445001791475,0.99848999622499057
no,Oslo,Oslo,2026-06-15,29.0,888,870,2853.4896788990827,0.000641885,10.521391485867293,0.31560168666882904,0.998295841854124
no,Oslo,Oslo,2026-06-15,30.0,966,959,2841.7972972972975,0.001849591,11.659499923936442,0.30940222288975666,0.9952904238618524
no,Oslo,Oslo,2026-06-15,31.0,393,388,2806.8307692307694,0,12.422610016149987,0.33955555555555555,0.99906542056074765
no,Oslo,Oslo,2026-06-15,33.0,19,19,5793.894736842105,0,12.074790567638088,0.0881057268722467,0.90547263681592038
no,Oslo,Oslo,2026-06-15,36.0,3,3,6619.666666666667,0,10.0,0.17391304347826086,1.0
no,Oslo,Oslo,2026-06-15,38.0,3,3,4437.666666666667,0.356030006,20.18765094867921,0.090909090909090912,0.95
no,Oslo,Oslo,2026-06-15,42.0,3,2,5219.666666666667,0,16.594316053055991,0.057142857142857141,1.0
no,Oslo,Oslo,2026-06-15,45.0,1,1,4721.0,,21.085143492850346,0.025,0.97435897435897434
no,Oslo,Oslo,2026-06-15,47.0,3,3,2482.6666666666665,,28.926611659355082,0.023809523809523808,0.89473684210526316
no,Oslo,Oslo,2026-06-15,48.0,6,6,5938.833333333333,0.295015259,23.377292652059097,0.048611111111111112,0.94117647058823528
no,Oslo,Oslo,2026-06-16,,1,1,701.0,,9.2280701754385959,0.051724137931034482,0.9821428571428571
no,Oslo,Oslo,2026-06-16,14.0,1,1,1608.0,,0.33788169295721832,0.1,1.0
no,Oslo,Oslo,2026-06-16,18.0,4,4,2609.75,0,0.19834031192891419,0.090909090909090912,1.0
no,Oslo,Oslo,2026-06-16,19.0,14,14,4093.3571428571427,0,1.4954649456236138,0.14423076923076922,0.97872340425531912
no,Oslo,Oslo,2026-06-16,20.0,21,19,3361.7,0,2.9617209217954983,0.21176470588235294,0.98765432098765427
no,Oslo,Oslo,2026-06-16,22.0,95,89,3201.9213483146068,0,6.8083327898278005,0.17158671586715868,0.98795180722891562
no,Oslo,Oslo,2026-06-16,23.0,135,132,3025.8333333333335,0,7.81606277534783,0.2132701421800948,0.99826388888888884
no,Oslo,Oslo,2026-06-16,24.0,14,10,4309.0,0,6.0008052007850639,0.11881188118811881,0.9887640449438202
no,Oslo,Oslo,2026-06-16,25.0,126,126,2826.5476190476193,0.005667128,9.6037770467664565,0.19300911854103345,0.99834983498349839
no,Oslo,Oslo,2026-06-16,26.0,104,104,2805.9230769230771,0,8.3689799972552219,0.20307692307692307,0.9950819672131147
no,Oslo,Oslo,2026-06-16,27.0,66,64,3248.9375,0.007218096,9.80971712932118,0.2011173184357542,0.982089552238806
no,Oslo,Oslo,2026-06-16,28.0,357,351,2980.6186440677966,0,11.122205185997538,0.22938623682579046,0.99867724867724872
no,Oslo,Oslo,2026-06-16,29.0,573,566,2662.6133567662564,0,12.087207915352247,0.24969794603302456,0.9970111016225448
no,Oslo,Oslo,2026-06-16,30.0,230,223,3140.6194690265488,0.005045972,12.86115257226138,0.24262607040913417,0.99183673469387756
no,Oslo,Oslo,2026-06-16,31.0,801,790,2884.9546027742749,0,13.687069518940604,0.29027917928018837,0.99893805309734518
no,Oslo,Oslo,2026-06-16,32.0,976,961,2466.8737060041408,0.002280761,14.3585314521013,0.29759862778730706,0.99850074962518742
no,Oslo,Oslo,2026-06-16,33.0,456,449,2725.3348115299336,0,13.888713864142852,0.31264775413711582,0.99751707014276847
no,Oslo,Oslo,2026-06-16,34.0,628,616,2871.1666666666665,0.007923554,14.980239157327754,0.26253454401894988,0.99835255354200991
no,Oslo,Oslo,2026-06-16,35.0,608,599,2625.7235099337749,0,15.405526757594766,0.32070707070707072,0.99789915966386555
no,Oslo,Oslo,2026-06-16,36.0,582,557,2831.1554770318021,0.263039764,19.54926804194562,0.22188217291507267,0.99799599198396793
no,Oslo,Oslo,2026-06-16,37.0,102,95,3106.7052631578949,0.344131184,19.596940989961329,0.1954459203036053,0.9939879759519038
no,Oslo,Oslo,2026-06-16,38.0,105,98,2995.2673267326732,0.300053689,20.496919502212535,0.181651376146789,0.99230769230769234
no,Oslo,Oslo,2026-06-16,40.0,194,183,2887.3903743315509,0.446666264,21.1152781784258,0.232419547079857,0.99120603015075381
no,Oslo,Oslo,2026-06-16,41.0,74,68,2947.7605633802818,0.397294114,21.134975988538873,0.18160377358490565,0.967741935483871
no,Oslo,Oslo,2026-06-16,42.0,59,54,2678.8148148148148,0.433252834,23.765167282348692,0.24124513618677043,0.94672131147540983
no,Oslo,Oslo,2026-06-16,45.0,140,132,3000.5037593984962,0.421415035,22.9775454602509,0.2297650130548303,0.975103734439834
no,Oslo,Oslo,2026-06-16,48.0,88,84,3076.4767441860463,0.521302217,23.87348620319926,0.22346368715083798,0.967930029154519
no,Oslo,Oslo,2026-06-17,18.0,4,4,2941.25,0,1.3047906056556307,0.070175438596491224,0.92592592592592593
no,Oslo,Oslo,2026-06-17,19.0,6,6,1956.8333333333333,0,9.0,0.11764705882352941,0.97959183673469385
no,Oslo,Oslo,2026-06-17,20.0,16,14,2548.2857142857142,0,3.773190656334596,0.09375,0.98557692307692313
no,Oslo,Oslo,2026-06-17,22.0,8,8,3572.25,0,4.7170303263955127,0.072992700729927,0.96946564885496178
no,Oslo,Oslo,2026-06-17,23.0,30,28,3789.9642857142858,0,5.0678219530587905,0.1196319018404908,0.9673202614379085
no,Oslo,Oslo,2026-06-17,24.0,90,87,2532.5287356321837,0.010839185,9.6514907731487884,0.16576576576576577,0.98473282442748089
no,Oslo,Oslo,2026-06-17,25.0,38,38,2752.7368421052633,0.025126752,11.327563186771082,0.1834862385321101,1.0
no,Oslo,Oslo,2026-06-17,26.0,109,105,2431.1428571428573,0,13.080022510846437,0.21814254859611232,0.99322799097065462
no,Oslo,Oslo,2026-06-17,27.0,82,78,3412.7948717948716,0,10.694018000826375,0.19183673469387755,0.978401727861771
no,Oslo,Oslo,2026-06-17,28.0,329,322,2895.1975308641977,0,13.306608166286019,0.2378917378917379,0.99626028421839941
no,Oslo,Oslo,2026-06-17,29.0,316,302,2966.8954248366013,0,13.194448188879274,0.24596464258262873,0.99431818181818177
no,Oslo,Oslo,2026-06-17,30.0,272,265,2722.856603773585,0,15.047406385271595,0.21489526764934058,0.993421052631579
no,Oslo,Oslo,2026-06-17,31.0,257,249,2777.9322709163348,0.035713337,15.985411690130162,0.23938572719060525,0.99810606060606055
no,Oslo,Oslo,2026-06-17,32.0,426,404,3116.4254278728608,0.009895809,15.360826697442729,0.26703372333103925,0.99854227405247808
no,Oslo,Oslo,2026-06-17,33.0,560,546,2701.5872727272726,0.077732108,16.946436943396446,0.27875243664717347,0.99845041322314054
no,Oslo,Oslo,2026-06-17,34.0,291,282,2620.8873239436621,0.104803339,16.951246159285546,0.23433048433048434,0.9977678571428571
no,Oslo,Oslo,2026-06-17,35.0,342,334,2736.7910447761192,0.219670605,17.579901063212326,0.28422619047619047,0.999213217938631
no,Oslo,Oslo,2026-06-17,36.0,652,632,2717.3532182103609,0.107932743,17.301192113575258,0.27751572327044027,0.99877250409165308
no,Oslo,Oslo,2026-06-17,37.0,1545,1509,2570.0058977719527,0.158135048,18.1037964186385,0.31073551263001487,0.99902818270165206
no,Oslo,Oslo,2026-06-17,38.0,1641,1609,2622.069349845201,0.150494164,18.424013925708362,0.34102306920762288,0.99916387959866215
no,Oslo,Oslo,2026-06-17,39.0,240,229,2434.4935064935066,0.372559063,19.427911920931198,0.32279171210468921,1.0
no,Oslo,Oslo,2026-06-17,40.0,243,240,2547.2933884297522,0.163508691,18.193204653092508,0.33756345177664976,1.0
no,Oslo,Oslo,2026-06-17,43.0,123,101,2409.0388349514565,0.345899438,23.049074631993456,0.2310838445807771,0.99575371549893843
no,Oslo,Oslo,2026-06-17,48.0,7,6,3389.2857142857142,0.558067831,19.803938225258456,0.16666666666666666,1.0
no,Oslo,Oslo,2026-06-17,50.0,3,1,5089.5,0,21.917493341825555,0.26666666666666666,1.0
no,Oslo,Oslo,2026-06-17,51.0,68,46,2169.4313725490197,0.544219109,29.985819168529058,0.20955882352941177,0.97318007662835249
no,Oslo,Oslo,2026-06-17,52.0,38,24,1946.56,0.638084507,30.050099524919538,0.1746987951807229,0.968944099378882
no,Oslo,Oslo,2026-06-17,53.0,9,8,4874.5555555555557,0.343972352,21.943534314281091,0.21428571428571427,0.97435897435897434
no,Oslo,Oslo,2026-06-17,55.0,23,18,2164.2777777777778,0.655444919,29.614253982596178,0.1554054054054054,0.93984962406015038
no,Oslo,Oslo,2026-06-17,57.0,38,29,2270.2666666666669,0.454992408,30.585024428655604,0.12698412698412698,0.96137339055793991
no,Oslo,Oslo,2026-06-17,59.0,29,16,2222.3478260869565,0.484490399,30.812901889346147,0.21495327102803738,0.98
no,Oslo,Oslo,2026-06-17,60.0,3,3,4485.666666666667,0.511335013,26.150315346126479,0.1,0.9642857142857143
no,Oslo,Oslo,2026-06-17,61.0,1,1,9164.0,0.168211921,16.535946947790329,0.088235294117647065,0.93333333333333335
no,Oslo,Oslo,2026-06-17,80.0,2,1,15125.0,0.168550874,19.188872765753178,0.10810810810810811,1.0
no,Oslo,Oslo,2026-06-18,22.0,52,52,2015.6923076923076,0,10.188487297445985,0.20141342756183744,0.99236641221374045
no,Oslo,Oslo,2026-06-18,23.0,7,7,3223.0,0,5.3300772446210125,0.092592592592592587,0.97959183673469385
no,Oslo,Oslo,2026-06-18,24.0,51,48,3262.5833333333335,0,9.3525665916912573,0.23232323232323232,0.994413407821229
no,Oslo,Oslo,2026-06-18,25.0,64,64,2975.1875,0,9.845660837615668,0.21523178807947019,0.99644128113879
no,Oslo,Oslo,2026-06-18,26.0,360,355,2811.1117318435754,0,11.954333019242879,0.22507869884575027,0.996594778660613
no,Oslo,Oslo,2026-06-18,27.0,214,207,3063.2995169082124,0,11.645019337049899,0.20125130344108447,0.99323562570462232
no,Oslo,Oslo,2026-06-18,28.0,334,326,2918.4478527607362,0,12.79078933477189,0.22912353347135955,0.99481097108969607
no,Oslo,Oslo,2026-06-18,29.0,503,490,3127.6,0.001110435,12.975881561552862,0.23739767341663076,0.99258916164891153
no,Oslo,Oslo,2026-06-18,30.0,776,763,2955.4830287206264,0.002273196,14.155600125053834,0.2945359281437126,0.99839615076182842
no,Oslo,Oslo,2026-06-18,31.0,1292,1258,2827.5420928402832,0.007094589,14.217161803148137,0.29375985582338365,0.99782451051486587
no,Oslo,Oslo,2026-06-18,32.0,578,562,3001.0564373897705,0.004763184,14.211071838933561,0.292781423523473,0.99893617021276593
no,Oslo,Oslo,2026-06-18,33.0,416,402,3073.627160493827,0.002889103,13.857279278451392,0.2607879924953096,0.9947019867549669
no,Oslo,Oslo,2026-06-18,34.0,1037,1024,2767.2210321324246,0.003368881,13.849864919168605,0.333926453143535,0.997510115157174
no,Oslo,Oslo,2026-06-18,35.0,526,518,2623.2552783109404,0,14.760182740764096,0.32133261687264913,0.99943725379853687
no,Oslo,Oslo,2026-06-18,36.0,569,563,2890.9026548672568,0.001140107,14.973260425981854,0.2826839826839827,0.99863574351978168
no,Oslo,Oslo,2026-06-18,37.0,126,123,2846.5725806451615,0.01076621,16.816859846181597,0.24183006535947713,0.9948892674616695
no,Oslo,Oslo,2026-06-18,42.0,6,5,1975.2,0.6725,24.555637782578774,0.042857142857142858,0.92647058823529416
no,Oslo,Oslo,2026-06-18,44.0,5,5,3804.0,0.286797656,21.708585376586303,0.10975609756097561,0.97435897435897434
no,Oslo,Oslo,2026-06-18,48.0,6,6,5084.0,0.343094722,26.938086889377789,0.125,0.8833333333333333
no,Oslo,Oslo,2026-06-18,50.0,5,5,5241.2,0.214922049,26.1477835182628,0.0625,1.0
no,Oslo,Oslo,2026-06-18,54.0,2,2,5765.0,0.149396058,29.88384817112453,0.030769230769230771,0.91935483870967738
no,Oslo,Oslo,2026-06-19,20.0,6,6,3422.8333333333335,0,8.4067161236732915,0.38095238095238093,0.95
no,Oslo,Oslo,2026-06-19,21.0,11,11,2760.909090909091,0,7.4310756569140874,0.31481481481481483,1.0
no,Oslo,Oslo,2026-06-19,22.0,77,72,2817.875,0.013965827,7.4537551780962428,0.21167883211678831,0.98687664041994749
no,Oslo,Oslo,2026-06-19,23.0,75,74,2850.5675675675675,0,9.1380522103694268,0.18599562363238512,0.98561151079136688
no,Oslo,Oslo,2026-06-19,24.0,183,180,3331.9611111111112,0.002866903,8.7568954981232725,0.2212290502793296,0.99754299754299758
no,Oslo,Oslo,2026-06-19,25.0,94,90,3776.391304347826,0,10.029757213378875,0.19187358916478556,0.98514851485148514
no,Oslo,Oslo,2026-06-19,26.0,252,244,3232.0245901639346,0,9.9623795746635224,0.23742277140335394,0.99530956848030017
no,Oslo,Oslo,2026-06-19,27.0,351,345,2882.00288184438,0,11.35687088472919,0.26593406593406593,0.9921197793538219
no,Oslo,Oslo,2026-06-19,28.0,708,692,3172.325179856115,0,11.2079094078768,0.2863349131121643,0.99829787234042555
no,Oslo,Oslo,2026-06-19,29.0,619,611,2974.4484451718495,0,11.753135158510009,0.2863036303630363,0.99780219780219781
no,Oslo,Oslo,2026-06-19,30.0,1950,1921,3022.3086099585062,0.000881403,11.7279598079725,0.31486880466472306,0.99820992676973153
no,Oslo,Oslo,2026-06-19,31.0,1431,1416,2916.7609001406468,0.000437041,11.597892199701585,0.31298162418494369,0.99811478843736912
no,Oslo,Oslo,2026-06-19,32.0,838,826,2916.18115942029,0.000822321,11.73682530081539,0.3518957345971564,0.99917081260364837
no,Oslo,Oslo,2026-06-19,33.0,610,604,2698.9654036243824,0,13.125610755310515,0.35108065366367952,0.99944536882972823
no,Oslo,Oslo,2026-06-19,34.0,806,794,3177.7293233082705,0.0010929,11.955252319883451,0.3404684975767367,0.99619289340101524
no,Oslo,Oslo,2026-06-19,36.0,5,4,3785.75,0.040019763,17.102195203102156,0.1,1.0
no,Oslo,Oslo,2026-06-19,37.0,4,4,2569.25,0.025986526,18.327933685149393,0.072727272727272724,0.96078431372549022
no,Oslo,Oslo,2026-06-19,38.0,5,4,4695.75,0.141828654,14.682273806165647,0.1038961038961039,0.918918918918919
no,Oslo,Oslo,2026-06-19,43.0,7,7,3729.8571428571427,0.328825928,19.973659882493774,0.09375,0.91111111111111109
no,Oslo,Oslo,2026-06-19,44.0,2,1,7848.0,0.16798419,20.118975830871648,0.041666666666666664,0.95454545454545459
no,Oslo,Oslo,2026-06-19,47.0,5,5,5104.0,0.25718232,20.696297323539298,0.069767441860465115,0.925
no,Oslo,Oslo,2026-06-19,59.0,2,1,2693.0,0.5,22.03567864420377,0.071428571428571425,0.94736842105263153
no,Oslo,Oslo,2026-06-19,63.0,3,3,10712.333333333334,0,22.123504563891657,0.04,1.0
no,Oslo,Oslo,2026-06-20,18.0,22,21,2253.4761904761904,0,4.503396486613692,0.19767441860465115,0.99390243902439024
no,Oslo,Oslo,2026-06-20,19.0,15,15,2214.8,0,3.1803764654239455,0.19148936170212766,0.926829268292683
no,Oslo,Oslo,2026-06-20,20.0,139,133,2513.3533834586465,0,6.3495115364357888,0.20859872611464969,0.99148211243611584
no,Oslo,Oslo,2026-06-20,21.0,207,203,2781.0591133004928,0,6.1677470581192777,0.2687224669603524,0.99306358381502891
no,Oslo,Oslo,2026-06-20,22.0,37,37,3149.1891891891892,0.01860983,6.9606743672228175,0.18181818181818182,0.98514851485148514
no,Oslo,Oslo,2026-06-20,23.0,83,77,3348.9,0.01463291,7.6364153642712731,0.18481848184818481,0.98220640569395012
no,Oslo,Oslo,2026-06-20,24.0,615,608,2931.1855500821016,0.002383572,8.2029878229635536,0.2841596130592503,0.99570262140094545
no,Oslo,Oslo,2026-06-20,25.0,412,403,2886.9926470588234,0,9.8289781300235717,0.26720901126408009,0.99728260869565222
no,Oslo,Oslo,2026-06-20,26.0,918,890,3069.8158482142858,0.000563942,8.97975929640192,0.29489728296885354,0.99679829242262541
no,Oslo,Oslo,2026-06-20,27.0,3014,2962,2961.2736418511067,0,8.40511269840204,0.30162241887905605,0.99802215189873422
no,Oslo,Oslo,2026-06-20,28.0,1941,1908,3093.25507548152,0,8.58215476807268,0.316025641025641,0.99709451375833191
no,Oslo,Oslo,2026-06-20,29.0,753,736,3096.8756756756757,0,8.3198145309673883,0.32555331991951708,0.99830148619957537
no,Oslo,Oslo,2026-06-21,19.0,21,21,2764.2857142857142,0,4.8892851376906341,0.12658227848101267,
no,Oslo,Oslo,2026-06-21,20.0,52,50,3510.0196078431372,0,5.9380815554137021,0.319047619047619,
no,Oslo,Oslo,2026-06-21,21.0,128,123,3242.4354838709678,0,7.1554993925119739,0.22772277227722773,
no,Oslo,Oslo,2026-06-21,22.0,524,522,3040.2122370936904,0,6.8981451158877594,0.24091520861372812,
no,Oslo,Oslo,2026-06-21,23.0,677,667,3084.1207153502237,0,6.6316462832954182,0.26998546511627908,
no,Oslo,Oslo,2026-06-21,24.0,727,712,2825.9916434540391,0,7.51477737931967,0.29422930903568717,
no,Oslo,Oslo,2026-06-21,25.0,868,852,3021.4200700116685,0,5.4364148428332282,0.32348057123879109,
no,Oslo,Oslo,2026-06-21,26.0,648,645,3093.5789473684213,0,5.5238089951880385,0.31291118421052633,
no,Oslo,Oslo,2026-06-21,27.0,527,518,3040.655172413793,0,8.07138703249159,0.31821006836544435,0.98638132295719849
no,Oslo,Oslo,2026-06-21,28.0,890,872,3017.7796803652968,0,7.54947329426081,0.32871744147708537,0.98837209302325579
no,Oslo,Oslo,2026-06-21,29.0,671,653,3271.6509863429437,0,9.5329890692059127,0.31800766283524906,0.99155405405405406
no,Oslo,Oslo,2026-06-21,30.0,1418,1394,2753.9814285714288,0,10.391602705477828,0.34019675131548843,
no,Oslo,Oslo,2026-06-21,31.0,1049,1022,2930.5243190661477,0.001147117,11.495892192792287,0.33633540372670806,
no,Oslo,Oslo,2026-06-21,32.0,1830,1781,2819.1377579475738,0,13.892517903464636,0.32625379261110121,
no,Oslo,Oslo,2026-06-21,33.0,655,646,2843.0494590417311,0.001078948,12.040702169344556,0.34405144694533762,
no,Oslo,Oslo,2026-06-22,20.0,39,38,2438.5128205128203,0,8.2291958031986709,0.1822429906542056,0.96907216494845361
no,Oslo,Oslo,2026-06-22,21.0,3,3,1414.0,0,7.624004511483089,0.078947368421052627,0.97101449275362317
no,Oslo,Oslo,2026-06-22,22.0,9,8,3477.0,0,6.5494849858305617,0.10204081632653061,0.978021978021978
no,Oslo,Oslo,2026-06-22,23.0,35,35,3090.2285714285713,0,8.2032297815015927,0.14191419141914191,0.98571428571428577
no,Oslo,Oslo,2026-06-22,24.0,67,64,3543.984375,0,8.4688750437327318,0.13051470588235295,0.968
no,Oslo,Oslo,2026-06-22,25.0,43,43,3078.5813953488373,0,9.7447952665598567,0.14388489208633093,0.976
no,Oslo,Oslo,2026-06-22,26.0,218,213,3355.0654205607475,0.001237283,10.242981147636169,0.20695652173913043,0.99345182413470534
no,Oslo,Oslo,2026-06-22,27.0,690,672,2750.858407079646,0.000993414,11.741924780758035,0.25829908314890926,0.99734748010610075
no,Oslo,Oslo,2026-06-22,28.0,967,947,2774.7276550998949,0,12.048076353694922,0.23867636704998826,0.99746899519109089
no,Oslo,Oslo,2026-06-22,29.0,1034,1001,2848.8073485600794,0,12.991102714591147,0.24507042253521127,0.99741267787839583
no,Oslo,Oslo,2026-06-22,30.0,1001,979,2911.2218844984804,0.0004274,13.070105867016318,0.30027700831024928,0.9978716935238674
no,Oslo,Oslo,2026-06-22,31.0,579,568,2981.7810858143607,0,13.320063554462134,0.28780264961169483,0.9974025974025974
no,Oslo,Oslo,2026-06-22,32.0,579,564,3357.8339222614841,0.001128962,14.685700787212729,0.26339899221255153,0.99064500246184151
no,Oslo,Oslo,2026-06-22,33.0,136,136,2865.5073529411766,0,14.619089964135773,0.30967741935483872,1.0
no,Oslo,Oslo,2026-06-22,34.0,199,199,3010.8190954773868,0,15.433892436276745,0.3056768558951965,0.99814814814814812
no,Oslo,Oslo,2026-06-22,35.0,389,383,3032.7038961038961,0.007649628,15.200183188876599,0.32405424696645252,0.99463190184049077
no,Oslo,Oslo,2026-06-22,36.0,65,61,3442.6825396825398,0.048634696,17.404806301396594,0.23943661971830985,0.9850746268656716
no,Oslo,Oslo,2026-06-22,37.0,171,167,3268.0179640718561,0.002512469,15.689952554416488,0.27046783625730997,0.9963503649635036
no,Oslo,Oslo,2026-06-22,38.0,39,37,4846.405405405405,0,14.70243543668407,0.19148936170212766,
no,Oslo,Oslo,2026-06-22,40.0,3,3,4059.6666666666665,0.168900804,21.213146064174339,0.25,1.0
no,Oslo,Oslo,2026-06-22,63.0,4,2,4431.0,0.698725377,28.580718014648813,0.068965517241379309,1.0
no,Oslo,Oslo,2026-06-22,64.0,6,4,4406.0,0.173684211,28.026396715685586,0.10344827586206896,0.96153846153846156
no,Oslo,Oslo,2026-06-23,20.0,10,10,1843.3,0,5.829299913614542,0.18181818181818182,1.0
no,Oslo,Oslo,2026-06-23,22.0,7,6,2521.3333333333335,0,9.1386438911859855,0.12,1.0
no,Oslo,Oslo,2026-06-23,23.0,15,15,2513.0,0,9.94664651943296,0.13636363636363635,0.984375
no,Oslo,Oslo,2026-06-23,25.0,31,29,2587.7931034482758,0,10.322578102053747,0.1404494382022472,1.0
no,Oslo,Oslo,2026-06-23,26.0,85,83,2750.1904761904761,0,11.410201567403769,0.22453703703703703,1.0
no,Oslo,Oslo,2026-06-23,27.0,193,189,2822.7684210526318,0,11.809714971916389,0.21881188118811881,0.99579831932773111
no,Oslo,Oslo,2026-06-23,28.0,282,278,2868.276978417266,0.004046858,12.75854824417754,0.21776061776061775,0.98654708520179368
no,Oslo,Oslo,2026-06-23,29.0,655,631,2951.6829652996844,0,12.9650199000535,0.25859375,0.99235474006116209
no,Oslo,Oslo,2026-06-23,30.0,445,435,2888.1867881548974,0.002688094,13.60966305141265,0.23269809428284854,0.99384344766930521
no,Oslo,Oslo,2026-06-23,31.0,1218,1188,2912.9053601340033,0,14.538716054313657,0.29079754601226993,0.99669187145557658
no,Oslo,Oslo,2026-06-23,32.0,739,718,2659.3033240997229,0.00421931,14.117313342139816,0.29220103986135182,0.9985074626865672
no,Oslo,Oslo,2026-06-23,33.0,452,445,2743.1547085201792,0.005869884,15.106505087480361,0.27715795654726955,0.99916805324459235
no,Oslo,Oslo,2026-06-23,34.0,421,415,2745.77990430622,0.005676967,14.932021556193376,0.31672597864768681,0.99589827727645608
no,Oslo,Oslo,2026-06-23,35.0,821,803,2899.7747524752476,0.015050818,15.727131966594227,0.32222222222222224,0.99851998026640354
no,Oslo,Oslo,2026-06-23,36.0,617,599,2629.6225165562914,0.018338931,16.63415944278205,0.32109642682329909,0.99808061420345484
no,Oslo,Oslo,2026-06-23,37.0,767,757,2822.0486842105265,0.028391862,17.344093863488744,0.30821401657874908,0.99849018621036734
no,Oslo,Oslo,2026-06-23,38.0,312,301,2993.6262295081965,0.030092102,17.033705154654502,0.2719546742209632,0.99519230769230771
no,Oslo,Oslo,2026-06-23,45.0,29,25,2854.3214285714284,0.396008486,22.50086282048899,0.16279069767441862,0.99019607843137258
no,Oslo,Oslo,2026-06-23,47.0,12,9,2648.4,0.42240514,24.79513132689862,0.2413793103448276,0.975
no,Oslo,Oslo,2026-06-23,48.0,5,4,2418.0,0.335607094,25.654629863426244,0.069767441860465115,0.96296296296296291
no,Oslo,Oslo,2026-06-23,51.0,14,13,3880.8461538461538,0.468845195,24.466634741969067,0.14634146341463414,0.96666666666666667
no,Oslo,Oslo,2026-06-23,53.0,3,2,10922.0,0.097147582,20.3766938962683,0.02564102564102564,0.96296296296296291
no,Oslo,Oslo,2026-06-23,58.0,6,6,4129.5,0.347303791,25.609914936592535,0.15151515151515152,1.0
no,Oslo,Oslo,2026-06-24,18.0,1,0,1159.0,,9.1667224769807429,0.17391304347826086,0.95652173913043481
no,Oslo,Oslo,2026-06-24,19.0,2,2,1397.0,0,9.0,0.090909090909090912,0.86046511627906974
no,Oslo,Oslo,2026-06-24,20.0,10,10,2879.6,0,4.67153911687256,0.16666666666666666,0.97777777777777775
no,Oslo,Oslo,2026-06-24,21.0,28,27,3425.8518518518517,0,4.2650792025501953,0.17194570135746606,0.9925373134328358
no,Oslo,Oslo,2026-06-24,22.0,26,25,3373.48,0,4.4923082757091937,0.19285714285714287,0.98795180722891562
no,Oslo,Oslo,2026-06-24,23.0,102,98,2804.0510204081634,0,9.1347922442751219,0.18709677419354839,0.987012987012987
no,Oslo,Oslo,2026-06-24,24.0,71,68,3425.7205882352941,0.012781589,7.4657183955014279,0.15596330275229359,0.9859154929577465
no,Oslo,Oslo,2026-06-24,25.0,156,153,3153.6405228758172,0.002763279,9.504688470184,0.19372442019099589,0.99836065573770494
no,Oslo,Oslo,2026-06-24,26.0,71,68,3493.8115942028985,0,10.746079368591166,0.23265306122448978,0.99549549549549554
no,Oslo,Oslo,2026-06-24,27.0,779,768,2787.1696891191709,0.000775148,11.118995594829697,0.27133550488599351,0.99575070821529743
no,Oslo,Oslo,2026-06-24,28.0,921,906,3041.1646542261251,0.000283776,10.823091927982333,0.27826340326340326,0.9972179289026275
no,Oslo,Oslo,2026-06-24,29.0,1341,1320,2866.3996983408747,0,10.980156131861934,0.29540106951871659,0.99729607931500674
no,Oslo,Oslo,2026-06-24,30.0,661,650,2948.9109062980033,0,12.279306568352361,0.23605706874189364,0.9952185792349727
no,Oslo,Oslo,2026-06-24,31.0,498,482,3112.4968944099378,0,13.446738489332892,0.24738992283250114,0.992311388755406
no,Oslo,Oslo,2026-06-24,32.0,663,652,2822.2576219512193,0,13.0983660530372,0.2925983037779491,0.99473044183218484
no,Oslo,Oslo,2026-06-24,33.0,565,557,2827.95,0,13.329720614146783,0.33244962884411455,0.99833795013850413
no,Oslo,Oslo,2026-06-24,34.0,191,189,3284.6052631578946,0,12.885664520437039,0.331306990881459,0.99841017488076311
no,Oslo,Oslo,2026-06-24,35.0,88,83,3666.8588235294119,0,16.710863225728339,0.25378787878787878,0.97991967871485941
no,Oslo,Oslo,2026-06-24,36.0,68,66,3190.287878787879,0.027610994,18.215804020863491,0.25416666666666665,0.9641255605381166
no,Oslo,Oslo,2026-06-24,42.0,64,58,3751.6333333333332,0.244439152,20.346577104817573,0.27651515151515149,0.95582329317269077
no,Oslo,Oslo,2026-06-25,21.0,34,33,2730.7272727272725,0,7.154694274900268,0.2,1.0
no,Oslo,Oslo,2026-06-25,22.0,6,5,3152.0,0,7.2792449139351252,0.23076923076923078,1.0
no,Oslo,Oslo,2026-06-25,23.0,50,49,2919.3265306122448,0.037492614,7.8947107016859288,0.16147308781869688,0.9791044776119403
no,Oslo,Oslo,2026-06-25,24.0,57,55,3183.2857142857142,0,9.2815965803878679,0.16358839050131926,0.99425287356321834
no,Oslo,Oslo,2026-06-25,25.0,112,108,3459.7181818181816,0,9.5660345168122252,0.17792421746293247,0.9856887298747764
no,Oslo,Oslo,2026-06-25,26.0,112,108,3295.0091743119265,0.005575148,10.780693280098486,0.16025641025641027,0.97440273037542657
no,Oslo,Oslo,2026-06-25,27.0,112,107,3016.0,0,12.058405224052875,0.21439060205580029,0.98273155416012559
no,Oslo,Oslo,2026-06-25,28.0,8,8,3658.5,0,10.792035848993169,0.15151515151515152,0.953125
no,Oslo,Oslo,2026-06-25,29.0,632,622,2737.04,0.00084193,12.217558386617283,0.31064412973960714,0.99855351976856321
no,Oslo,Oslo,2026-06-25,30.0,430,423,2770.2535211267605,0,13.908201855955449,0.25508425334108076,0.995679012345679
no,Oslo,Oslo,2026-06-25,31.0,1192,1166,3124.9437340153454,0,13.706162492188582,0.29787753110514759,0.99793654887799843
no,Oslo,Oslo,2026-06-25,32.0,789,775,2911.9653401797177,0.001358384,14.473703591029945,0.2860026917900404,0.99538516151934686
no,Oslo,Oslo,2026-06-25,33.0,576,562,3083.6884955752212,0.001802605,14.75751507713186,0.25603448275862067,0.99636032757051862
no,Oslo,Oslo,2026-06-25,34.0,264,261,2828.9007633587785,0.00172969,14.67532410821199,0.28877551020408165,0.99574468085106382
no,Oslo,Oslo,2026-06-25,35.0,722,709,2712.9719495091163,0.009482688,15.418954893048493,0.29943955164131303,0.9974726200505476
no,Oslo,Oslo,2026-06-25,36.0,292,285,2839.7762237762236,0.02775745,15.691584692561319,0.30477117818889971,0.99077868852459017
no,Oslo,Oslo,2026-06-25,37.0,603,589,2775.8043844856661,0.075353249,17.014505439914721,0.30488383119962065,0.99205955334987594
no,Oslo,Oslo,2026-06-25,38.0,242,238,2912.7625,0.143389803,17.034292186700888,0.35017626321974149,0.99755501222493892
no,Oslo,Oslo,2026-06-25,39.0,45,42,3734.1428571428573,0.097559659,17.370507694407209,0.23255813953488372,0.98742138364779874
no,Oslo,Oslo,2026-06-25,40.0,383,372,2763.4853333333335,0.234339425,18.959322806700737,0.30230930720783766,0.99489051094890513
no,Oslo,Oslo,2026-06-25,41.0,142,137,2807.8832116788321,0.151099191,18.871157934841172,0.28205128205128205,0.99687987519500776
no,Oslo,Oslo,2026-06-25,43.0,59,58,3000.3275862068967,0.372706292,20.36094850926408,0.2361111111111111,0.98039215686274506
no,Oslo,Oslo,2026-06-26,17.0,1,1,1518.0,,8.9680276758726,0.16666666666666666,0.97222222222222221
no,Oslo,Oslo,2026-06-26,20.0,1,1,1070.0,,7.3802302199502723,0.054054054054054057,0.94117647058823528
no,Oslo,Oslo,2026-06-26,21.0,2,2,3224.5,0,7.4239740872388715,0.15789473684210525,1.0
no,Oslo,Oslo,2026-06-26,22.0,35,33,2515.242424242424,0.020355177,9.6134278132367239,0.15648854961832062,0.99598393574297184
no,Oslo,Oslo,2026-06-26,23.0,261,260,2839.4789272030653,0,8.5195854744744839,0.22846781504986402,0.99712368168744
no,Oslo,Oslo,2026-06-26,24.0,383,374,2635.544,0,9.1162962385505555,0.215625,0.99159663865546221
no,Oslo,Oslo,2026-06-26,25.0,19,18,3047.7222222222222,0,8.0468763506283114,0.17391304347826086,0.97945205479452058
no,Oslo,Oslo,2026-06-26,26.0,306,296,3169.5637583892617,0,9.84992968544067,0.2274618585298197,0.99174174174174179
no,Oslo,Oslo,2026-06-26,27.0,87,85,2798.6860465116279,0,11.015691626302544,0.24860335195530725,0.99380804953560375
no,Oslo,Oslo,2026-06-26,28.0,250,239,3340.3568464730292,0,11.196632828197222,0.23937823834196892,0.9854910714285714
no,Oslo,Oslo,2026-06-26,29.0,684,660,3041.5808383233534,0.004047009,12.357864453982215,0.27325341050020668,0.99603524229074891
no,Oslo,Oslo,2026-06-26,30.0,1082,1059,2919.798493408663,0.010892447,11.383729566615195,0.32776560788608983,0.99798792756539234
no,Oslo,Oslo,2026-06-26,31.0,94,93,3107.6989247311826,0,13.719886319600285,0.22127659574468084,0.98871331828442433
no,Oslo,Oslo,2026-06-26,32.0,1358,1329,3041.8892215568862,0.005467412,12.205750706191786,0.29399796541200407,0.99808061420345484
no,Oslo,Oslo,2026-06-26,33.0,743,732,2833.891008174387,0.005847908,15.123696292323872,0.32486463973344437,0.99913005654632447
no,Oslo,Oslo,2026-06-26,34.0,131,129,3532.7286821705425,0,15.421159358662852,0.27981651376146788,0.995049504950495
no,Oslo,Oslo,2026-06-26,35.0,781,768,2636.4365284974092,0,14.278897828168747,0.3188353702372394,0.99887048192771088
no,Oslo,Oslo,2026-06-26,36.0,782,769,2767.6342412451363,0.011440975,15.568302035321134,0.33938706015891035,0.99803227075954348
no,Oslo,Oslo,2026-06-26,37.0,329,314,2796.7264150943397,0.115642028,17.141816619458428,0.31370745170193193,0.99519230769230771
no,Oslo,Oslo,2026-06-26,38.0,113,104,2815.5607476635514,0.160709542,19.489085550138206,0.27959697732997479,0.98408488063660482
no,Oslo,Oslo,2026-06-26,39.0,659,648,2899.7812018489985,0.108192053,18.003780176857962,0.32996040475142985,0.99908298945437868
no,Oslo,Oslo,2026-06-26,40.0,106,97,2618.85,0.298518291,20.059952425435593,0.28855721393034828,0.97883597883597884
no,Oslo,Oslo,2026-06-26,43.0,60,57,3853.5614035087719,0.155928357,20.016731481894574,0.20737327188940091,0.98029556650246308
no,Oslo,Oslo,2026-06-27,20.0,2,2,1128.0,0,9.0,0.058823529411764705,0.95744680851063835
no,Oslo,Oslo,2026-06-27,21.0,4,3,2422.6666666666665,,9.0,0.15217391304347827,0.93181818181818177
no,Oslo,Oslo,2026-06-27,22.0,20,18,2687.3888888888887,0,7.8970314488046709,0.11842105263157894,0.93055555555555558
no,Oslo,Oslo,2026-06-27,23.0,31,31,2610.0,0,10.249832571466776,0.23648648648648649,1.0
no,Oslo,Oslo,2026-06-27,24.0,73,70,2605.9718309859154,0,10.578917423005562,0.23893805309734514,0.98466257668711654
no,Oslo,Oslo,2026-06-27,25.0,53,53,2468.1698113207549,0,12.693643145947673,0.20754716981132076,0.98
no,Oslo,Oslo,2026-06-27,26.0,160,157,2773.6772151898736,0,6.7751922218913245,0.34364820846905536,0.99654576856649391
no,Oslo,Oslo,2026-06-27,27.0,1090,1076,2946.3342592592594,0.001790638,8.050118584404645,0.32991689750692521,0.99648711943793911
no,Oslo,Oslo,2026-06-27,28.0,2189,2154,2970.3307195571956,0,8.1422999455111,0.33203519399971154,0.99725484215342386
no,Oslo,Oslo,2026-06-27,29.0,1301,1274,2818.09765625,0.000620392,10.92386370603522,0.33935196636161269,0.99870499870499874
no,Oslo,Oslo,2026-06-27,30.0,1022,1004,2953.5158730158732,0.000616855,12.492219748310424,0.32139632861871803,0.99619771863117867
no,Oslo,Oslo,2026-06-27,31.0,354,344,3232.6724137931033,0.016714175,13.112170123955179,0.30071033938437253,0.98989048020219039
no,Oslo,Oslo,2026-06-27,32.0,322,312,2860.5286624203823,0.006259952,13.978812256728032,0.27386934673366836,0.99288256227758009
no,Oslo,Oslo,2026-06-27,33.0,230,225,2984.6784140969162,0.010484176,14.80664876366361,0.26438053097345132,0.99766627771295213
no,Oslo,Oslo,2026-06-27,34.0,496,485,2685.7433264887063,0.088916467,17.278863173039483,0.2787325456498389,0.9915730337078652
no,Oslo,Oslo,2026-06-27,35.0,86,85,2326.8588235294119,0.139406427,18.904140696874006,0.30141843971631205,0.996309963099631
no,Oslo,Oslo,2026-06-27,36.0,243,240,2570.725,0.054527397,18.575478552599339,0.22982456140350876,0.99545454545454548
no,Oslo,Oslo,2026-06-27,37.0,243,236,3040.4894514767934,0.013786258,16.774715006573661,0.29535864978902954,0.99668508287292823
no,Oslo,Oslo,2026-06-27,39.0,167,162,2984.9939024390242,0.252494703,19.078958608681482,0.21635883905013192,0.99443671766342145
no,Oslo,Oslo,2026-06-27,40.0,62,50,2569.6470588235293,0.538099718,20.548012444884314,0.27669902912621358,0.99484536082474229
no,Oslo,Oslo,2026-06-27,41.0,49,47,3676.9387755102039,0.241949792,18.846342121665515,0.33986928104575165,0.97241379310344822
no,Oslo,Oslo,2026-06-27,42.0,59,49,2823.9183673469388,0.317116749,21.100043119525537,0.20855614973262032,0.976878612716763
no,Oslo,Oslo,2026-06-27,43.0,46,42,3566.3023255813955,0.359988162,19.189849792693,0.2620689655172414,0.9925373134328358
no,Oslo,Oslo,2026-06-27,44.0,33,30,4555.166666666667,0.252661388,19.27675561688077,0.26760563380281688,0.984375
no,Oslo,Oslo,2026-06-27,45.0,79,69,2711.4788732394368,0.438184211,20.43172870865715,0.18613138686131386,0.98790322580645162
no,Oslo,Oslo,2026-06-27,46.0,174,153,2808.5875,0.344523421,23.438678285532465,0.25673534072900156,0.99492385786802029
no,Oslo,Oslo,2026-06-27,49.0,87,73,2522.2,0.495487164,26.620118048774696,0.27743902439024393,0.99038461538461542
no,Oslo,Oslo,2026-06-27,50.0,84,76,2424.12987012987,0.404118446,25.414129961664432,0.23026315789473684,0.99647887323943662
no,Oslo,Oslo,2026-06-27,51.0,67,58,3123.8620689655172,0.487273766,23.919797033927477,0.2863070539419087,0.9826086956521739
no,Oslo,Oslo,2026-06-27,52.0,62,55,3009.0181818181818,0.462279412,23.312730323461842,0.21860465116279071,0.97969543147208127
no,Oslo,Oslo,2026-06-27,54.0,65,56,3425.5254237288136,0.444780635,24.463996806537111,0.24822695035460993,0.99221789883268485
no,Oslo,Oslo,2026-06-28,20.0,24,24,3017.125,0,8.6294712137294525,0.2857142857142857,1.0
no,Oslo,Oslo,2026-06-28,21.0,26,25,2686.36,0,7.6064341467722141,0.1889763779527559,0.98360655737704916
no,Oslo,Oslo,2026-06-28,22.0,173,172,2564.6589595375722,0,9.5111240454439674,0.24561403508771928,0.99848714069591527
no,Oslo,Oslo,2026-06-28,23.0,286,281,2905.2989323843417,0,9.1361726288149949,0.25693311582381728,0.98632478632478637
no,Oslo,Oslo,2026-06-28,24.0,377,371,3146.4784946236559,0.002390457,9.1194211827746567,0.23496590204587725,0.99423815620998723
no,Oslo,Oslo,2026-06-28,25.0,238,231,3007.5603448275861,0.002398894,8.8274472260249279,0.26654064272211719,0.9970326409495549
no,Oslo,Oslo,2026-06-28,26.0,565,553,2987.276978417266,0,9.3718353109595842,0.30923302393746949,0.99694966954753428
no,Oslo,Oslo,2026-06-28,27.0,1142,1126,3049.6293027360989,0,9.5751890154356563,0.30426309378806332,0.99821017642546661
no,Oslo,Oslo,2026-06-28,28.0,101,98,3558.89898989899,0.008175105,10.841797451434426,0.24153498871331827,0.96568627450980393
no,Oslo,Oslo,2026-06-28,29.0,42,38,3615.75,0,12.240233879473505,0.28225806451612906,0.98198198198198194
no,Oslo,Oslo,2026-06-28,30.0,581,571,3198.5965217391304,0.001033159,10.785354609734787,0.30906389301634474,0.99377593360995853
no,Oslo,Oslo,2026-06-28,31.0,1984,1959,2898.4247967479673,0.000274339,10.198923013327914,0.33560709413369716,0.996991290577989
no,Oslo,Oslo,2026-06-28,32.0,707,697,2934.6904422253924,0,11.590785656483423,0.34512867647058826,0.99855630413859475
no,Oslo,Oslo,2026-06-28,33.0,1015,998,2992.2243270189433,0.011054907,12.757837068791931,0.33930254476908578,0.99536883890175321
no,Oslo,Oslo,2026-06-28,34.0,86,84,2930.8470588235296,0.019756415,16.531630052387673,0.27401129943502822,0.9907407407407407
no,Oslo,Oslo,2026-06-28,35.0,427,413,2786.8393285371703,0.250553402,17.997284796960773,0.26050420168067229,0.99727705922396193
no,Oslo,Oslo,2026-06-28,36.0,698,692,2957.2103746397693,0,15.137889819323334,0.38230729436109673,0.99838362068965514
no,Oslo,Oslo,2026-06-28,37.0,613,599,2686.4368770764117,0.121721488,17.56341120733353,0.36833046471600689,0.99761620977353993
no,Oslo,Oslo,2026-06-28,38.0,295,285,2863.4459930313587,0.230131264,18.836764673809586,0.3462940461725395,1.0
no,Oslo,Oslo,2026-06-28,39.0,187,177,2953.768361581921,0.45187352,21.057198138420762,0.30168453292496172,0.99676375404530748
no,Oslo,Oslo,2026-06-28,40.0,1168,1140,2872.8179442508713,0.303430403,20.036500160295972,0.33233369683751363,0.99829205807002563
no,Oslo,Oslo,2026-06-29,20.0,1,1,2263.0,,5.1425119589176989,0.076923076923076927,1.0
no,Oslo,Oslo,2026-06-29,21.0,33,32,2980.96875,0,6.4506249040636474,0.12448132780082988,0.986046511627907
no,Oslo,Oslo,2026-06-29,22.0,52,51,3279.8076923076924,0,6.9939015813527989,0.12678936605316973,0.9731182795698925
no,Oslo,Oslo,2026-06-29,23.0,23,23,3100.304347826087,0,8.8608799740373545,0.14465408805031446,0.97945205479452058
no,Oslo,Oslo,2026-06-29,24.0,77,76,3051.8289473684213,0,9.3805852896969775,0.12649572649572649,0.98757763975155277
no,Oslo,Oslo,2026-06-29,25.0,148,147,3342.0612244897961,0,9.593211172580121,0.15852205005959474,0.989345509893455
no,Oslo,Oslo,2026-06-29,26.0,300,293,2702.6450511945391,0.010271944,11.260685605426458,0.19933370349805662,0.99643366619115548
no,Oslo,Oslo,2026-06-29,27.0,234,231,3064.844827586207,0,11.53517343442193,0.17300521998508575,0.99523355576739747
no,Oslo,Oslo,2026-06-29,28.0,379,375,2992.7925531914893,0.006667577,13.015029411940349,0.21580863234529382,0.99549549549549554
no,Oslo,Oslo,2026-06-29,29.0,444,434,2992.8784403669724,0.001836834,13.717416018455932,0.2199281867145422,0.99714774671990869
no,Oslo,Oslo,2026-06-29,30.0,249,247,2812.1572580645161,0,14.377761431044224,0.24493731918997108,0.99439461883408076
no,Oslo,Oslo,2026-06-29,31.0,341,337,2853.4218289085547,0.002062506,14.747930424113251,0.25599481529488011,0.99914965986394555
no,Oslo,Oslo,2026-06-29,32.0,683,666,2839.4962742175858,0.004600564,14.751706282329375,0.25440379403794039,0.99627329192546588
no,Oslo,Oslo,2026-06-29,33.0,585,572,2827.5958188153309,0.000879346,15.264690136267658,0.26240571655418815,0.99707174231332363
no,Oslo,Oslo,2026-06-29,34.0,1281,1267,2753.9322834645668,0.004096728,15.429964994293886,0.28929041972520231,0.99750566893424031
no,Oslo,Oslo,2026-06-29,35.0,672,666,2825.39039039039,0.000803789,15.868855165249355,0.29520028870443882,0.99728383884110461
no,Oslo,Oslo,2026-06-29,36.0,491,480,3016.5634095634096,0.024070515,17.201364204851394,0.28661749209694415,0.99818511796733211
no,Oslo,Oslo,2026-06-29,37.0,41,40,2963.2195121951218,0.407185168,19.108387154214469,0.20274914089347079,0.98623853211009171
no,Oslo,Oslo,2026-06-30,,1,1,4433.0,0,6.9752626708524348,0.047619047619047616,0.95
no,Oslo,Oslo,2026-06-30,20.0,6,4,1628.5,0,10.607142857142858,0.21428571428571427,0.9285714285714286
no,Oslo,Oslo,2026-06-30,22.0,21,21,2190.2380952380954,0.008060322,10.420018062055584,0.17647058823529413,1.0
no,Oslo,Oslo,2026-06-30,23.0,80,78,2792.3333333333335,0,5.771934913294368,0.15024232633279483,0.99311531841652323
no,Oslo,Oslo,2026-06-30,24.0,217,210,3190.6525821596242,0,7.0316674096800931,0.17156862745098039,0.995492594977463
no,Oslo,Oslo,2026-06-30,25.0,62,61,2884.9508196721313,0,10.445690060524788,0.18208955223880596,0.98692810457516345
no,Oslo,Oslo,2026-06-30,26.0,186,180,2755.75956284153,0,11.784342210826166,0.19767441860465115,0.99577167019027479
no,Oslo,Oslo,2026-06-30,27.0,205,201,2944.3582089552237,0.010412518,12.581435639000846,0.23773987206823027,0.9977194982896237
no,Oslo,Oslo,2026-06-30,28.0,394,383,3175.0703125,0.001528809,11.946711579466294,0.22177419354838709,0.99256044637321761
no,Oslo,Oslo,2026-06-30,29.0,325,319,3052.9375,0.024452445,12.590000019321273,0.23690205011389523,0.99435938759065268
no,Oslo,Oslo,2026-06-30,30.0,85,84,2862.8690476190477,0.028769403,12.732414249187388,0.1795774647887324,0.983177570093458
no,Oslo,Oslo,2026-06-30,31.0,113,113,3398.4778761061948,0.011394338,15.047546483077888,0.18556701030927836,0.98775510204081629
no,Oslo,Oslo,2026-06-30,32.0,330,319,3034.6820987654319,0.086936905,14.442984472261474,0.2303595206391478,0.99502133712660024
no,Oslo,Oslo,2026-06-30,33.0,241,236,3323.8912133891213,0,15.185043204785453,0.21848013816925735,0.99902248289345064
no,Oslo,Oslo,2026-06-30,35.0,268,264,3156.534090909091,0.055552524,17.452639504427985,0.25714285714285712,0.98792756539235416
no,Oslo,Oslo,2026-06-30,36.0,257,252,2704.719367588933,0.002602449,15.857765560342685,0.29247675401521556,0.99737532808398954
no,Oslo,Oslo,2026-06-30,37.0,598,591,2781.2685810810813,0.117303899,17.12373903203736,0.22793606671299513,0.99963963963963964
no,Oslo,Oslo,2026-06-30,38.0,208,205,2807.8980582524273,0.179602137,17.621848398617985,0.31199068684516879,0.998769987699877
no,Oslo,Oslo,2026-06-30,39.0,212,208,2687.1004784688994,0.231415562,18.989176558898606,0.2576112412177986,0.99635922330097082
no,Oslo,Oslo,2026-06-30,40.0,444,440,2611.4376417233561,0.139805213,19.244071817026821,0.26748057713651496,0.9971444888635066
no,Oslo,Oslo,2026-06-30,41.0,125,116,2761.8644067796608,0.322216832,21.91555845227132,0.23156089193825044,0.98911070780399279
no,Oslo,Oslo,2026-06-30,43.0,604,589,2577.1300675675675,0.398200543,21.647302958980024,0.29171920975199661,0.99739470256187579
no,Oslo,Oslo,2026-06-30,45.0,414,398,2232.5495049504952,0.48750884,24.356593557900663,0.31286982248520712,0.99689440993788825
no,Oslo,Oslo,2026-06-30,46.0,193,166,2501.94674556213,0.444743818,26.909787131299986,0.20649651972157773,0.981640146878825
no,Oslo,Oslo,2026-06-30,48.0,413,410,2152.7439024390242,0.467793966,26.650913714181609,0.31087662337662336,0.9983150800336984
no,Oslo,Oslo,2026-06-30,49.0,485,471,2392.7426160337554,0.457625033,26.786931329039497,0.33415233415233414,1.0
no,Oslo,Oslo,2026-06-30,51.0,58,52,1703.3396226415093,0.42687747,26.661208547455256,0.19178082191780821,0.93430656934306566
no,Oslo,Oslo,2026-06-30,53.0,80,77,2220.0649350649351,0.507440101,28.189772490237008,0.19685039370078741,0.96111111111111114
no,Oslo,Oslo,2026-06-30,55.0,58,52,1790.1886792452831,0.575306336,28.783663767397194,0.19245283018867926,0.95703125
no,Oslo,Oslo,2026-06-30,57.0,66,59,2352.1774193548385,0.48870479,29.026638168497215,0.1797752808988764,0.96656534954407292
no,Oslo,Ski,2025-07-01,,6,6,4333.333333333333,0,3.5853658536585367,0.0975609756097561,0.51282051282051277
no,Oslo,Ski,2025-07-01,21.0,1,1,2496.0,0,10.75,0.16666666666666666,1.0
no,Oslo,Ski,2025-07-01,25.0,6,6,3652.6666666666665,0,8.8818318331087482,0.29629629629629628,1.0
no,Oslo,Ski,2025-07-01,27.0,11,11,4075.7272727272725,0,12.47951479449763,0.3,0.80769230769230771
no,Oslo,Ski,2025-07-01,28.0,11,10,3178.4,0,9.4619638131211659,0.31034482758620691,0.95833333333333337
no,Oslo,Ski,2025-07-01,29.0,12,12,4696.583333333333,0,10.489345268919427,0.21666666666666667,0.92727272727272725
no,Oslo,Ski,2025-07-01,30.0,25,24,4294.708333333333,0,10.774439399203668,0.21989528795811519,0.98857142857142855
no,Oslo,Ski,2025-07-01,31.0,9,9,4294.7777777777774,0,9.5988852551617416,0.16666666666666666,1.0
no,Oslo,Ski,2025-07-01,32.0,22,21,3886.0952380952381,0,13.289269288543418,0.31325301204819278,0.961038961038961
no,Oslo,Ski,2025-07-01,33.0,2,2,6211.0,0,12.788733748438011,0.090909090909090912,0.95238095238095233
no,Oslo,Ski,2025-07-01,34.0,16,15,5575.8666666666668,0,14.023873326346743,0.36666666666666664,0.94736842105263153
no,Oslo,Ski,2025-07-01,36.0,7,6,6013.4285714285716,0,12.942303887975925,0.25,0.96666666666666667
no,Oslo,Ski,2025-07-01,37.0,18,18,3831.1111111111113,0,16.813595081909661,0.21621621621621623,0.97014925373134331
no,Oslo,Ski,2025-07-01,38.0,22,21,5172.1428571428569,0.008095605,14.803444003315491,0.1728395061728395,0.98611111111111116
no,Oslo,Ski,2025-07-01,39.0,10,10,4061.9,0.168336673,16.422961674205883,0.17333333333333334,0.95714285714285718
no,Oslo,Ski,2025-07-01,40.0,11,11,5231.636363636364,0,15.547141241342972,0.28888888888888886,1.0
no,Oslo,Ski,2025-07-01,41.0,16,15,5387.2666666666664,0.111405134,15.707765052945243,0.27083333333333331,1.0
no,Oslo,Ski,2025-07-01,43.0,3,2,3560.0,0,22.003609408287574,0.16666666666666666,1.0
no,Oslo,Ski,2025-07-01,44.0,3,3,4959.333333333333,1.272727273,16.388104202557482,0.2,0.95238095238095233
no,Oslo,Ski,2025-07-01,46.0,5,4,4906.75,0.466440887,20.453699433638921,0.44444444444444442,1.0
no,Oslo,Ski,2025-07-01,58.0,3,2,6082.0,0.699626091,19.958848040148837,0.11764705882352941,1.0
no,Oslo,Ski,2025-07-02,,4,4,4566.0,0,1.4210526315789473,0.15789473684210525,0.8
no,Oslo,Ski,2025-07-02,20.0,2,2,1564.0,0,6.8746672179415818,0.22222222222222221,1.0
no,Oslo,Ski,2025-07-02,24.0,2,1,4224.5,0,9.5001135597486481,0.25,1.0
no,Oslo,Ski,2025-07-02,25.0,6,6,2967.0,0,11.757894751795259,0.23076923076923078,0.95454545454545459
no,Oslo,Ski,2025-07-02,26.0,8,8,3057.25,0,10.211632151291491,0.2,1.0
no,Oslo,Ski,2025-07-02,27.0,18,18,3800.1111111111113,0,9.332968272167486,0.33870967741935482,0.98245614035087714
no,Oslo,Ski,2025-07-02,28.0,18,18,3713.4444444444443,0,9.4182074655718626,0.21505376344086022,0.96470588235294119
no,Oslo,Ski,2025-07-02,29.0,24,24,4167.75,0,9.5086315697559023,0.2413793103448276,1.0
no,Oslo,Ski,2025-07-02,30.0,13,13,3212.3846153846152,0.048564271,11.587651794415343,0.25925925925925924,1.0
no,Oslo,Ski,2025-07-02,31.0,7,7,5776.1428571428569,0,12.566618308840715,0.25,0.86363636363636365
no,Oslo,Ski,2025-07-02,32.0,13,13,2747.4615384615386,0,12.444741335378533,0.23076923076923078,1.0
no,Oslo,Ski,2025-07-02,33.0,5,5,4996.0,0,12.910988656836464,0.16129032258064516,0.96
no,Oslo,Ski,2025-07-02,34.0,27,26,4508.2692307692305,0,13.420327005717315,0.25,0.99038461538461542
no,Oslo,Ski,2025-07-02,35.0,18,17,5584.1111111111113,0,11.780679578721269,0.2413793103448276,0.975
no,Oslo,Ski,2025-07-02,36.0,21,20,5599.0,0,12.172097766620869,0.20987654320987653,0.9452054794520548
no,Oslo,Ski,2025-07-02,38.0,8,7,5637.1428571428569,0.259704569,16.55788859615501,0.20588235294117646,0.93548387096774188
no,Oslo,Ski,2025-07-02,39.0,4,4,6659.5,0,12.031648339676741,0.33333333333333331,1.0
no,Oslo,Ski,2025-07-02,40.0,2,1,5523.0,0,15.111256911718085,0.1111111111111111,1.0
no,Oslo,Ski,2025-07-02,41.0,8,7,4117.375,0,16.989147501435426,0.13513513513513514,1.0
no,Oslo,Ski,2025-07-02,42.0,5,5,4334.6,0.101892285,17.363286444823988,0.24,0.96
no,Oslo,Ski,2025-07-02,44.0,6,6,4846.333333333333,0.0723722,15.578450387775129,0.18518518518518517,1.0
no,Oslo,Ski,2025-07-02,47.0,1,1,7223.0,0.671189146,16.417597924104751,0.2,1.0
no,Oslo,Ski,2025-07-03,,4,4,5336.0,0,0.0,0.16666666666666666,1.0
no,Oslo,Ski,2025-07-03,23.0,3,2,4206.0,0,7.592201040478181,0.13333333333333333,1.0
no,Oslo,Ski,2025-07-03,24.0,24,22,2860.5714285714284,0,8.1566935540173748,0.23076923076923078,0.98113207547169812
no,Oslo,Ski,2025-07-03,25.0,17,17,2610.9411764705883,0,8.6728475077683953,0.24719101123595505,0.97435897435897434
no,Oslo,Ski,2025-07-03,26.0,21,21,3124.1428571428573,0,8.13331099710983,0.2087912087912088,1.0
no,Oslo,Ski,2025-07-03,27.0,16,15,2851.0,0,8.139030653964948,0.19402985074626866,1.0
no,Oslo,Ski,2025-07-03,28.0,31,30,3442.0,0,9.609983117615144,0.24264705882352941,1.0
no,Oslo,Ski,2025-07-03,29.0,8,8,5246.875,0,8.9470908133768674,0.2391304347826087,1.0
no,Oslo,Ski,2025-07-03,30.0,12,11,4517.727272727273,0,9.4100533132096071,0.21686746987951808,0.9859154929577465
no,Oslo,Ski,2025-07-03,32.0,15,14,4106.333333333333,0,11.771048321550673,0.27083333333333331,0.97674418604651159
no,Oslo,Ski,2025-07-03,33.0,16,16,5342.5625,0,10.057748846145032,0.26315789473684209,1.0
no,Oslo,Ski,2025-07-03,34.0,1,1,6184.0,0,8.00130258011008,0.090909090909090912,1.0
no,Oslo,Ski,2025-07-03,35.0,3,3,7799.0,0,9.0,0.38461538461538464,1.0
no,Oslo,Ski,2025-07-03,36.0,11,10,5589.7,0,16.049881175631516,0.2608695652173913,0.975
no,Oslo,Ski,2025-07-03,37.0,15,14,6757.8571428571431,0.032078103,13.02880122965999,0.23076923076923078,0.98333333333333328
no,Oslo,Ski,2025-07-03,38.0,11,10,5866.454545454545,0,15.874032606210418,0.37037037037037035,1.0
no,Oslo,Ski,2025-07-03,40.0,3,3,4458.333333333333,,16.035894677074342,0.13793103448275862,1.0
no,Oslo,Ski,2025-07-03,42.0,11,10,6772.3,0,16.331441279950219,0.1,1.0
no,Oslo,Ski,2025-07-04,,7,6,5144.833333333333,0,2.8175067529659428,0.12280701754385964,0.70370370370370372
no,Oslo,Ski,2025-07-04,23.0,7,7,2541.4285714285716,0,6.4082388746973589,0.14285714285714285,0.97959183673469385
no,Oslo,Ski,2025-07-04,24.0,9,9,3304.6666666666665,0,7.9897413495227463,0.3,0.9642857142857143
no,Oslo,Ski,2025-07-04,25.0,2,2,2964.0,0,9.0,0.38461538461538464,1.0
no,Oslo,Ski,2025-07-04,26.0,22,22,4319.954545454545,0,7.6069385331055948,0.22115384615384615,0.95876288659793818
no,Oslo,Ski,2025-07-04,27.0,33,33,3573.84375,0,6.7776730336261988,0.25185185185185183,1.0
no,Oslo,Ski,2025-07-04,28.0,8,7,5365.4285714285716,0,8.5649785121151165,0.26829268292682928,1.0
no,Oslo,Ski,2025-07-04,29.0,6,6,4164.0,0,11.231557519358898,0.25806451612903225,1.0
no,Oslo,Ski,2025-07-04,30.0,53,53,4712.6415094339627,0,8.96623931887078,0.252,0.97716894977168944
no,Oslo,Ski,2025-07-04,31.0,18,18,4310.7777777777774,0,9.633261748117139,0.19672131147540983,1.0
no,Oslo,Ski,2025-07-04,32.0,9,8,4021.375,0,15.046770292139449,0.21568627450980393,0.9375
no,Oslo,Ski,2025-07-04,33.0,18,18,5067.666666666667,0,10.047207470064958,0.23809523809523808,1.0
no,Oslo,Ski,2025-07-04,35.0,18,18,6355.9444444444443,0,9.1512718732189136,0.2808988764044944,1.0
no,Oslo,Ski,2025-07-04,37.0,4,4,6223.25,0,8.5046892367526645,0.064516129032258063,1.0
no,Oslo,Ski,2025-07-04,38.0,5,5,7595.8,0,9.8166292956525556,0.1388888888888889,1.0
no,Oslo,Ski,2025-07-04,39.0,4,4,8095.5,0,9.3529411764705888,0.29411764705882354,1.0
no,Oslo,Ski,2025-07-04,40.0,2,2,8154.5,0,9.0,0.083333333333333329,1.0
no,Oslo,Ski,2025-07-05,,1,0,,,0.0,0.0,0.0
no,Oslo,Ski,2025-07-05,19.0,1,1,679.0,,6.7356696368508269,0.05,0.97142857142857142
no,Oslo,Ski,2025-07-05,22.0,8,8,2392.25,0,2.9586991038043369,0.28260869565217389,1.0
no,Oslo,Ski,2025-07-05,23.0,6,6,2361.8333333333335,0,8.6216899664162074,0.32142857142857145,1.0
no,Oslo,Ski,2025-07-05,24.0,27,27,3811.2962962962961,0,5.1755108880385343,0.23529411764705882,1.0
no,Oslo,Ski,2025-07-05,26.0,18,18,4558.0,0,7.7605648765314168,0.18965517241379309,0.99082568807339455
no,Oslo,Ski,2025-07-05,27.0,53,52,4959.3921568627447,0,6.2001009747714937,0.234375,0.974025974025974
no,Oslo,Ski,2025-07-05,28.0,18,17,4686.64705882353,0,5.4660789363216669,0.22340425531914893,0.9875
no,Oslo,Ski,2025-07-05,29.0,16,15,5307.9375,0,6.7756984094989194,0.28915662650602408,0.98648648648648651
no,Oslo,Ski,2025-07-05,30.0,25,25,5779.041666666667,0,6.6431082466471993,0.22826086956521738,1.0
no,Oslo,Ski,2025-07-05,31.0,24,23,6578.291666666667,0,9.6888149846259886,0.24731182795698925,0.9882352941176471
no,Oslo,Ski,2025-07-05,32.0,8,8,9072.875,0,9.0319530385150237,0.26315789473684209,0.97058823529411764
no,Oslo,Ski,2025-07-05,33.0,3,3,7548.333333333333,0,9.3008291982266531,0.22222222222222221,1.0
no,Oslo,Ski,2025-07-05,34.0,6,6,4130.6,0,13.549728654480951,0.10526315789473684,1.0
no,Oslo,Ski,2025-07-05,36.0,11,10,7687.2222222222226,0,7.3942490646796752,0.16666666666666666,0.96
no,Oslo,Ski,2025-07-05,38.0,5,5,11132.2,0,9.826571742688218,0.17241379310344829,1.0
no,Oslo,Ski,2025-07-05,41.0,2,2,2483.0,0,7.55111262327092,0.15,1.0
no,Oslo,Ski,2025-07-06,,1,1,3636.0,0,0.0,0.0,0.0
no,Oslo,Ski,2025-07-06,23.0,1,1,2936.0,0,5.1432400093604551,0.041666666666666664,1.0
no,Oslo,Ski,2025-07-06,26.0,30,30,3357.7241379310344,0,8.02928121553366,0.33070866141732286,0.991304347826087
no,Oslo,Ski,2025-07-06,27.0,23,23,4250.217391304348,0,8.33128850406765,0.26213592233009708,0.956989247311828
no,Oslo,Ski,2025-07-06,28.0,53,52,4707.8653846153848,0,6.3269636589664913,0.28365384615384615,0.98952879581151831
no,Oslo,Ski,2025-07-06,29.0,68,65,4609.2238805970146,0.008884987,7.9547788182247023,0.22992700729927007,0.98380566801619429
no,Oslo,Ski,2025-07-06,30.0,46,45,5793.727272727273,0,8.9777271951966515,0.25,0.96590909090909094
no,Oslo,Ski,2025-07-06,31.0,60,59,5585.15,0,10.888621583103545,0.2606837606837607,0.95408163265306123
no,Oslo,Ski,2025-07-06,32.0,37,36,5464.2972972972975,0,9.42662263552847,0.23214285714285715,0.97945205479452058
no,Oslo,Ski,2025-07-06,33.0,16,16,6175.375,0,4.4134687664402028,0.23456790123456789,0.98666666666666669
no,Oslo,Ski,2025-07-06,34.0,7,7,7435.4285714285716,0,11.815424229204273,0.21875,1.0
no,Oslo,Ski,2025-07-06,36.0,1,1,5926.0,0,5.9886260785478918,0.2,0.73333333333333328
no,Oslo,Ski,2025-07-06,38.0,4,4,10052.25,0,10.88677678150065,0.25,0.7142857142857143
no,Oslo,Ski,2025-07-07,,1,1,7055.0,0,6.4852728687017152,0.10526315789473684,0.27777777777777779
no,Oslo,Ski,2025-07-07,22.0,4,4,2887.5,0,7.8573838482849938,0.29166666666666669,1.0
no,Oslo,Ski,2025-07-07,23.0,5,5,1834.2,0,5.3276555806858825,0.16666666666666666,1.0
no,Oslo,Ski,2025-07-07,24.0,2,2,1655.0,0,8.7851386933870028,0.13333333333333333,1.0
no,Oslo,Ski,2025-07-07,25.0,1,1,1847.0,0,8.5388335386017857,0.15384615384615385,1.0
no,Oslo,Ski,2025-07-07,26.0,4,4,3245.5,0,10.683385466686328,0.075,1.0
no,Oslo,Ski,2025-07-07,27.0,4,3,3173.5,0,7.9032339314903517,0.23076923076923078,1.0
no,Oslo,Ski,2025-07-07,28.0,7,7,4338.0,0,8.782265166479803,0.23214285714285715,1.0
no,Oslo,Ski,2025-07-07,29.0,7,6,5082.7142857142853,0,7.7189928148690035,0.27777777777777779,1.0
no,Oslo,Ski,2025-07-07,30.0,2,2,3138.5,0,7.4722091247417985,0.2,0.95454545454545459
no,Oslo,Ski,2025-07-07,31.0,2,2,3391.5,,10.901332360714505,0.1875,1.0
no,Oslo,Ski,2025-07-07,32.0,68,64,4991.984848484848,0,12.589412237367233,0.33609958506224069,0.97169811320754718
no,Oslo,Ski,2025-07-07,33.0,4,4,6856.5,0,7.8823113197325974,0.2,0.95238095238095233
no,Oslo,Ski,2025-07-07,34.0,4,4,7347.75,0,9.0,0.23076923076923078,1.0
no,Oslo,Ski,2025-07-07,35.0,29,29,3943.5517241379312,0.096659559,14.897073372686558,0.21739130434782608,0.98780487804878048
no,Oslo,Ski,2025-07-07,36.0,16,16,7269.333333333333,0,12.41352424071018,0.10294117647058823,0.98305084745762716
no,Oslo,Ski,2025-07-07,37.0,8,8,5104.875,0,14.853158201808984,0.3125,0.96296296296296291
no,Oslo,Ski,2025-07-07,38.0,5,5,5456.0,0,11.757180924852298,0.33333333333333331,1.0
no,Oslo,Ski,2025-07-07,43.0,9,9,6440.1111111111113,0,16.92029732035634,0.19354838709677419,1.0
no,Oslo,Ski,2025-07-08,,3,3,2266.0,0,0.0,0.11764705882352941,0.21428571428571427
no,Oslo,Ski,2025-07-08,22.0,3,3,1330.3333333333333,0,8.9719592879880068,0.3125,1.0
no,Oslo,Ski,2025-07-08,25.0,12,12,3389.8333333333335,0,8.7833912755366654,0.30232558139534882,1.0
no,Oslo,Ski,2025-07-08,26.0,12,12,5288.166666666667,0,8.6307244643669865,0.18840579710144928,0.96610169491525422
no,Oslo,Ski,2025-07-08,27.0,30,29,3984.8620689655172,0,9.9132420461143713,0.2696629213483146,0.975
no,Oslo,Ski,2025-07-08,28.0,8,8,3622.25,0,9.1124568350555482,0.2,1.0
no,Oslo,Ski,2025-07-08,29.0,10,10,4425.0,0,9.0206793150200291,0.17567567567567569,0.98412698412698407
no,Oslo,Ski,2025-07-08,30.0,10,10,4126.8,0,8.7926974306754868,0.2,1.0
no,Oslo,Ski,2025-07-08,31.0,2,2,5142.0,0,11.5,0.16666666666666666,1.0
no,Oslo,Ski,2025-07-08,32.0,15,14,4835.0714285714284,0,12.262069705967447,0.25862068965517243,0.98076923076923073
no,Oslo,Ski,2025-07-08,33.0,34,33,5005.9705882352937,0,11.662091032156681,0.23076923076923078,0.99270072992700731
no,Oslo,Ski,2025-07-08,34.0,11,11,5509.545454545455,0,11.980807949750316,0.30952380952380953,0.972972972972973
no,Oslo,Ski,2025-07-08,35.0,11,11,5152.909090909091,0,13.394772138142738,0.21951219512195122,1.0
no,Oslo,Ski,2025-07-08,36.0,9,9,7053.2222222222226,0.063082007,9.865415432923168,0.175,1.0
no,Oslo,Ski,2025-07-08,38.0,17,17,5587.8823529411766,0,13.250518654495272,0.30357142857142855,0.98
no,Oslo,Ski,2025-07-08,43.0,4,4,5735.5,0,14.234279200181467,0.23809523809523808,1.0
no,Oslo,Ski,2025-07-09,,3,3,8461.0,0,2.3684210526315788,0.26315789473684209,0.81818181818181823
no,Oslo,Ski,2025-07-09,14.0,1,1,1122.0,0,8.8722004084460728,0.11764705882352941,1.0
no,Oslo,Ski,2025-07-09,15.0,1,1,580.0,0,7.0251239407263357,0.19047619047619047,1.0
no,Oslo,Ski,2025-07-09,21.0,1,1,1432.0,0,8.5836415245629514,0.13636363636363635,1.0
no,Oslo,Ski,2025-07-09,23.0,9,8,2848.875,0,8.9534167619821652,0.27868852459016391,1.0
no,Oslo,Ski,2025-07-09,25.0,10,10,3156.6,0,8.47508273012699,0.2,1.0
no,Oslo,Ski,2025-07-09,26.0,6,5,3111.0,0,7.7191072101753875,0.23255813953488372,1.0
no,Oslo,Ski,2025-07-09,27.0,7,7,3229.7142857142858,0.082521118,12.961752861883541,0.19148936170212766,0.975609756097561
no,Oslo,Ski,2025-07-09,28.0,23,23,4843.565217391304,0,7.648582770837411,0.26,0.97619047619047616
no,Oslo,Ski,2025-07-09,29.0,9,9,5428.2222222222226,0,8.8774038624326082,0.34375,1.0
no,Oslo,Ski,2025-07-09,30.0,6,6,3004.6666666666665,0,8.98281505906436,0.20512820512820512,0.94285714285714284
no,Oslo,Ski,2025-07-09,31.0,26,25,4469.0384615384619,0,11.070101616564717,0.20952380952380953,0.967741935483871
no,Oslo,Ski,2025-07-09,32.0,38,38,4562.0,0,8.70944797445772,0.2,0.99328859060402686
no,Oslo,Ski,2025-07-09,33.0,13,13,4597.9230769230771,0,13.213268970664036,0.27419354838709675,0.94230769230769229
no,Oslo,Ski,2025-07-09,34.0,13,13,4193.7692307692305,0,16.037899713490077,0.21428571428571427,0.94285714285714284
no,Oslo,Ski,2025-07-09,35.0,6,6,6822.5,0,9.4555650428290186,0.22222222222222221,0.90909090909090906
no,Oslo,Ski,2025-07-09,36.0,7,7,4852.1428571428569,0,14.6614437733416,0.18181818181818182,0.967741935483871
no,Oslo,Ski,2025-07-10,,4,4,4085.25,0,6.0218638363620949,0.10638297872340426,0.97142857142857142
no,Oslo,Ski,2025-07-10,19.0,2,2,1265.5,0,7.8240908225986328,0.25,1.0
no,Oslo,Ski,2025-07-10,21.0,4,4,1804.5,0,5.4433399495761705,0.36363636363636365,1.0
no,Oslo,Ski,2025-07-10,23.0,2,2,2917.5,0,8.14757463954054,0.18367346938775511,0.97674418604651159
no,Oslo,Ski,2025-07-10,25.0,10,10,2660.3,0,8.82554553517034,0.14035087719298245,1.0
no,Oslo,Ski,2025-07-10,26.0,3,3,5319.333333333333,0,7.0592648670908806,0.16666666666666666,1.0
no,Oslo,Ski,2025-07-10,27.0,19,19,3182.2105263157896,0,10.270726836873566,0.22772277227722773,1.0
no,Oslo,Ski,2025-07-10,28.0,2,2,3171.0,0,9.9375,0.25,1.0
no,Oslo,Ski,2025-07-10,29.0,8,8,4776.875,0,8.23583924658769,0.21739130434782608,1.0
no,Oslo,Ski,2025-07-10,30.0,26,25,4044.44,0,8.2100728445390967,0.25850340136054423,0.98518518518518516
no,Oslo,Ski,2025-07-10,31.0,35,34,4988.2352941176468,0,9.64155547850335,0.23717948717948717,0.97872340425531912
no,Oslo,Ski,2025-07-10,32.0,26,26,5077.3846153846152,0,8.075115854484249,0.15384615384615385,1.0
no,Oslo,Ski,2025-07-10,33.0,10,10,5644.0,0,7.3146860675456846,0.24324324324324326,0.98550724637681164
no,Oslo,Ski,2025-07-10,34.0,19,19,5292.6842105263158,0,11.096881560427043,0.19277108433734941,1.0
no,Oslo,Ski,2025-07-10,35.0,4,3,6678.333333333333,0,13.738958379907967,0.16216216216216217,1.0
no,Oslo,Ski,2025-07-10,38.0,8,8,4476.625,0,17.498550997657347,0.21739130434782608,1.0
no,Oslo,Ski,2025-07-10,39.0,3,3,10380.333333333334,0,11.162393162393162,0.23076923076923078,1.0
no,Oslo,Ski,2025-07-11,,4,4,1628.25,0,0.0,0.15,0.66666666666666663
no,Oslo,Ski,2025-07-11,16.0,3,3,2638.0,0,5.7410333904684459,0.058823529411764705,1.0
no,Oslo,Ski,2025-07-11,22.0,2,2,1344.0,0,8.76992248019165,0.2857142857142857,1.0
no,Oslo,Ski,2025-07-11,23.0,4,4,2985.5,0,10.115645148941718,0.17241379310344829,1.0
no,Oslo,Ski,2025-07-11,25.0,8,8,3230.875,0,8.3375769545727447,0.19607843137254902,1.0
no,Oslo,Ski,2025-07-11,27.0,10,10,2137.6,0.226193652,10.544775392619073,0.18421052631578946,1.0
no,Oslo,Ski,2025-07-11,29.0,15,14,4344.2666666666664,0,10.201870582829661,0.15254237288135594,1.0
no,Oslo,Ski,2025-07-11,30.0,35,33,4116.787878787879,0,10.906217624860531,0.25423728813559321,0.95192307692307687
no,Oslo,Ski,2025-07-11,31.0,6,6,3987.1666666666665,0,9.2024979215942988,0.23076923076923078,1.0
no,Oslo,Ski,2025-07-11,32.0,18,17,4383.4705882352937,0,9.8395316934852364,0.30263157894736842,0.98461538461538467
no,Oslo,Ski,2025-07-11,33.0,38,38,4976.9210526315792,0.013882816,10.839795634913152,0.29813664596273293,0.972027972027972
no,Oslo,Ski,2025-07-11,34.0,16,16,4638.5625,0,11.382626559817481,0.19780219780219779,0.9642857142857143
no,Oslo,Ski,2025-07-11,35.0,10,10,5256.0,0.045308598,12.751063686677142,0.14814814814814814,1.0
no,Oslo,Ski,2025-07-11,36.0,18,17,4794.1764705882351,0,14.688614411158834,0.26984126984126983,0.9642857142857143
no,Oslo,Ski,2025-07-11,37.0,5,4,5672.0,0,15.207289160411189,0.30769230769230771,1.0
no,Oslo,Ski,2025-07-11,39.0,11,11,6720.545454545455,0,15.186732511562147,0.26923076923076922,0.95238095238095233
no,Oslo,Ski,2025-07-11,42.0,7,7,3346.5714285714284,0.063114022,19.181485685260903,0.21428571428571427,1.0
no,Oslo,Ski,2025-07-11,43.0,9,9,6436.0,0,14.541958737840822,0.26666666666666666,1.0
no,Oslo,Ski,2025-07-11,45.0,7,7,6165.2857142857147,0.327762303,19.547509919146759,0.12903225806451613,0.91666666666666663
no,Oslo,Ski,2025-07-11,46.0,3,3,7907.666666666667,0,14.96547432199859,0.3,1.0
no,Oslo,Ski,2025-07-11,48.0,7,7,7771.7142857142853,0,17.242882896271642,0.29166666666666669,0.94736842105263153
no,Oslo,Ski,2025-07-12,,3,3,5537.0,0,3.1675911595704056,0.052631578947368418,0.52941176470588236
no,Oslo,Ski,2025-07-12,20.0,1,1,470.0,,7.0084441838788036,0.4,1.0
no,Oslo,Ski,2025-07-12,22.0,7,7,2645.1428571428573,0,4.8648675236357741,0.17647058823529413,0.90909090909090906
no,Oslo,Ski,2025-07-12,24.0,7,7,1996.4285714285713,0,5.447690344273906,0.22784810126582278,1.0
no,Oslo,Ski,2025-07-12,25.0,4,4,5103.25,0,3.20713370166902,0.083333333333333329,0.96969696969696972
no,Oslo,Ski,2025-07-12,26.0,3,3,3184.6666666666665,0,12.264620984186644,0.375,1.0
no,Oslo,Ski,2025-07-12,27.0,25,25,3828.76,0,8.1079860612532091,0.216,0.97391304347826091
no,Oslo,Ski,2025-07-12,28.0,20,20,3173.05,0,10.279453770632221,0.26760563380281688,1.0
no,Oslo,Ski,2025-07-12,29.0,45,45,4006.8888888888887,0,6.3739146737032844,0.248868778280543,0.98445595854922274
no,Oslo,Ski,2025-07-12,30.0,7,7,6688.7142857142853,0,9.44889405461497,0.25641025641025639,1.0
no,Oslo,Ski,2025-07-12,31.0,15,14,4110.3571428571431,0,10.577003258969111,0.23809523809523808,0.926829268292683
no,Oslo,Ski,2025-07-12,32.0,9,9,8873.4444444444453,0,8.8884215386223655,0.19148936170212766,1.0
no,Oslo,Ski,2025-07-12,33.0,15,15,3607.0666666666666,0,12.214657113000802,0.25714285714285712,0.98333333333333328
no,Oslo,Ski,2025-07-12,34.0,21,21,4838.8095238095239,0,11.290820865664967,0.30769230769230771,0.97468354430379744
no,Oslo,Ski,2025-07-12,35.0,16,15,4959.2,0.024163569,13.961621329855598,0.18965517241379309,0.92592592592592593
no,Oslo,Ski,2025-07-12,36.0,13,12,4754.583333333333,0,13.345084824012236,0.21052631578947367,0.98076923076923073
no,Oslo,Ski,2025-07-12,37.0,11,11,8402.09090909091,0,12.029795831349761,0.19298245614035087,0.96226415094339623
no,Oslo,Ski,2025-07-12,38.0,6,6,3275.3333333333335,0.087091222,17.313420116655035,0.25,1.0
no,Oslo,Ski,2025-07-13,,7,7,4093.8571428571427,0,0.0,0.18518518518518517,0.5
no,Oslo,Ski,2025-07-13,24.0,2,2,1977.0,0,5.954415926158668,0.066666666666666666,0.9285714285714286
no,Oslo,Ski,2025-07-13,25.0,5,5,2809.0,0,8.5097754053030812,0.17647058823529413,0.97916666666666663
no,Oslo,Ski,2025-07-13,27.0,34,34,3322.6176470588234,0,10.419688907564339,0.31707317073170732,0.98245614035087714
no,Oslo,Ski,2025-07-13,28.0,24,24,4863.416666666667,0,8.3958267505642183,0.25146198830409355,0.96855345911949686
no,Oslo,Ski,2025-07-13,29.0,41,41,4473.3076923076924,0,9.7740414935205528,0.23129251700680273,0.93478260869565222
no,Oslo,Ski,2025-07-13,30.0,16,16,4504.625,0,10.04304214109502,0.24193548387096775,0.9
no,Oslo,Ski,2025-07-13,31.0,35,35,4225.7428571428572,0,10.453265858424716,0.24561403508771928,0.949685534591195
no,Oslo,Ski,2025-07-13,32.0,17,17,5531.0588235294117,0.02823791,10.863228257076743,0.27142857142857141,0.9850746268656716
no,Oslo,Ski,2025-07-13,33.0,23,23,4092.818181818182,0,10.436825042144033,0.23333333333333334,0.97122302158273377
no,Oslo,Ski,2025-07-13,34.0,29,28,4333.9285714285716,0,12.854047483963241,0.23008849557522124,0.96116504854368934
no,Oslo,Ski,2025-07-13,35.0,17,17,3867.0,0,17.529521111986334,0.125,0.84210526315789469
no,Oslo,Ski,2025-07-13,36.0,22,21,5426.590909090909,0.2206192,15.782953351711404,0.21590909090909091,0.9375
no,Oslo,Ski,2025-07-13,37.0,7,7,7150.5714285714284,0,15.826287831556609,0.31578947368421051,0.96875
no,Oslo,Ski,2025-07-13,38.0,13,12,6189.3846153846152,0,14.490563578116589,0.31111111111111112,0.926829268292683
no,Oslo,Ski,2025-07-13,39.0,66,61,5014.8166666666666,0.082682354,16.685444692698233,0.35046728971962615,0.93939393939393945
no,Oslo,Ski,2025-07-13,41.0,9,9,6255.8888888888887,0.15898578,17.337313576955182,0.1702127659574468,0.95348837209302328
no,Oslo,Ski,2025-07-13,42.0,2,2,15819.5,0,8.9746011880569387,0.1875,1.0
no,Oslo,Ski,2025-07-13,43.0,2,2,4404.0,0.671167593,17.317795811199112,0.5714285714285714,1.0
no,Oslo,Ski,2025-07-13,44.0,4,4,7940.25,0,8.5646385278860837,0.0,1.0
no,Oslo,Ski,2025-07-14,,3,3,5136.333333333333,0,0.0,0.0,1.0
no,Oslo,Ski,2025-07-14,18.0,1,1,1124.0,,9.6666666666666661,0.33333333333333331,1.0
no,Oslo,Ski,2025-07-14,26.0,2,2,2255.5,0,7.91145280536022,0.125,1.0
no,Oslo,Ski,2025-07-14,27.0,30,29,2890.9666666666667,0,10.26956661907286,0.22099447513812154,0.98765432098765427
no,Oslo,Ski,2025-07-14,28.0,13,13,2981.6923076923076,0,9.7815042687451914,0.2391304347826087,0.95454545454545459
no,Oslo,Ski,2025-07-14,29.0,11,11,4271.181818181818,0,8.77820772312692,0.24590163934426229,0.98181818181818181
no,Oslo,Ski,2025-07-14,30.0,24,23,3064.0833333333335,0,12.462839978165485,0.2072072072072072,0.96116504854368934
no,Oslo,Ski,2025-07-14,31.0,21,21,3639.6190476190477,0.046810871,14.349387059615513,0.22772277227722773,0.97727272727272729
no,Oslo,Ski,2025-07-14,32.0,5,5,5391.6,0,11.545454545454545,0.36363636363636365,1.0
no,Oslo,Ski,2025-07-14,33.0,18,15,3915.8125,0,14.785270159894546,0.2807017543859649,1.0
no,Oslo,Ski,2025-07-14,34.0,11,10,6294.8,0.151010914,10.905946960447077,0.27777777777777779,0.97727272727272729
no,Oslo,Ski,2025-07-14,35.0,15,15,5261.2,0.072316707,12.320239227960947,0.26923076923076922,0.9375
no,Oslo,Ski,2025-07-14,36.0,16,16,4909.9375,0,15.215713650498257,0.38636363636363635,0.95121951219512191
no,Oslo,Ski,2025-07-14,38.0,15,15,4564.4,0.167473018,17.720080855291464,0.16666666666666666,0.94444444444444442
no,Oslo,Ski,2025-07-14,39.0,2,2,5890.0,0.15942029,16.191382335805237,0.2857142857142857,1.0
no,Oslo,Ski,2025-07-14,40.0,20,19,4561.5789473684208,0.35555831,15.270844843826378,0.21782178217821782,0.98958333333333337
no,Oslo,Ski,2025-07-14,41.0,17,17,3452.0,0.073713289,17.961003653872673,0.30158730158730157,0.96610169491525422
no,Oslo,Ski,2025-07-14,42.0,5,5,6091.75,0,16.517506638588525,0.1111111111111111,0.7857142857142857
no,Oslo,Ski,2025-07-15,,7,7,3459.1428571428573,0,6.6029830095591837,0.11538461538461539,0.5
no,Oslo,Ski,2025-07-15,24.0,5,5,2841.6,0,8.628294027422168,0.16666666666666666,0.96296296296296291
no,Oslo,Ski,2025-07-15,25.0,5,4,2400.5,0,7.2138301005278267,0.1875,0.96296296296296291
no,Oslo,Ski,2025-07-15,27.0,6,6,3215.8333333333335,0,9.0,0.10526315789473684,0.967741935483871
no,Oslo,Ski,2025-07-15,28.0,21,19,3051.85,0,8.8645432845662544,0.26470588235294118,1.0
no,Oslo,Ski,2025-07-15,29.0,16,16,4371.0625,0,10.535309290350742,0.14444444444444443,0.975
no,Oslo,Ski,2025-07-15,30.0,6,6,3107.3333333333335,0.337594886,13.411770029459602,0.22727272727272727,1.0
no,Oslo,Ski,2025-07-15,31.0,40,40,3614.15,0,12.223421346213604,0.24096385542168675,0.98717948717948723
no,Oslo,Ski,2025-07-15,32.0,31,31,3520.0666666666666,0,13.623062260127426,0.20388349514563106,0.9887640449438202
no,Oslo,Ski,2025-07-15,33.0,7,7,5157.5714285714284,0,10.06804044697712,0.30434782608695654,0.97674418604651159
no,Oslo,Ski,2025-07-15,34.0,13,13,5799.5384615384619,0,11.181071764827847,0.1875,0.975
no,Oslo,Ski,2025-07-15,35.0,12,12,4624.25,0,13.47865843792257,0.17721518987341772,0.9859154929577465
no,Oslo,Ski,2025-07-15,36.0,13,12,5122.0,0,14.072339191554949,0.26470588235294118,0.95238095238095233
no,Oslo,Ski,2025-07-15,37.0,4,4,3626.0,0,14.66210620308353,0.23255813953488372,1.0
no,Oslo,Ski,2025-07-15,39.0,3,3,5711.666666666667,0,9.0,0.13043478260869565,1.0
no,Oslo,Ski,2025-07-15,40.0,4,4,7887.25,0,16.457628151343677,0.14285714285714285,1.0
no,Oslo,Ski,2025-07-16,,5,4,4804.75,0,4.0391630384912753,0.1111111111111111,0.5
no,Oslo,Ski,2025-07-16,16.0,1,1,548.0,0,7.6219395111524983,0.22222222222222221,1.0
no,Oslo,Ski,2025-07-16,21.0,2,2,2031.5,0,8.5051356303285157,0.0,1.0
no,Oslo,Ski,2025-07-16,22.0,5,4,1822.0,0,7.8203607688645755,0.18181818181818182,0.975609756097561
no,Oslo,Ski,2025-07-16,23.0,15,15,2615.2666666666669,0,7.686895306873585,0.15277777777777779,1.0
no,Oslo,Ski,2025-07-16,26.0,14,14,3467.0,0,10.922643197644948,0.1797752808988764,0.93333333333333335
no,Oslo,Ski,2025-07-16,27.0,7,7,3192.4285714285716,0,9.5882352941176467,0.35294117647058826,1.0
no,Oslo,Ski,2025-07-16,28.0,7,7,4810.1428571428569,0,9.7195246766402832,0.2391304347826087,1.0
no,Oslo,Ski,2025-07-16,29.0,22,22,4560.363636363636,0,10.438235550064748,0.32222222222222224,0.975
no,Oslo,Ski,2025-07-16,30.0,8,8,3824.5,0,10.435858313814812,0.16981132075471697,0.98
no,Oslo,Ski,2025-07-16,31.0,27,27,4998.1481481481478,0,10.8526338462131,0.21705426356589147,0.95575221238938057
no,Oslo,Ski,2025-07-16,32.0,16,16,5244.25,0,8.9208119844541578,0.15151515151515152,1.0
no,Oslo,Ski,2025-07-16,33.0,14,14,4745.4285714285716,0,12.179587360016406,0.18965517241379309,1.0
no,Oslo,Ski,2025-07-16,34.0,5,5,3042.4,0,13.919872689093442,0.33333333333333331,1.0
no,Oslo,Ski,2025-07-16,35.0,15,14,4367.8571428571431,0.012082854,11.833751907373687,0.19148936170212766,0.96202531645569622
no,Oslo,Ski,2025-07-16,36.0,5,5,6594.6,0,11.942562012772543,0.31034482758620691,0.9642857142857143
no,Oslo,Ski,2025-07-16,37.0,16,15,3203.8,0,17.023655951059236,0.14814814814814814,0.93617021276595747
no,Oslo,Ski,2025-07-16,42.0,2,2,8569.5,0,10.888888888888889,0.3125,0.93333333333333335
no,Oslo,Ski,2025-07-16,47.0,4,4,6060.25,0.666931007,18.839884369270781,0.26666666666666666,1.0
no,Oslo,Ski,2025-07-17,,4,4,4745.75,0,0.0,0.12,0.13636363636363635
no,Oslo,Ski,2025-07-17,25.0,12,12,2487.1666666666665,0,8.1692487967860483,0.18478260869565216,0.9375
no,Oslo,Ski,2025-07-17,27.0,2,2,5948.5,0,9.375,0.3125,1.0
no,Oslo,Ski,2025-07-17,28.0,10,10,2207.2,0,11.211738367412595,0.1388888888888889,0.96551724137931039
no,Oslo,Ski,2025-07-17,29.0,7,7,4173.0,0,8.9657465471965363,0.24489795918367346,1.0
no,Oslo,Ski,2025-07-17,30.0,12,12,5711.833333333333,0,8.7408994029486315,0.25757575757575757,1.0
no,Oslo,Ski,2025-07-17,31.0,13,13,6149.9230769230771,0,9.6694922745754539,0.29411764705882354,0.9555555555555556
no,Oslo,Ski,2025-07-17,32.0,22,22,4021.2272727272725,0,11.122695580933945,0.25490196078431371,0.98969072164948457
no,Oslo,Ski,2025-07-17,33.0,17,17,6312.7058823529414,0,9.9361885624084216,0.22093023255813954,0.974025974025974
no,Oslo,Ski,2025-07-17,35.0,15,14,6123.6428571428569,0.079961771,14.291722669883848,0.34848484848484851,0.96721311475409832
no,Oslo,Ski,2025-07-17,37.0,8,8,5086.75,0,13.701787352244537,0.15,1.0
no,Oslo,Ski,2025-07-17,38.0,17,16,3913.25,0.358119658,18.589746103151519,0.2087912087912088,0.948051948051948
no,Oslo,Ski,2025-07-17,39.0,10,10,4612.8,0,17.66462401514881,0.29629629629629628,1.0
no,Oslo,Ski,2025-07-17,40.0,10,9,4632.666666666667,0.548338369,19.411670862623051,0.27083333333333331,0.95454545454545459
no,Oslo,Ski,2025-07-17,41.0,13,12,4711.666666666667,0.333864542,19.908733140490948,0.2,0.84615384615384615
no,Oslo,Ski,2025-07-17,42.0,11,10,6929.3,0.240712371,18.408873228686563,0.12,0.93617021276595747
no,Oslo,Ski,2025-07-17,48.0,3,3,3231.3333333333335,0.861785274,21.280634559011247,0.35714285714285715,0.92307692307692313
no,Oslo,Ski,2025-07-18,,1,1,10980.0,0,0.0,0.25,1.0
no,Oslo,Ski,2025-07-18,19.0,3,2,1687.0,0,6.5594743841052967,0.30769230769230771,1.0
no,Oslo,Ski,2025-07-18,24.0,1,1,3008.0,,6.3307867091356513,0.15384615384615385,0.90909090909090906
no,Oslo,Ski,2025-07-18,25.0,3,3,3324.6666666666665,0,9.0,0.21428571428571427,0.9285714285714286
no,Oslo,Ski,2025-07-18,26.0,14,14,1922.6428571428571,0,9.9999970200103352,0.25454545454545452,0.96153846153846156
no,Oslo,Ski,2025-07-18,27.0,9,9,5106.2222222222226,0,8.0646670657836967,0.23809523809523808,1.0
no,Oslo,Ski,2025-07-18,28.0,12,12,3265.25,0,10.289343863738958,0.3125,1.0
no,Oslo,Ski,2025-07-18,29.0,15,15,3182.6666666666665,0,12.792396679486421,0.24285714285714285,0.95454545454545459
no,Oslo,Ski,2025-07-18,30.0,25,25,4612.08,0,10.358979752820265,0.22448979591836735,0.97468354430379744
no,Oslo,Ski,2025-07-18,31.0,29,28,4568.8275862068967,0,9.909166681863061,0.30681818181818182,0.95121951219512191
no,Oslo,Ski,2025-07-18,32.0,24,24,4385.583333333333,0,10.767930130957966,0.21,0.97826086956521741
no,Oslo,Ski,2025-07-18,33.0,30,30,5457.5,0,10.139266746682688,0.25153374233128833,0.9726027397260274
no,Oslo,Ski,2025-07-18,34.0,21,20,5194.5,0,12.922858397534686,0.19871794871794871,0.98275862068965514
no,Oslo,Ski,2025-07-18,35.0,11,11,2862.4545454545455,0,14.121646286387653,0.17777777777777778,1.0
no,Oslo,Ski,2025-07-18,40.0,3,3,10447.666666666666,0,8.7463744135357242,0.27272727272727271,1.0
no,Oslo,Ski,2025-07-19,,1,1,1630.0,0,0.0,0.0,0.0
no,Oslo,Ski,2025-07-19,20.0,1,1,2774.0,0,8.7447056541603949,0.0,1.0
no,Oslo,Ski,2025-07-19,21.0,4,4,1143.5,0,8.6674282129235749,0.090909090909090912,1.0
no,Oslo,Ski,2025-07-19,25.0,4,4,3476.0,0,10.370583070628864,0.17647058823529413,0.93333333333333335
no,Oslo,Ski,2025-07-19,26.0,5,4,643.75,0,14.83179531294493,0.23076923076923078,1.0
no,Oslo,Ski,2025-07-19,28.0,18,18,4756.7777777777774,0,9.0353292837967754,0.25333333333333335,1.0
no,Oslo,Ski,2025-07-19,29.0,14,14,4719.5714285714284,0,9.4273555577291166,0.19801980198019803,0.989247311827957
no,Oslo,Ski,2025-07-19,30.0,26,26,3998.1153846153848,0,10.802205525435605,0.19607843137254902,0.95744680851063835
no,Oslo,Ski,2025-07-19,31.0,23,22,5769.136363636364,0,10.49271701699225,0.21929824561403508,0.970873786407767
no,Oslo,Ski,2025-07-19,32.0,44,44,4333.272727272727,0,12.169952976305,0.27848101265822783,0.94927536231884058
no,Oslo,Ski,2025-07-19,33.0,16,16,5029.5,0,11.575677192235361,0.2807017543859649,0.98148148148148151
no,Oslo,Ski,2025-07-19,34.0,28,27,4362.1071428571431,0,13.996049471037237,0.323943661971831,0.96969696969696972
no,Oslo,Ski,2025-07-19,35.0,21,21,3729.5714285714284,0.199911836,14.051035949400349,0.32857142857142857,0.95588235294117652
no,Oslo,Ski,2025-07-19,36.0,7,7,5743.7142857142853,0,9.657267930846178,0.22222222222222221,0.9850746268656716
no,Oslo,Ski,2025-07-19,39.0,4,4,5912.75,0,15.467538869581873,0.25,1.0
no,Oslo,Ski,2025-07-19,40.0,5,5,8594.0,0.136613791,15.324670363998937,0.2857142857142857,0.88888888888888884
no,Oslo,Ski,2025-07-19,41.0,9,9,4139.333333333333,0.480087527,20.11400962913179,0.22580645161290322,0.84615384615384615
no,Oslo,Ski,2025-07-19,45.0,1,1,13275.0,0,8.8892187804393235,0.2857142857142857,1.0
no,Oslo,Ski,2025-07-20,,1,1,,0,8.6020277878543,0.13333333333333333,1.0
no,Oslo,Ski,2025-07-20,21.0,2,2,1396.0,0,7.8249706988009873,0.16,0.79166666666666663
no,Oslo,Ski,2025-07-20,24.0,2,2,3827.5,0,8.9633156905282672,0.25,0.54545454545454541
no,Oslo,Ski,2025-07-20,27.0,4,4,2688.0,0,11.746050253456165,0.2,0.88888888888888884
no,Oslo,Ski,2025-07-20,28.0,1,1,4277.0,,8.8991707682040069,0.066666666666666666,0.8
no,Oslo,Ski,2025-07-20,29.0,8,8,6031.1428571428569,0,10.489981669752423,0.23529411764705882,0.83870967741935487
no,Oslo,Ski,2025-07-20,30.0,28,28,5441.1071428571431,0,8.5403419365506252,0.24324324324324326,0.97692307692307689
no,Oslo,Ski,2025-07-20,31.0,30,30,3865.0,0,11.827286338468046,0.2625,0.94666666666666666
no,Oslo,Ski,2025-07-20,32.0,23,21,4802.8421052631575,0,11.741085412736993,0.24657534246575341,0.91176470588235292
no,Oslo,Ski,2025-07-20,33.0,7,7,6255.2857142857147,0,14.403801910606576,0.13636363636363635,0.94444444444444442
no,Oslo,Ski,2025-07-20,34.0,39,37,4513.1621621621625,0.005232015,15.135409709396237,0.27011494252873564,0.925
no,Oslo,Ski,2025-07-20,35.0,22,22,6287.454545454545,0.043326489,13.893858232101625,0.29069767441860467,0.98717948717948723
no,Oslo,Ski,2025-07-20,36.0,29,28,4074.9655172413795,0.119640959,15.918487590119677,0.27272727272727271,0.90697674418604646
no,Oslo,Ski,2025-07-20,37.0,34,32,5810.242424242424,0.157983085,14.594193208846809,0.24657534246575341,0.87407407407407411
no,Oslo,Ski,2025-07-20,38.0,46,46,4838.804347826087,0.11995098,16.362462593428283,0.22699386503067484,0.93333333333333335
no,Oslo,Ski,2025-07-20,39.0,5,4,9400.25,0,14.550377949145572,0.24324324324324326,0.97222222222222221
no,Oslo,Ski,2025-07-20,40.0,27,26,6243.625,0.233235077,15.236368441615138,0.22962962962962963,0.81818181818181823
no,Oslo,Ski,2025-07-20,41.0,31,30,5033.9666666666662,0.461118184,19.902696586670263,0.28301886792452829,0.74149659863945583
no,Oslo,Ski,2025-07-20,42.0,16,16,4745.375,0.594458143,21.655929217413806,0.13559322033898305,0.63461538461538458
no,Oslo,Ski,2025-07-21,,2,1,2810.0,0,0.0,0.16666666666666666,1.0
no,Oslo,Ski,2025-07-21,25.0,9,8,1679.375,0,9.0638297872340434,0.1702127659574468,1.0
no,Oslo,Ski,2025-07-21,26.0,3,3,2419.3333333333335,0,13.354325414289349,0.16666666666666666,1.0
no,Oslo,Ski,2025-07-21,27.0,12,11,2891.75,0,9.3427922341941159,0.16455696202531644,0.98571428571428577
no,Oslo,Ski,2025-07-21,29.0,36,35,4340.4,0,9.2871024632981438,0.22164948453608246,0.97142857142857142
no,Oslo,Ski,2025-07-21,31.0,18,15,5336.3125,0,13.493800117812139,0.1702127659574468,0.93975903614457834
no,Oslo,Ski,2025-07-21,32.0,28,27,5340.9285714285716,0,10.687665603747421,0.22131147540983606,0.97272727272727277
no,Oslo,Ski,2025-07-21,33.0,19,19,4607.3157894736842,0,10.602264206826456,0.24731182795698925,0.97590361445783136
no,Oslo,Ski,2025-07-21,34.0,13,13,5315.0769230769229,0,13.064438064958598,0.2857142857142857,0.9375
no,Oslo,Ski,2025-07-21,35.0,1,1,4142.0,0,12.7505685414399,0.1875,1.0
no,Oslo,Ski,2025-07-21,37.0,11,11,5750.909090909091,0,12.346672223872902,0.24,1.0
no,Oslo,Ski,2025-07-21,38.0,1,1,3150.0,,12.0,0.16666666666666666,1.0
no,Oslo,Ski,2025-07-21,39.0,28,27,4938.8928571428569,0.072368421,15.909922093724846,0.26804123711340205,0.97752808988764039
no,Oslo,Ski,2025-07-21,41.0,5,5,6930.0,0,10.423146547436939,0.16129032258064516,0.96666666666666667
no,Oslo,Ski,2025-07-21,42.0,3,2,10320.0,0,11.851851851851853,0.33333333333333331,1.0
no,Oslo,Ski,2025-07-21,46.0,5,5,10456.0,0.104372937,16.88650475874023,0.069767441860465115,0.9285714285714286
no,Oslo,Ski,2025-07-22,,3,3,6796.666666666667,0,0.0,0.2,0.22222222222222221
no,Oslo,Ski,2025-07-22,20.0,2,2,1216.5,0,8.8334205487166564,0.0,0.91666666666666663
no,Oslo,Ski,2025-07-22,22.0,1,1,1453.0,0,12.356770187096137,0.1111111111111111,1.0
no,Oslo,Ski,2025-07-22,26.0,5,5,1394.6,0,11.271442821334581,0.17073170731707318,1.0
no,Oslo,Ski,2025-07-22,27.0,5,5,1776.8,0,6.4375129351211964,0.2,0.97826086956521741
no,Oslo,Ski,2025-07-22,28.0,10,9,3415.6,0,9.7005392532949486,0.27631578947368424,1.0
no,Oslo,Ski,2025-07-22,29.0,23,23,4851.863636363636,0,9.4384168322651512,0.1125,0.94366197183098588
no,Oslo,Ski,2025-07-22,30.0,3,3,5826.333333333333,0,8.51830205961324,0.10909090909090909,0.98039215686274506
no,Oslo,Ski,2025-07-22,31.0,32,31,4093.5625,0,11.260863576869902,0.18947368421052632,0.99415204678362568
no,Oslo,Ski,2025-07-22,32.0,13,12,4409.833333333333,0.038260077,11.282567455933405,0.16666666666666666,1.0
no,Oslo,Ski,2025-07-22,33.0,18,18,4153.166666666667,0,13.18752472522031,0.17857142857142858,0.97142857142857142
no,Oslo,Ski,2025-07-22,34.0,13,12,5959.333333333333,0,13.518339846399394,0.21153846153846154,0.93478260869565222
no,Oslo,Ski,2025-07-22,35.0,22,22,5082.818181818182,0,12.704123525957559,0.24770642201834864,0.96875
no,Oslo,Ski,2025-07-22,37.0,9,9,6582.0,0,14.662711471732642,0.26315789473684209,1.0
no,Oslo,Ski,2025-07-22,38.0,14,14,3726.2857142857142,0.063348416,17.478546932462237,0.27083333333333331,0.975609756097561
no,Oslo,Ski,2025-07-22,39.0,7,7,5988.7142857142853,0.417391304,18.566581000216686,0.36842105263157893,0.88235294117647056
no,Oslo,Ski,2025-07-22,40.0,7,7,4851.7142857142853,0,15.601027407257845,0.17241379310344829,0.9642857142857143
no,Oslo,Ski,2025-07-23,,2,1,2747.0,0,0.0,0.0,0.6
no,Oslo,Ski,2025-07-23,26.0,7,7,2409.5714285714284,0,8.9161010399771463,0.14285714285714285,1.0
no,Oslo,Ski,2025-07-23,27.0,5,5,3904.6,0,6.4847775645764081,0.27272727272727271,1.0
no,Oslo,Ski,2025-07-23,28.0,5,4,2691.0,0,12.798829294430634,0.21428571428571427,1.0
no,Oslo,Ski,2025-07-23,29.0,6,6,4942.666666666667,0,9.02384146647604,0.17647058823529413,1.0
no,Oslo,Ski,2025-07-23,30.0,7,7,4838.0,0,9.1490710447777683,0.25714285714285712,0.9285714285714286
no,Oslo,Ski,2025-07-23,31.0,2,2,4638.5,0,9.5714285714285712,0.047619047619047616,1.0
no,Oslo,Ski,2025-07-23,32.0,8,8,4657.75,0,15.156888392325095,0.14285714285714285,1.0
no,Oslo,Ski,2025-07-23,33.0,29,29,4248.0344827586205,0,12.931460572475148,0.27884615384615385,0.98863636363636365
no,Oslo,Ski,2025-07-23,34.0,52,51,4552.4509803921565,0,12.798045617424004,0.23696682464454977,0.9838709677419355
no,Oslo,Ski,2025-07-23,35.0,13,12,4460.8461538461543,0,12.160176440527916,0.28947368421052633,1.0
no,Oslo,Ski,2025-07-23,36.0,20,19,4451.3157894736842,0.231640575,17.994627004871539,0.22666666666666666,0.96969696969696972
no,Oslo,Ski,2025-07-23,37.0,36,36,5190.1944444444443,0.044132986,15.188989286947168,0.21568627450980393,1.0
no,Oslo,Ski,2025-07-23,38.0,15,15,5639.1333333333332,0.033038502,16.863106736980939,0.21311475409836064,1.0
no,Oslo,Ski,2025-07-23,39.0,5,5,5218.0,0.441375717,16.343500248282979,0.42307692307692307,0.94444444444444442
no,Oslo,Ski,2025-07-23,41.0,6,6,4660.166666666667,0.040050457,18.782235032931059,0.11538461538461539,0.95238095238095233
no,Oslo,Ski,2025-07-23,43.0,3,3,6202.0,0,11.965887049900941,0.16666666666666666,1.0
no,Oslo,Ski,2025-07-23,45.0,5,5,6278.4,0.108408024,19.453685122680543,0.08,1.0
no,Oslo,Ski,2025-07-23,47.0,4,3,3630.6666666666665,0.222397476,19.070168708666554,0.125,1.0
no,Oslo,Ski,2025-07-24,,3,3,5059.333333333333,0,11.364804134610173,0.0967741935483871,0.9285714285714286
no,Oslo,Ski,2025-07-24,23.0,2,2,1954.0,0,8.7901435089555822,0.1111111111111111,1.0
no,Oslo,Ski,2025-07-24,25.0,4,4,2759.25,0,10.97765148550288,0.16666666666666666,1.0
no,Oslo,Ski,2025-07-24,26.0,10,10,3038.3,0,9.04452035046853,0.22448979591836735,1.0
no,Oslo,Ski,2025-07-24,27.0,14,14,4167.2857142857147,0,9.8105395067051138,0.18181818181818182,1.0
no,Oslo,Ski,2025-07-24,28.0,31,31,3568.2258064516127,0,8.2562173571024822,0.21604938271604937,0.99328859060402686
no,Oslo,Ski,2025-07-24,29.0,22,20,2687.0476190476193,0,12.545111494482979,0.31730769230769229,0.97872340425531912
no,Oslo,Ski,2025-07-24,30.0,5,5,5433.8,0,9.46828762076209,0.24324324324324326,0.96969696969696972
no,Oslo,Ski,2025-07-24,31.0,12,12,3111.5833333333335,0,13.44239474849531,0.27272727272727271,1.0
no,Oslo,Ski,2025-07-24,32.0,26,25,4265.24,0,11.559565342936033,0.21929824561403508,0.99009900990099009
no,Oslo,Ski,2025-07-24,33.0,6,6,4840.833333333333,0,13.566758152124654,0.11428571428571428,1.0
no,Oslo,Ski,2025-07-24,34.0,8,8,3956.125,0.104781705,15.916031208098087,0.1702127659574468,0.97619047619047616
no,Oslo,Ski,2025-07-24,35.0,37,37,6989.3513513513517,0,12.243254901274319,0.2446043165467626,0.99152542372881358
no,Oslo,Ski,2025-07-24,36.0,4,4,5573.25,0,14.756801932731356,0.0625,0.8666666666666667
no,Oslo,Ski,2025-07-24,37.0,3,3,2299.3333333333335,0,19.190282225452961,0.083333333333333329,1.0
no,Oslo,Ski,2025-07-24,39.0,10,9,3519.2222222222222,0,16.570576478310436,0.3,0.90909090909090906
no,Oslo,Ski,2025-07-24,41.0,9,8,4350.625,0.062053681,17.662388682034774,0.22222222222222221,1.0
no,Oslo,Ski,2025-07-24,53.0,1,1,8204.0,0.27480916,20.128345487195791,0.076923076923076927,1.0
no,Oslo,Ski,2025-07-25,,3,3,5333.333333333333,0,8.5840554580647126,0.125,0.62068965517241381
no,Oslo,Ski,2025-07-25,21.0,2,2,1278.0,,7.049563706707902,0.17948717948717949,1.0
no,Oslo,Ski,2025-07-25,23.0,3,3,986.66666666666663,0,7.6596178842497347,0.10526315789473684,0.94117647058823528
no,Oslo,Ski,2025-07-25,24.0,3,3,3354.0,0,12.200464346328838,0.15384615384615385,1.0
no,Oslo,Ski,2025-07-25,25.0,1,1,3480.0,0,7.4044708007974149,0.066666666666666666,1.0
no,Oslo,Ski,2025-07-25,26.0,1,1,4023.0,0,10.548638634929933,0.1111111111111111,1.0
no,Oslo,Ski,2025-07-25,27.0,26,26,2777.8461538461538,0,9.3091156470887455,0.26119402985074625,0.983739837398374
no,Oslo,Ski,2025-07-25,28.0,4,4,2929.5,0,8.7260650388824548,0.076923076923076927,0.95454545454545459
no,Oslo,Ski,2025-07-25,29.0,17,17,5516.4705882352937,0,7.8676146591135661,0.2878787878787879,1.0
no,Oslo,Ski,2025-07-25,30.0,8,8,3903.5,0,9.6943250525210125,0.2,1.0
no,Oslo,Ski,2025-07-25,31.0,27,26,4445.9230769230771,0,10.046124860555818,0.21848739495798319,1.0
no,Oslo,Ski,2025-07-25,33.0,2,2,5389.0,0,9.4669797128383522,0.21052631578947367,1.0
no,Oslo,Ski,2025-07-25,34.0,6,6,5079.166666666667,0.306569343,17.300424467049272,0.1,0.95833333333333337
no,Oslo,Ski,2025-07-25,35.0,19,18,5114.3684210526317,0,10.37369150643935,0.25641025641025639,0.98571428571428577
no,Oslo,Ski,2025-07-25,36.0,38,37,3921.4324324324325,0.011035208,16.242353881240412,0.17460317460317459,0.990990990990991
no,Oslo,Ski,2025-07-25,37.0,21,21,5163.7619047619046,0.087408949,13.657761296118071,0.2537313432835821,0.99152542372881358
no,Oslo,Ski,2025-07-25,38.0,11,10,6020.181818181818,0,13.01606807953706,0.18867924528301888,0.93023255813953487
no,Oslo,Ski,2025-07-25,39.0,11,10,4631.7,0,17.15050854704381,0.31818181818181818,1.0
no,Oslo,Ski,2025-07-25,40.0,2,2,9438.0,1.007380074,19.14567813015713,0.0,1.0
no,Oslo,Ski,2025-07-25,41.0,21,20,6558.85,0.0806228,15.636653537166481,0.2857142857142857,1.0
no,Oslo,Ski,2025-07-26,,4,4,5342.5,0,11.539911505455597,0.13157894736842105,0.63636363636363635
no,Oslo,Ski,2025-07-26,19.0,1,1,787.0,,8.9901725119157039,0.055555555555555552,1.0
no,Oslo,Ski,2025-07-26,22.0,3,2,704.33333333333337,0,9.0,0.21739130434782608,1.0
no,Oslo,Ski,2025-07-26,24.0,4,4,1530.0,0,9.0,0.26923076923076922,1.0
no,Oslo,Ski,2025-07-26,25.0,10,10,4363.8,0,6.16509642578972,0.24657534246575341,1.0
no,Oslo,Ski,2025-07-26,26.0,8,8,2001.25,0,7.4126854141803582,0.33333333333333331,0.975
no,Oslo,Ski,2025-07-26,27.0,6,6,3728.3333333333335,0,9.0975927938679142,0.17391304347826086,1.0
no,Oslo,Ski,2025-07-26,28.0,9,9,3445.0,0,10.471885481447066,0.10256410256410256,1.0
no,Oslo,Ski,2025-07-26,29.0,13,13,4544.4615384615381,0.060878001,10.884560175911822,0.18333333333333332,0.98076923076923073
no,Oslo,Ski,2025-07-26,30.0,32,32,3314.25,0,12.548786082187426,0.296551724137931,1.0
no,Oslo,Ski,2025-07-26,31.0,9,9,4103.1111111111113,0,9.7070634829805957,0.28260869565217389,0.9555555555555556
no,Oslo,Ski,2025-07-26,32.0,16,16,5459.875,0,9.64113369985819,0.17391304347826086,0.97619047619047616
no,Oslo,Ski,2025-07-26,33.0,18,18,4345.333333333333,0,12.698923791017172,0.2318840579710145,1.0
no,Oslo,Ski,2025-07-26,34.0,7,7,3477.0,0,15.400057099966542,0.21428571428571427,0.96296296296296291
no,Oslo,Ski,2025-07-26,35.0,16,16,6966.5625,0,12.375858211565481,0.22857142857142856,0.98305084745762716
no,Oslo,Ski,2025-07-26,36.0,7,7,4171.5714285714284,0,11.349052240199457,0.10526315789473684,1.0
no,Oslo,Ski,2025-07-26,37.0,12,12,4610.25,0,14.039151101564759,0.32558139534883723,0.97435897435897434
no,Oslo,Ski,2025-07-26,38.0,5,5,8524.4,0.144335825,15.588264747036163,0.30303030303030304,0.96551724137931039
no,Oslo,Ski,2025-07-26,39.0,31,30,6563.5333333333338,0.065053939,16.514578944871953,0.22549019607843138,0.93617021276595747
no,Oslo,Ski,2025-07-26,40.0,4,4,5453.5,0,15.642735816307901,0.21739130434782608,1.0
no,Oslo,Ski,2025-07-26,42.0,8,8,8368.57142857143,0.058263695,16.425521431301476,0.34482758620689657,0.875
no,Oslo,Ski,2025-07-26,46.0,9,9,8572.1111111111113,0.020284955,20.279834034649809,0.15625,1.0
no,Oslo,Ski,2025-07-27,,4,4,5220.5,0,0.0,0.13333333333333333,0.22222222222222221
no,Oslo,Ski,2025-07-27,27.0,5,5,2505.0,0,11.577754093208858,0.23333333333333334,0.92592592592592593
no,Oslo,Ski,2025-07-27,28.0,14,14,3124.8571428571427,0,12.475923297324075,0.27906976744186046,0.89610389610389607
no,Oslo,Ski,2025-07-27,29.0,10,10,3424.9,0,12.882140208555052,0.33898305084745761,0.98148148148148151
no,Oslo,Ski,2025-07-27,32.0,24,24,3721.125,0,13.731238659658096,0.25287356321839083,0.95
no,Oslo,Ski,2025-07-27,33.0,12,12,3452.3333333333335,0,14.242487818063827,0.375,1.0
no,Oslo,Ski,2025-07-27,34.0,34,34,5086.4411764705883,0.103979142,16.616579557279657,0.21621621621621623,0.94814814814814818
no,Oslo,Ski,2025-07-27,35.0,78,77,4775.75,0.004969385,14.858628145270313,0.25144508670520233,0.95238095238095233
no,Oslo,Ski,2025-07-27,36.0,20,19,4262.0,0.088030482,14.401207068459078,0.22222222222222221,0.95454545454545459
no,Oslo,Ski,2025-07-27,37.0,41,40,5458.5789473684208,0.061700275,16.164597919204152,0.25490196078431371,0.94852941176470584
no,Oslo,Ski,2025-07-27,38.0,72,71,5555.87323943662,0.080020953,15.813415228532314,0.23381294964028776,0.96138996138996136
no,Oslo,Ski,2025-07-27,39.0,36,33,4940.393939393939,0.096969697,17.292382993663537,0.2196969696969697,0.95041322314049592
no,Oslo,Ski,2025-07-27,40.0,19,19,6801.7894736842109,0.284103454,15.42514966257839,0.38372093023255816,0.86746987951807231
no,Oslo,Ski,2025-07-27,41.0,22,21,6114.0,0.287207358,19.104215415720471,0.20202020202020202,0.77894736842105261
no,Oslo,Ski,2025-07-27,42.0,3,3,14168.0,0,8.9258542234385967,0.16666666666666666,1.0
no,Oslo,Ski,2025-07-27,43.0,10,10,5533.7777777777774,0,14.018453612780343,0.25531914893617019,0.9285714285714286
no,Oslo,Ski,2025-07-27,44.0,9,9,5280.4444444444443,0.53426276,20.320519409395743,0.26,0.54166666666666663
no,Oslo,Ski,2025-07-27,48.0,1,1,7783.0,0,17.978920941933275,0.0,0.0
no,Oslo,Ski,2025-07-28,22.0,1,1,2748.0,,14.705233893585188,0.27272727272727271,1.0
no,Oslo,Ski,2025-07-28,25.0,5,5,2396.8,0,8.6282014739586828,0.32432432432432434,1.0
no,Oslo,Ski,2025-07-28,26.0,2,2,1271.0,0,12.460178489466671,0.25,1.0
no,Oslo,Ski,2025-07-28,27.0,15,15,2810.6,0,10.136976692120523,0.20634920634920634,0.96078431372549022
no,Oslo,Ski,2025-07-28,28.0,16,16,3615.125,0,8.7050250386583148,0.26436781609195403,0.98795180722891562
no,Oslo,Ski,2025-07-28,29.0,13,13,4464.8461538461543,0,11.433981896720514,0.23529411764705882,1.0
no,Oslo,Ski,2025-07-28,30.0,8,8,4509.625,0,10.171103479380895,0.28333333333333333,1.0
no,Oslo,Ski,2025-07-28,31.0,13,12,4764.25,0,10.744797975758969,0.17857142857142858,1.0
no,Oslo,Ski,2025-07-28,32.0,20,19,5601.3684210526317,0,11.498963076605964,0.26373626373626374,1.0
no,Oslo,Ski,2025-07-28,33.0,30,30,5505.4666666666662,0.013777268,10.791156686457494,0.17073170731707318,0.98611111111111116
no,Oslo,Ski,2025-07-28,34.0,23,23,4245.0,0,13.926401940451473,0.19736842105263158,0.96875
no,Oslo,Ski,2025-07-28,35.0,5,5,4107.8,0.178936245,13.640220122304237,0.15789473684210525,1.0
no,Oslo,Ski,2025-07-28,36.0,3,3,6409.0,,9.0,0.052631578947368418,1.0
no,Oslo,Ski,2025-07-28,37.0,10,10,3888.5,0,15.6323197099211,0.3,0.92
no,Oslo,Ski,2025-07-28,38.0,21,21,5460.6190476190477,0.026008002,14.096847272937502,0.2982456140350877,0.94
no,Oslo,Ski,2025-07-28,39.0,3,2,7365.5,0,10.420384755240548,0.23529411764705882,1.0
no,Oslo,Ski,2025-07-28,47.0,3,3,5321.666666666667,0.426026336,17.499982596202528,0.25714285714285712,1.0
no,Oslo,Ski,2025-07-29,,3,2,2938.5,0,3.3157894736842106,0.21052631578947367,0.44444444444444442
no,Oslo,Ski,2025-07-29,22.0,1,1,2079.0,,2.7,0.0,1.0
no,Oslo,Ski,2025-07-29,23.0,2,2,1438.0,0,7.4395721429265453,0.15625,1.0
no,Oslo,Ski,2025-07-29,24.0,7,7,1756.1428571428571,0,9.5594040779798117,0.20370370370370369,1.0
no,Oslo,Ski,2025-07-29,25.0,3,3,4329.666666666667,0,9.6666666666666661,0.33333333333333331,1.0
no,Oslo,Ski,2025-07-29,26.0,7,7,2108.2857142857142,0,10.481159420289854,0.21739130434782608,0.95
no,Oslo,Ski,2025-07-29,27.0,7,7,2224.0,0,11.242003259429012,0.2608695652173913,0.97674418604651159
no,Oslo,Ski,2025-07-29,28.0,9,9,4516.1111111111113,0,8.6964018180321947,0.23809523809523808,0.96363636363636362
no,Oslo,Ski,2025-07-29,29.0,32,31,3776.6875,0.010906905,11.996196953981967,0.23333333333333334,0.99065420560747663
no,Oslo,Ski,2025-07-29,30.0,16,16,5067.6875,0,7.8485582064788044,0.2072072072072072,0.967032967032967
no,Oslo,Ski,2025-07-29,31.0,9,9,4436.2222222222226,0,11.976612209793018,0.21126760563380281,1.0
no,Oslo,Ski,2025-07-29,32.0,22,21,4450.2857142857147,0,11.880654093279121,0.26732673267326734,0.978021978021978
no,Oslo,Ski,2025-07-29,33.0,14,13,5942.7692307692305,0,11.051641160846762,0.1951219512195122,1.0
no,Oslo,Ski,2025-07-29,34.0,6,6,5695.833333333333,0,10.778531346668688,0.15189873417721519,0.974025974025974
no,Oslo,Ski,2025-07-29,35.0,2,2,10691.0,0,8.4593527027471609,0.17647058823529413,1.0
no,Oslo,Ski,2025-07-29,36.0,18,17,6098.666666666667,0,11.208445485214639,0.19607843137254902,1.0
no,Oslo,Ski,2025-07-29,37.0,10,10,4274.4,0,14.304844576731321,0.19230769230769232,1.0
no,Oslo,Ski,2025-07-29,39.0,9,9,7180.4444444444443,0,17.23321792066379,0.17142857142857143,0.9375
no,Oslo,Ski,2025-07-29,40.0,11,10,6530.5,0.510253317,16.256895726423586,0.16393442622950818,1.0
no,Oslo,Ski,2025-07-29,44.0,1,1,7110.0,0.670896114,12.771378412691515,0.04,1.0
no,Oslo,Ski,2025-07-29,50.0,4,3,7888.333333333333,0,19.821437828824649,0.068965517241379309,0.82608695652173914
no,Oslo,Ski,2025-07-30,,3,3,7076.0,0,0.0,0.15384615384615385,0.66666666666666663
no,Oslo,Ski,2025-07-30,17.0,1,1,851.0,0,7.3886329554018992,0.22222222222222221,1.0
no,Oslo,Ski,2025-07-30,18.0,1,1,81.0,0,8.59151781207276,0.071428571428571425,1.0
no,Oslo,Ski,2025-07-30,20.0,1,1,895.0,0,9.9,0.05,1.0
no,Oslo,Ski,2025-07-30,23.0,5,4,3090.6,0,8.046079709549069,0.2,1.0
no,Oslo,Ski,2025-07-30,24.0,4,3,2262.6666666666665,0,8.780165449295513,0.21276595744680851,1.0
no,Oslo,Ski,2025-07-30,25.0,6,6,1947.1666666666667,0,10.0,0.2,1.0
no,Oslo,Ski,2025-07-30,26.0,17,16,3281.4375,0,9.8372810599191745,0.25961538461538464,1.0
no,Oslo,Ski,2025-07-30,27.0,18,17,3354.0588235294117,0,9.3843506947006485,0.32941176470588235,0.9625
no,Oslo,Ski,2025-07-30,28.0,48,48,3449.7083333333335,0,10.11494138609857,0.23243243243243245,0.99358974358974361
no,Oslo,Ski,2025-07-30,29.0,10,10,5210.8,0,8.51887502287819,0.13333333333333333,0.96
no,Oslo,Ski,2025-07-30,30.0,20,19,4397.6842105263158,0,11.029207729123954,0.20202020202020202,0.9887640449438202
no,Oslo,Ski,2025-07-30,32.0,6,6,4519.833333333333,0,9.0,0.14705882352941177,1.0
no,Oslo,Ski,2025-07-30,33.0,26,26,4198.6153846153848,0.024654356,11.950882973907484,0.16883116883116883,0.99230769230769234
no,Oslo,Ski,2025-07-30,34.0,24,23,4692.130434782609,0,12.475004493453273,0.27472527472527475,0.97590361445783136
no,Oslo,Ski,2025-07-30,35.0,1,1,13593.0,0,7.7965602265659344,0.22222222222222221,1.0
no,Oslo,Ski,2025-07-30,36.0,2,2,8017.0,0,8.6888583951174034,0.1875,1.0
no,Oslo,Ski,2025-07-30,37.0,10,9,4266.666666666667,0.158155882,14.83766030652172,0.14285714285714285,0.93548387096774188
no,Oslo,Ski,2025-07-30,41.0,2,2,4849.0,0,9.7542172209975142,0.14285714285714285,1.0
no,Oslo,Ski,2025-07-31,,2,2,2471.5,0,0.0,0.083333333333333329,0.66666666666666663
no,Oslo,Ski,2025-07-31,16.0,1,1,483.0,0,18.0,0.2,1.0
no,Oslo,Ski,2025-07-31,20.0,1,1,1019.0,0,19.058823529411764,0.058823529411764705,1.0
no,Oslo,Ski,2025-07-31,23.0,3,3,1902.6666666666667,0,18.69199313836987,0.18181818181818182,1.0
no,Oslo,Ski,2025-07-31,24.0,3,3,1004.6666666666666,0,19.462306789537976,0.052631578947368418,1.0
no,Oslo,Ski,2025-07-31,25.0,6,6,2311.3333333333335,0,17.363942772836609,0.10256410256410256,1.0
no,Oslo,Ski,2025-07-31,26.0,7,7,3401.1428571428573,0,22.316312162020566,0.15384615384615385,1.0
no,Oslo,Ski,2025-07-31,27.0,10,10,2562.9,0,26.098035048462339,0.20588235294117646,0.96875
no,Oslo,Ski,2025-07-31,29.0,6,6,3703.8333333333335,0,20.743685685613581,0.29629629629629628,1.0
no,Oslo,Ski,2025-07-31,30.0,14,14,4592.6428571428569,0,22.8526332979879,0.16049382716049382,1.0
no,Oslo,Ski,2025-07-31,32.0,38,37,3870.6486486486488,0.019302097,26.342541330557726,0.256,0.98809523809523814
no,Oslo,Ski,2025-07-31,33.0,11,11,7277.636363636364,0,18.459430791778729,0.22916666666666666,1.0
no,Oslo,Ski,2025-07-31,34.0,14,13,5072.0,0,21.123586168028911,0.20238095238095238,0.96
no,Oslo,Ski,2025-07-31,35.0,9,7,3892.8888888888887,0,29.466755706786824,0.15151515151515152,1.0
no,Oslo,Ski,2025-07-31,36.0,9,9,6336.666666666667,0,27.428419435179652,0.13043478260869565,1.0
no,Oslo,Ski,2025-07-31,37.0,10,10,4978.4,0,22.270117296764493,0.24324324324324326,0.97142857142857142
no,Oslo,Ski,2025-07-31,39.0,10,10,4828.3,0.198735955,36.938094351590408,0.16666666666666666,1.0
no,Oslo,Ski,2025-07-31,40.0,30,26,4112.6428571428569,0.452745789,36.620024254601695,0.26989619377162632,0.983739837398374
no,Oslo,Ski,2025-07-31,44.0,6,6,5412.333333333333,0.328814872,28.593640225921938,0.30508474576271188,0.96153846153846156
no,Oslo,Ski,2025-07-31,45.0,1,1,11513.0,0,17.888781973233339,0.16666666666666666,1.0
no,Oslo,Ski,2025-07-31,46.0,9,9,3228.5555555555557,0.815509967,45.709131123257563,0.18421052631578946,1.0
no,Oslo,Ski,2026-06-01,,2,2,5046.0,0.177111717,32.307692307692307,0.076923076923076927,0.0
no,Oslo,Ski,2026-06-01,24.0,4,4,2376.0,0,11.171806330382273,0.095238095238095233,1.0
no,Oslo,Ski,2026-06-01,25.0,10,8,4870.25,0,8.9546396463536411,0.26315789473684209,1.0
no,Oslo,Ski,2026-06-01,26.0,3,3,3702.0,0,8.7978352931445389,0.2857142857142857,1.0
no,Oslo,Ski,2026-06-01,27.0,13,13,2385.3076923076924,0,10.702154817768978,0.29629629629629628,1.0
no,Oslo,Ski,2026-06-01,28.0,10,9,4633.2222222222226,0,8.5349426273429678,0.19696969696969696,1.0
no,Oslo,Ski,2026-06-01,29.0,9,9,5158.0,0,9.0,0.23214285714285715,1.0
no,Oslo,Ski,2026-06-01,30.0,32,32,4874.34375,0,11.511222851069379,0.23484848484848486,0.99212598425196852
no,Oslo,Ski,2026-06-01,31.0,23,23,5303.260869565217,0,11.561142076931773,0.17592592592592593,0.99019607843137258
no,Oslo,Ski,2026-06-01,32.0,18,18,4272.9444444444443,0,11.944726101531151,0.28947368421052633,0.98630136986301364
no,Oslo,Ski,2026-06-01,33.0,10,10,5904.1,0,9.4078431372549023,0.3235294117647059,1.0
no,Oslo,Ski,2026-06-01,34.0,17,16,5763.1176470588234,0,11.942131570898733,0.33333333333333331,1.0
no,Oslo,Ski,2026-06-01,35.0,10,10,4947.1,0,12.838348040110635,0.24324324324324326,1.0
no,Oslo,Ski,2026-06-01,36.0,10,9,4969.5,0,12.248856124328872,0.2857142857142857,1.0
no,Oslo,Ski,2026-06-01,37.0,17,17,8355.64705882353,0,11.787564152294374,0.21739130434782608,1.0
no,Oslo,Ski,2026-06-01,39.0,14,14,5769.0714285714284,0.039345035,15.590404345495752,0.17647058823529413,1.0
no,Oslo,Ski,2026-06-01,40.0,9,5,7568.6,0,15.256025532059189,0.13513513513513514,0.94285714285714284
no,Oslo,Ski,2026-06-01,45.0,5,5,6691.2,0.159511229,19.499834642418016,0.14285714285714285,1.0
no,Oslo,Ski,2026-06-01,48.0,7,7,5750.1428571428569,0,14.721976050916046,0.22222222222222221,0.97142857142857142
no,Oslo,Ski,2026-06-02,,1,1,6317.0,0,0.0,0.0,0.0
no,Oslo,Ski,2026-06-02,25.0,3,3,3861.3333333333335,,5.1372678423063967,0.25714285714285712,1.0
no,Oslo,Ski,2026-06-02,26.0,2,2,2055.5,0,12.137719529717586,0.1111111111111111,1.0
no,Oslo,Ski,2026-06-02,27.0,3,3,3783.6666666666665,0,8.86135777095886,0.14285714285714285,1.0
no,Oslo,Ski,2026-06-02,28.0,14,14,5522.5714285714284,0,8.2205553816485875,0.19658119658119658,0.98230088495575218
no,Oslo,Ski,2026-06-02,29.0,25,25,5060.36,0,9.2573301030975124,0.13636363636363635,0.98639455782312924
no,Oslo,Ski,2026-06-02,30.0,10,10,3131.2,0,13.685093162565796,0.13333333333333333,1.0
no,Oslo,Ski,2026-06-02,31.0,50,50,5064.46,0,9.7854682746787791,0.27835051546391754,0.98930481283422456
no,Oslo,Ski,2026-06-02,32.0,17,17,5770.1176470588234,0,10.523982509690216,0.18604651162790697,1.0
no,Oslo,Ski,2026-06-02,33.0,32,30,4598.4333333333334,0,11.917435424735228,0.23841059602649006,0.986013986013986
no,Oslo,Ski,2026-06-02,34.0,9,9,4593.1111111111113,0.123500666,14.060368849584247,0.26190476190476192,0.975609756097561
no,Oslo,Ski,2026-06-02,35.0,2,2,6752.5,0,9.75424581409011,0.0,1.0
no,Oslo,Ski,2026-06-02,36.0,21,21,7632.3809523809523,0,12.202218867597068,0.32786885245901637,1.0
no,Oslo,Ski,2026-06-02,37.0,7,7,5046.2857142857147,0,16.381372778500943,0.3125,1.0
no,Oslo,Ski,2026-06-02,42.0,2,2,3180.5,0.112824675,21.512749099951623,0.10526315789473684,0.94444444444444442
no,Oslo,Ski,2026-06-03,,1,1,11547.0,0,10.087873366058469,0.071428571428571425,1.0
no,Oslo,Ski,2026-06-03,16.0,2,2,9494.0,0,6.1100006903461859,0.3,1.0
no,Oslo,Ski,2026-06-03,25.0,3,3,2624.3333333333335,0,12.603601455699518,0.2608695652173913,1.0
no,Oslo,Ski,2026-06-03,26.0,16,16,3579.5625,0,8.7870237622080172,0.25,1.0
no,Oslo,Ski,2026-06-03,27.0,10,10,2555.8,0.040696455,10.505900909668043,0.15094339622641509,1.0
no,Oslo,Ski,2026-06-03,28.0,13,13,3470.1538461538462,0,11.302867581791062,0.2857142857142857,0.98461538461538467
no,Oslo,Ski,2026-06-03,29.0,31,31,6168.677419354839,0,9.6655065597031289,0.27927927927927926,0.9719626168224299
no,Oslo,Ski,2026-06-03,31.0,24,24,4048.4583333333335,0.024450109,10.808491112540093,0.30526315789473685,0.978021978021978
no,Oslo,Ski,2026-06-03,32.0,8,8,3312.0,0,11.988212372311656,0.21428571428571427,1.0
no,Oslo,Ski,2026-06-03,33.0,16,16,3575.625,0.013493906,13.019993675274611,0.14634146341463414,1.0
no,Oslo,Ski,2026-06-03,34.0,29,29,5324.5517241379312,0,12.478431686648868,0.31775700934579437,1.0
no,Oslo,Ski,2026-06-03,35.0,5,5,3768.6,0,16.679764405490516,0.30434782608695654,1.0
no,Oslo,Ski,2026-06-03,36.0,27,26,2992.1111111111113,0.032297552,16.337237183963371,0.313953488372093,0.98795180722891562
no,Oslo,Ski,2026-06-03,37.0,9,9,8175.333333333333,0,10.629021408061524,0.18461538461538463,0.9838709677419355
no,Oslo,Ski,2026-06-03,38.0,12,11,6128.0,0,11.826201972929528,0.098360655737704916,0.98333333333333328
no,Oslo,Ski,2026-06-03,39.0,2,2,4437.5,0.135365854,18.322969918824832,0.23529411764705882,1.0
no,Oslo,Ski,2026-06-03,41.0,4,4,6079.0,0.144277194,15.358003392747369,0.2857142857142857,0.97058823529411764
no,Oslo,Ski,2026-06-03,44.0,16,16,4660.125,0.14828629,19.502346314498787,0.358974358974359,1.0
no,Oslo,Ski,2026-06-03,45.0,14,13,3675.3571428571427,0.481386646,22.604055528249496,0.32692307692307693,1.0
no,Oslo,Ski,2026-06-03,46.0,11,10,4377.636363636364,0.496137132,21.71519119050209,0.23076923076923078,1.0
no,Oslo,Ski,2026-06-03,47.0,8,8,5617.125,0.455174322,18.909947920379679,0.41666666666666669,1.0
no,Oslo,Ski,2026-06-04,,1,1,2809.0,0,0.0,0.0,0.0
no,Oslo,Ski,2026-06-04,21.0,2,2,1585.5,0,9.0,0.2857142857142857,1.0
no,Oslo,Ski,2026-06-04,23.0,6,6,1810.6666666666667,0,10.477613666813877,0.24324324324324326,1.0
no,Oslo,Ski,2026-06-04,25.0,2,2,1077.5,0,13.639257470787951,0.058823529411764705,1.0
no,Oslo,Ski,2026-06-04,27.0,8,8,4170.75,0,8.5306969534933774,0.3188405797101449,0.98484848484848486
no,Oslo,Ski,2026-06-04,28.0,8,8,4083.75,0,12.419530613584106,0.15,1.0
no,Oslo,Ski,2026-06-04,29.0,9,9,3632.8888888888887,0,11.590553669793188,0.2,1.0
no,Oslo,Ski,2026-06-04,30.0,13,13,5305.0769230769229,0,10.660614452386628,0.23529411764705882,1.0
no,Oslo,Ski,2026-06-04,31.0,9,9,6236.1111111111113,0,8.8386728358256939,0.19607843137254902,1.0
no,Oslo,Ski,2026-06-04,32.0,28,27,4805.4444444444443,0.027034214,12.485816386521121,0.16,1.0
no,Oslo,Ski,2026-06-04,33.0,26,25,5946.76,0,15.330728021038261,0.28421052631578947,0.96666666666666667
no,Oslo,Ski,2026-06-04,34.0,13,13,5220.3076923076924,0,11.685801194855554,0.23809523809523808,0.98780487804878048
no,Oslo,Ski,2026-06-04,35.0,13,12,5718.666666666667,0.040078973,14.641048255792187,0.31168831168831168,1.0
no,Oslo,Ski,2026-06-04,36.0,24,23,4259.666666666667,0,13.350807310991625,0.22448979591836735,1.0
no,Oslo,Ski,2026-06-04,37.0,20,20,6752.5,0.045236606,12.539554455112741,0.22330097087378642,0.98989898989899
no,Oslo,Ski,2026-06-04,38.0,13,13,4943.4615384615381,0,15.111932029952163,0.29411764705882354,1.0
no,Oslo,Ski,2026-06-04,39.0,14,14,5253.5714285714284,0.038480392,17.245492886722708,0.18181818181818182,0.98412698412698407
no,Oslo,Ski,2026-06-04,41.0,5,5,5540.4,0,19.881857777197293,0.13636363636363635,1.0
no,Oslo,Ski,2026-06-04,42.0,10,10,4359.0,0.114274494,18.465776898598691,0.27027027027027029,1.0
no,Oslo,Ski,2026-06-04,44.0,5,5,9837.2,0.126240164,19.106109308377924,0.0625,0.9285714285714286
no,Oslo,Ski,2026-06-05,,2,1,7274.0,0,16.727141566925571,0.083333333333333329,0.58333333333333337
no,Oslo,Ski,2026-06-05,27.0,13,13,2712.6153846153848,0,8.9333391353474685,0.30612244897959184,1.0
no,Oslo,Ski,2026-06-05,28.0,40,40,4221.35,0,8.76691586340092,0.22777777777777777,0.98830409356725146
no,Oslo,Ski,2026-06-05,29.0,41,41,3981.6585365853657,0,9.5374875329260647,0.29378531073446329,0.98843930635838151
no,Oslo,Ski,2026-06-05,30.0,26,26,5909.2307692307695,0,8.06544983852494,0.22818791946308725,0.98611111111111116
no,Oslo,Ski,2026-06-05,31.0,13,13,5975.5384615384619,0,8.6051683242322969,0.23214285714285715,0.98181818181818181
no,Oslo,Ski,2026-06-05,32.0,66,65,5045.4615384615381,0,11.11720920612793,0.29657794676806082,0.99604743083003955
no,Oslo,Ski,2026-06-05,33.0,6,6,4345.5,0,17.25005392924297,0.34782608695652173,1.0
no,Oslo,Ski,2026-06-05,34.0,15,15,4792.2666666666664,0,11.305792785115591,0.33333333333333331,0.97916666666666663
no,Oslo,Ski,2026-06-05,35.0,11,11,5155.454545454545,0,15.739603205737195,0.19148936170212766,0.93478260869565222
no,Oslo,Ski,2026-06-05,36.0,6,6,7870.333333333333,0.120750293,13.7658932931992,0.20689655172413793,1.0
no,Oslo,Ski,2026-06-05,37.0,4,4,4342.5,0.234203297,21.328860730501255,0.18181818181818182,1.0
no,Oslo,Ski,2026-06-05,38.0,3,3,7851.0,0.145325203,14.81681575258683,0.045454545454545456,0.95454545454545459
no,Oslo,Ski,2026-06-05,39.0,24,24,6186.0,0,14.844179708418379,0.26506024096385544,1.0
no,Oslo,Ski,2026-06-05,40.0,3,3,8860.0,0,14.288804114500106,0.26470588235294118,0.96551724137931039
no,Oslo,Ski,2026-06-05,45.0,4,4,4651.75,0.955710956,19.771577008387993,0.16666666666666666,1.0
no,Oslo,Ski,2026-06-05,52.0,3,3,3090.6666666666665,0.407630522,24.621558070852384,0.1111111111111111,1.0
no,Oslo,Ski,2026-06-05,63.0,3,3,6920.666666666667,0.220588235,22.34464596116656,0.066666666666666666,1.0
no,Oslo,Ski,2026-06-06,,1,1,1840.0,,0.0,0.0,0.0
no,Oslo,Ski,2026-06-06,14.0,4,4,6099.0,0,8.3733802433228082,0.5,1.0
no,Oslo,Ski,2026-06-06,23.0,10,10,2895.4,0,7.6118563682964515,0.25714285714285712,1.0
no,Oslo,Ski,2026-06-06,24.0,11,11,3873.6363636363635,0,8.2867985989549915,0.11290322580645161,1.0
no,Oslo,Ski,2026-06-06,25.0,4,4,3565.25,0,8.0562743424744845,0.2,1.0
no,Oslo,Ski,2026-06-06,26.0,31,31,4127.1290322580644,0,7.33341629576457,0.26178010471204188,0.99456521739130432
no,Oslo,Ski,2026-06-06,27.0,30,30,4349.8666666666668,0,9.4890541637804233,0.24038461538461539,0.96969696969696972
no,Oslo,Ski,2026-06-06,28.0,68,66,3601.318181818182,0,7.8708548757659909,0.29729729729729731,0.98804780876494025
no,Oslo,Ski,2026-06-06,29.0,48,48,4891.416666666667,0,8.0831885927171658,0.2967032967032967,0.97714285714285709
no,Oslo,Ski,2026-06-06,30.0,13,13,4066.6923076923076,0,8.1567718036238546,0.33333333333333331,0.984375
no,Oslo,Ski,2026-06-06,31.0,19,19,5535.4736842105267,0,10.363739393934006,0.26582278481012656,0.972972972972973
no,Oslo,Ski,2026-06-06,32.0,35,35,4744.5714285714284,0.012742126,10.707848676283016,0.27906976744186046,1.0
no,Oslo,Ski,2026-06-06,33.0,14,14,5138.6428571428569,0,10.554008995208687,0.24390243902439024,0.975
no,Oslo,Ski,2026-06-06,34.0,4,4,6972.5,0,9.0,0.3,1.0
no,Oslo,Ski,2026-06-06,35.0,8,6,10107.142857142857,0,7.8650212717329619,0.16071428571428573,0.92592592592592593
no,Oslo,Ski,2026-06-06,38.0,2,2,3745.0,0,9.0,0.14285714285714285,1.0
no,Oslo,Ski,2026-06-06,39.0,1,1,11995.0,0,9.0,0.18181818181818182,1.0
no,Oslo,Ski,2026-06-07,,5,3,3872.6666666666665,0,4.4928059990829619,0.13157894736842105,0.3611111111111111
no,Oslo,Ski,2026-06-07,22.0,6,5,3754.8,0,7.087551862121626,0.18867924528301888,0.82692307692307687
no,Oslo,Ski,2026-06-07,23.0,4,4,4188.75,0,8.3520424573536687,0.15625,1.0
no,Oslo,Ski,2026-06-07,25.0,4,4,4573.0,0,8.0060573904676762,0.18181818181818182,0.63636363636363635
no,Oslo,Ski,2026-06-07,26.0,39,39,4329.25641025641,0,8.80773461701734,0.25396825396825395,0.98369565217391308
no,Oslo,Ski,2026-06-07,28.0,20,20,4902.9,0,8.9904569913222172,0.26984126984126983,1.0
no,Oslo,Ski,2026-06-07,29.0,8,8,5017.25,0,11.397311186340062,0.20512820512820512,1.0
no,Oslo,Ski,2026-06-07,30.0,75,73,4310.905405405405,0,10.837234048773468,0.30067567567567566,0.98943661971830987
no,Oslo,Ski,2026-06-07,31.0,46,45,4576.3555555555558,0,11.257092639003249,0.2857142857142857,0.94318181818181823
no,Oslo,Ski,2026-06-07,32.0,13,13,4597.7692307692305,0,11.110199493606713,0.31343283582089554,0.984375
no,Oslo,Ski,2026-06-07,33.0,49,47,5232.5957446808507,0,12.273212623974381,0.31952662721893493,0.96913580246913578
no,Oslo,Ski,2026-06-07,35.0,3,3,11613.333333333334,0,7.3821635299185955,0.25,1.0
no,Oslo,Ski,2026-06-07,36.0,20,19,4476.333333333333,0.030140257,13.566852708823463,0.25301204819277107,0.96296296296296291
no,Oslo,Ski,2026-06-07,37.0,31,25,5508.16,0.094549101,15.197483550128611,0.25,0.97468354430379744
no,Oslo,Ski,2026-06-07,39.0,46,41,4590.8536585365855,0.081699937,18.213212909001591,0.28658536585365851,0.99367088607594933
no,Oslo,Ski,2026-06-07,40.0,26,26,3734.5384615384614,0.31679707,21.405528057068764,0.24761904761904763,0.97
no,Oslo,Ski,2026-06-07,42.0,14,14,4728.5,0.256175663,21.317953892332326,0.24,1.0
no,Oslo,Ski,2026-06-07,43.0,13,13,5556.0,0.3088363,23.370979635793173,0.27083333333333331,0.90909090909090906
no,Oslo,Ski,2026-06-07,44.0,8,8,5128.25,0.350591429,21.819155183035967,0.20588235294117646,0.97058823529411764
no,Oslo,Ski,2026-06-08,,2,2,6021.5,0,1.0588235294117647,0.058823529411764705,0.23529411764705882
no,Oslo,Ski,2026-06-08,21.0,5,5,1322.0,0,9.4,0.2,0.93103448275862066
no,Oslo,Ski,2026-06-08,22.0,5,5,2749.2,0,9.6045318430481554,0.14705882352941177,0.96875
no,Oslo,Ski,2026-06-08,24.0,6,6,3199.0,0,9.1472011966246569,0.20454545454545456,1.0
no,Oslo,Ski,2026-06-08,26.0,10,10,4232.0,0,11.067853845720757,0.38461538461538464,1.0
no,Oslo,Ski,2026-06-08,27.0,17,16,3438.1176470588234,0,10.700155548245036,0.16483516483516483,0.9885057471264368
no,Oslo,Ski,2026-06-08,28.0,18,18,6125.5,0,9.100605806826179,0.24358974358974358,0.98648648648648651
no,Oslo,Ski,2026-06-08,29.0,23,23,4168.130434782609,0,9.6685068488507664,0.2537313432835821,1.0
no,Oslo,Ski,2026-06-08,30.0,15,14,4333.6,0,9.7204230754061864,0.2,0.96590909090909094
no,Oslo,Ski,2026-06-08,31.0,11,11,5321.0,0,10.993812872869315,0.25862068965517243,1.0
no,Oslo,Ski,2026-06-08,32.0,20,20,5645.15,0,11.039664985080252,0.2247191011235955,0.97727272727272729
no,Oslo,Ski,2026-06-08,33.0,17,16,5415.125,0,11.276904228955351,0.22784810126582278,0.98684210526315785
no,Oslo,Ski,2026-06-08,34.0,16,16,7240.8125,0,10.012488027676754,0.25287356321839083,0.97590361445783136
no,Oslo,Ski,2026-06-08,35.0,10,10,6129.6,0,10.56375792513372,0.24528301886792453,1.0
no,Oslo,Ski,2026-06-08,36.0,12,12,5415.75,0,9.6168862289644164,0.20270270270270271,0.98550724637681164
no,Oslo,Ski,2026-06-09,20.0,2,2,1002.5,0,8.95258965789452,0.14285714285714285,1.0
no,Oslo,Ski,2026-06-09,24.0,2,2,3648.5,,9.5624187691505,0.11764705882352941,1.0
no,Oslo,Ski,2026-06-09,26.0,3,3,5157.333333333333,0,8.0499981178553437,0.2857142857142857,1.0
no,Oslo,Ski,2026-06-09,27.0,22,22,3326.2727272727275,0,10.557288561983802,0.20161290322580644,0.99173553719008267
no,Oslo,Ski,2026-06-09,28.0,28,27,4106.5925925925922,0,10.003866897646642,0.24836601307189543,0.99319727891156462
no,Oslo,Ski,2026-06-09,29.0,4,4,3985.0,0,7.71514811049666,0.045454545454545456,1.0
no,Oslo,Ski,2026-06-09,30.0,19,19,5590.7368421052633,0,8.8925561180066133,0.20987654320987653,0.98648648648648651
no,Oslo,Ski,2026-06-09,31.0,46,44,4903.0888888888885,0,10.289492644338964,0.23333333333333334,0.9885057471264368
no,Oslo,Ski,2026-06-09,32.0,15,15,6142.8,0,10.538476309505016,0.22580645161290322,0.97752808988764039
no,Oslo,Ski,2026-06-09,33.0,17,16,4906.375,0,8.8182694320436763,0.21276595744680851,0.9887640449438202
no,Oslo,Ski,2026-06-09,34.0,24,24,4572.708333333333,0,13.67702847392593,0.30769230769230771,1.0
no,Oslo,Ski,2026-06-09,35.0,28,27,5268.7777777777774,0,12.822122025371289,0.27586206896551724,1.0
no,Oslo,Ski,2026-06-09,38.0,2,2,11642.0,0,12.395733396262818,0.066666666666666666,1.0
no,Oslo,Ski,2026-06-09,39.0,9,9,6013.7777777777774,0.06079627,16.732437880727883,0.16,1.0
no,Oslo,Ski,2026-06-09,42.0,4,4,7836.5,0,12.297016781156232,0.11627906976744186,1.0
no,Oslo,Ski,2026-06-09,48.0,2,2,10549.5,0,14.761434498614587,0.19444444444444445,1.0
no,Oslo,Ski,2026-06-10,,7,7,5195.2857142857147,0,0.0,0.12244897959183673,0.12244897959183673
no,Oslo,Ski,2026-06-10,22.0,4,4,2899.25,0,9.0967741935483879,0.064516129032258063,0.9642857142857143
no,Oslo,Ski,2026-06-10,24.0,4,4,1372.5,0,9.382225476928518,0.22222222222222221,1.0
no,Oslo,Ski,2026-06-10,25.0,9,9,2454.0,0,10.304675705421415,0.21590909090909091,0.98809523809523814
no,Oslo,Ski,2026-06-10,26.0,7,7,4620.7142857142853,0,9.00515026889054,0.28888888888888886,1.0
no,Oslo,Ski,2026-06-10,27.0,7,6,3673.5,0,8.6048540067980959,0.23333333333333334,1.0
no,Oslo,Ski,2026-06-10,28.0,6,6,2943.1666666666665,0,9.4820316993527722,0.15625,1.0
no,Oslo,Ski,2026-06-10,29.0,2,2,5240.0,0,11.831441125295717,0.2857142857142857,1.0
no,Oslo,Ski,2026-06-10,30.0,14,14,4028.0,0,8.8974308254886374,0.22352941176470589,0.98780487804878048
no,Oslo,Ski,2026-06-10,31.0,27,26,3865.3846153846152,0,11.303936364120466,0.22058823529411764,0.98449612403100772
no,Oslo,Ski,2026-06-10,32.0,13,13,6148.6923076923076,0,9.9735237279193889,0.26666666666666666,0.98648648648648651
no,Oslo,Ski,2026-06-10,33.0,34,34,4188.14705882353,0.017597125,13.662929395002521,0.2013888888888889,0.98550724637681164
no,Oslo,Ski,2026-06-10,34.0,8,8,4376.25,0,13.371767375213111,0.22222222222222221,1.0
no,Oslo,Ski,2026-06-10,35.0,12,11,6006.818181818182,0,11.125759473510746,0.27142857142857141,1.0
no,Oslo,Ski,2026-06-10,36.0,11,11,3808.5454545454545,0,15.365303340203086,0.4,1.0
no,Oslo,Ski,2026-06-10,37.0,35,35,6185.028571428571,0,12.023586202357967,0.24778761061946902,0.9907407407407407
no,Oslo,Ski,2026-06-10,38.0,4,4,6611.5,0,16.654014239884269,0.17241379310344829,0.96153846153846156
no,Oslo,Ski,2026-06-10,39.0,16,16,7168.3125,0,14.414205951130148,0.19607843137254902,1.0
no,Oslo,Ski,2026-06-10,40.0,7,6,6218.333333333333,0,9.0,0.33333333333333331,1.0
no,Oslo,Ski,2026-06-10,42.0,2,2,9875.0,0,14.809091387701207,0.055555555555555552,1.0
no,Oslo,Ski,2026-06-10,45.0,1,1,7192.0,0.258005489,18.361138726678004,0.1111111111111111,1.0
no,Oslo,Ski,2026-06-10,49.0,2,2,13370.0,0.097658863,17.946090613310844,0.18181818181818182,1.0
no,Oslo,Ski,2026-06-10,52.0,3,3,7173.333333333333,0.11041883,20.599575853522165,0.21428571428571427,1.0
no,Oslo,Ski,2026-06-11,,5,5,5952.2,0,0.0,0.064516129032258063,0.066666666666666666
no,Oslo,Ski,2026-06-11,21.0,3,3,1425.0,0,8.925740838823863,0.095238095238095233,1.0
no,Oslo,Ski,2026-06-11,22.0,1,1,906.0,,9.0,0.16666666666666666,1.0
no,Oslo,Ski,2026-06-11,25.0,2,2,3294.0,0,9.0,0.047619047619047616,1.0
no,Oslo,Ski,2026-06-11,29.0,4,4,3266.75,0,13.585202159488539,0.07407407407407407,1.0
no,Oslo,Ski,2026-06-11,30.0,4,4,4733.25,0,10.0,0.22222222222222221,0.94444444444444442
no,Oslo,Ski,2026-06-11,31.0,5,5,5092.0,0,10.848937259342851,0.090909090909090912,1.0
no,Oslo,Ski,2026-06-11,32.0,11,10,3641.0,0.102668213,14.632141376775905,0.21794871794871795,1.0
no,Oslo,Ski,2026-06-11,34.0,7,7,2241.2857142857142,0,17.630324316702826,0.21875,0.967741935483871
no,Oslo,Ski,2026-06-11,35.0,35,35,3872.5714285714284,0.025012618,15.62935754471928,0.25362318840579712,0.9925373134328358
no,Oslo,Ski,2026-06-11,36.0,33,33,3617.2727272727275,0.074124529,17.179126722830485,0.37226277372262773,0.96946564885496178
no,Oslo,Ski,2026-06-11,37.0,2,2,3360.5,0.395171537,18.672135843352951,0.066666666666666666,1.0
no,Oslo,Ski,2026-06-11,38.0,19,18,4877.666666666667,0.058757062,16.224106414303414,0.14473684210526316,0.97142857142857142
no,Oslo,Ski,2026-06-11,39.0,31,31,5521.7096774193551,0.058783032,16.678378291604197,0.24731182795698925,0.97752808988764039
no,Oslo,Ski,2026-06-11,40.0,14,14,5125.7857142857147,0.079149769,16.597656036286981,0.2247191011235955,1.0
no,Oslo,Ski,2026-06-11,41.0,10,10,5079.6,0.078789094,18.952414718644512,0.22,1.0
no,Oslo,Ski,2026-06-11,42.0,27,27,5484.2592592592591,0.026702842,18.073198035209852,0.34523809523809523,1.0
no,Oslo,Ski,2026-06-11,43.0,1,1,2109.0,0.5,20.778575822740212,0.086956521739130432,1.0
no,Oslo,Ski,2026-06-11,44.0,8,6,2312.6666666666665,0.68779501,25.265819516232757,0.1111111111111111,0.94117647058823528
no,Oslo,Ski,2026-06-11,46.0,13,12,6738.166666666667,0.027872116,18.421786845054452,0.2608695652173913,0.97727272727272729
no,Oslo,Ski,2026-06-11,47.0,7,7,7501.4285714285716,0.125676721,18.976149359408339,0.11627906976744186,0.95
no,Oslo,Ski,2026-06-11,48.0,15,13,5793.4615384615381,0.296753844,24.07763346275722,0.26923076923076922,0.91489361702127658
no,Oslo,Ski,2026-06-11,52.0,4,4,6789.0,0.232667877,23.811242964382583,0.14285714285714285,1.0
no,Oslo,Ski,2026-06-12,,3,3,3207.6666666666665,0,10.588235294117647,0.11764705882352941,0.0625
no,Oslo,Ski,2026-06-12,27.0,1,1,3362.0,,14.010005035153775,0.1111111111111111,1.0
no,Oslo,Ski,2026-06-12,28.0,8,8,2705.0,0,9.525,0.275,0.975
no,Oslo,Ski,2026-06-12,31.0,21,21,4238.25,0,10.596923305364255,0.3,1.0
no,Oslo,Ski,2026-06-12,33.0,8,8,3704.0,0.056095979,12.909911725012151,0.27027027027027029,1.0
no,Oslo,Ski,2026-06-12,34.0,25,25,4444.4,0.045026008,12.493424397405555,0.24390243902439024,1.0
no,Oslo,Ski,2026-06-12,35.0,23,23,4661.739130434783,0,13.075179913673727,0.27956989247311825,0.978021978021978
no,Oslo,Ski,2026-06-12,36.0,12,12,4575.833333333333,0,11.624361133314563,0.30769230769230771,1.0
no,Oslo,Ski,2026-06-12,37.0,20,20,6280.9,0,12.531961478225291,0.26315789473684209,1.0
no,Oslo,Ski,2026-06-12,38.0,75,73,5658.9189189189192,0.049063,16.223386070179156,0.31528662420382164,0.99013157894736847
no,Oslo,Ski,2026-06-12,39.0,3,3,3280.0,0.402464066,20.799522838916747,0.17391304347826086,1.0
no,Oslo,Ski,2026-06-12,40.0,26,26,6093.3461538461543,0.124600824,16.657421784293376,0.31,0.94897959183673475
no,Oslo,Ski,2026-06-12,41.0,15,12,3330.4166666666665,0.464522417,21.443542758479282,0.23287671232876711,0.92647058823529416
no,Oslo,Ski,2026-06-12,42.0,10,9,8709.5555555555547,0.031064823,16.107600803344479,0.29268292682926828,1.0
no,Oslo,Ski,2026-06-12,43.0,3,3,2537.0,0.193205945,17.001243222282785,0.20833333333333334,1.0
no,Oslo,Ski,2026-06-12,44.0,25,25,4240.36,0.262211801,20.962854458823326,0.32558139534883723,1.0
no,Oslo,Ski,2026-06-12,45.0,22,22,4248.272727272727,0.292639138,22.286123286440169,0.31147540983606559,1.0
no,Oslo,Ski,2026-06-12,46.0,30,30,5199.8666666666668,0.344469704,22.241434831629181,0.30851063829787234,0.9885057471264368
no,Oslo,Ski,2026-06-12,47.0,14,13,7229.2307692307695,0.15973513,22.715913533648997,0.2,1.0
no,Oslo,Ski,2026-06-12,48.0,16,16,4844.9375,0.251664323,23.687399220314937,0.15555555555555556,0.97777777777777775
no,Oslo,Ski,2026-06-12,51.0,7,7,4070.8571428571427,0.406948559,21.74710313775709,0.15277777777777779,0.98571428571428577
no,Oslo,Ski,2026-06-12,56.0,1,1,10951.0,0.168287938,20.66557035279466,0.23809523809523808,0.95238095238095233
no,Oslo,Ski,2026-06-12,67.0,2,2,12635.0,0.168206125,22.057759534315323,0.086956521739130432,1.0
no,Oslo,Ski,2026-06-13,22.0,2,2,4376.0,0,4.0811426659301624,0.23076923076923078,1.0
no,Oslo,Ski,2026-06-13,24.0,5,5,2769.6,0,8.4496751959171128,0.13461538461538461,1.0
no,Oslo,Ski,2026-06-13,25.0,9,9,3056.4444444444443,0,9.41403926386015,0.18181818181818182,1.0
no,Oslo,Ski,2026-06-13,26.0,5,5,4181.0,0,7.7752843209482432,0.29032258064516131,1.0
no,Oslo,Ski,2026-06-13,28.0,2,2,4052.0,0,8.2127606346563571,0.1111111111111111,1.0
no,Oslo,Ski,2026-06-13,29.0,33,32,4857.5625,0,9.43156164376071,0.23880597014925373,1.0
no,Oslo,Ski,2026-06-13,30.0,20,20,4146.35,0,8.2875475654072037,0.43283582089552236,1.0
no,Oslo,Ski,2026-06-13,31.0,10,10,5630.1,0,11.781115177825551,0.29629629629629628,0.96202531645569622
no,Oslo,Ski,2026-06-13,32.0,26,26,4546.9230769230771,0,11.317056330097369,0.42222222222222222,1.0
no,Oslo,Ski,2026-06-13,33.0,39,38,4830.4615384615381,0,11.932451833105743,0.25595238095238093,0.98203592814371254
no,Oslo,Ski,2026-06-13,35.0,7,6,7312.833333333333,0,15.49404519344475,0.23076923076923078,0.92105263157894735
no,Oslo,Ski,2026-06-13,36.0,22,22,6743.363636363636,0,13.858432359940609,0.2696629213483146,1.0
no,Oslo,Ski,2026-06-13,37.0,20,19,5995.6315789473683,0,13.137612040057176,0.28235294117647058,0.975
no,Oslo,Ski,2026-06-13,38.0,25,25,4903.16,0.020280159,14.70590250688328,0.24210526315789474,0.97826086956521741
no,Oslo,Ski,2026-06-13,40.0,24,23,5489.826086956522,0.039079911,17.481095731551704,0.27956989247311825,0.97727272727272729
no,Oslo,Ski,2026-06-13,41.0,7,7,5963.5714285714284,0.349485714,19.378085430161079,0.30232558139534882,1.0
no,Oslo,Ski,2026-06-13,42.0,18,18,5862.7777777777774,0.007996879,17.168121356924622,0.21428571428571427,1.0
no,Oslo,Ski,2026-06-13,43.0,10,9,5619.0,0,17.354500492104659,0.16666666666666666,0.93103448275862066
no,Oslo,Ski,2026-06-13,44.0,10,10,6649.5,0.234665428,19.371440067194268,0.2,0.96875
no,Oslo,Ski,2026-06-13,45.0,2,2,2510.0,0.520775623,21.979358886037396,0.16666666666666666,1.0
no,Oslo,Ski,2026-06-13,46.0,11,11,4888.0,0.22854799,20.09444199520253,0.19696969696969696,1.0
no,Oslo,Ski,2026-06-13,47.0,5,5,3621.4,0.39370438,20.4208820917372,0.23255813953488372,0.975609756097561
no,Oslo,Ski,2026-06-13,50.0,7,7,4909.5714285714284,0.22697201,21.285237780701255,0.3,1.0
no,Oslo,Ski,2026-06-13,52.0,11,10,4291.363636363636,0.304285968,22.221903643180241,0.1891891891891892,1.0
no,Oslo,Ski,2026-06-14,,2,2,4919.5,0,0.0,0.0,0.125
no,Oslo,Ski,2026-06-14,27.0,8,8,3172.0,0,11.669053290064989,0.1951219512195122,1.0
no,Oslo,Ski,2026-06-14,29.0,32,31,4469.8387096774195,0,12.184535376252066,0.2413793103448276,0.98198198198198194
no,Oslo,Ski,2026-06-14,30.0,25,25,7801.44,0,9.8741504265284927,0.23780487804878048,0.9
no,Oslo,Ski,2026-06-14,31.0,49,48,4995.0,0,11.364805182580479,0.27536231884057971,0.92574257425742579
no,Oslo,Ski,2026-06-14,32.0,30,29,3723.8275862068967,0.036129407,11.488641614915377,0.27131782945736432,0.99212598425196852
no,Oslo,Ski,2026-06-14,33.0,67,65,4591.1846153846154,0,13.644656662662131,0.28404669260700388,0.984
no,Oslo,Ski,2026-06-14,34.0,29,28,5430.4642857142853,0.032328995,12.263474626138564,0.2361111111111111,0.97163120567375882
no,Oslo,Ski,2026-06-14,35.0,33,33,5110.363636363636,0,13.219031363095612,0.3475177304964539,0.9928057553956835
no,Oslo,Ski,2026-06-14,36.0,80,76,6205.12987012987,0,13.24610326719705,0.2558139534883721,0.95932203389830506
no,Oslo,Ski,2026-06-14,37.0,18,17,5586.2941176470586,0,16.000464964866406,0.25287356321839083,0.93902439024390238
no,Oslo,Ski,2026-06-14,38.0,19,19,4842.105263157895,0.060313748,14.908457790244679,0.2125,0.82051282051282048
no,Oslo,Ski,2026-06-14,39.0,33,32,5860.272727272727,0,16.091576681245979,0.33620689655172414,1.0
no,Oslo,Ski,2026-06-14,42.0,26,26,7199.6538461538457,0.010863071,15.492658682519568,0.29292929292929293,0.94680851063829785
no,Oslo,Ski,2026-06-14,46.0,3,3,3679.6666666666665,0.405046481,43.007120565514825,0.22222222222222221,0.44444444444444442
no,Oslo,Ski,2026-06-15,,1,1,1465.0,0,0.0,0.18181818181818182,0.3
no,Oslo,Ski,2026-06-15,17.0,1,1,837.0,0,8.9055969841007467,0.16666666666666666,0.94444444444444442
no,Oslo,Ski,2026-06-15,23.0,3,3,2070.0,0,9.1482705631622387,0.22580645161290322,0.9642857142857143
no,Oslo,Ski,2026-06-15,24.0,10,10,3061.2,0,8.7162336363711983,0.22580645161290322,0.98333333333333328
no,Oslo,Ski,2026-06-15,26.0,6,6,3405.1666666666665,0,9.4685812877051365,0.22580645161290322,1.0
no,Oslo,Ski,2026-06-15,28.0,2,2,1484.0,0,14.669125954734229,0.090909090909090912,0.95
no,Oslo,Ski,2026-06-15,29.0,18,17,5141.1764705882351,0,8.9135470009072417,0.32926829268292684,0.9875
no,Oslo,Ski,2026-06-15,30.0,51,50,5329.58,0.012628289,9.9716717357790987,0.23529411764705882,0.98181818181818181
no,Oslo,Ski,2026-06-15,31.0,15,15,4915.5333333333338,0,9.3718479813226772,0.23684210526315788,0.98666666666666669
no,Oslo,Ski,2026-06-15,32.0,24,24,6590.25,0.026132191,9.2074759775046253,0.25688073394495414,1.0
no,Oslo,Ski,2026-06-15,33.0,12,12,8126.916666666667,0,10.471160878866796,0.26315789473684209,0.9375
no,Oslo,Ski,2026-06-15,34.0,6,6,3682.5,0,13.301281808685845,0.27272727272727271,1.0
no,Oslo,Ski,2026-06-15,36.0,8,8,6970.875,0.111771429,13.959411260479849,0.29268292682926828,0.95
no,Oslo,Ski,2026-06-15,37.0,31,30,5774.6333333333332,0.026605055,15.744677775646354,0.21428571428571427,0.93913043478260871
no,Oslo,Ski,2026-06-15,38.0,8,8,3423.0,0.153100104,18.976719354159954,0.33333333333333331,0.91304347826086951
no,Oslo,Ski,2026-06-15,39.0,2,2,6768.0,0,15.69336236486725,0.0,1.0
no,Oslo,Ski,2026-06-15,42.0,5,3,8038.25,0.129812606,17.496175373913079,0.045454545454545456,0.92307692307692313
no,Oslo,Ski,2026-06-15,44.0,2,2,4330.5,0,21.232745677776897,0.125,1.0
no,Oslo,Ski,2026-06-15,45.0,10,9,6201.5555555555557,0.040695297,19.555311521923898,0.17948717948717949,0.94871794871794868
no,Oslo,Ski,2026-06-15,50.0,1,1,5407.0,,22.627941698957883,0.125,1.0
no,Oslo,Ski,2026-06-15,53.0,2,2,13432.5,0.118636151,22.353483832238815,0.17647058823529413,1.0
no,Oslo,Ski,2026-06-16,,1,1,734.0,0,0.0,0.22222222222222221,0.1111111111111111
no,Oslo,Ski,2026-06-16,25.0,5,5,4243.2,0,8.7108282418666647,0.25,1.0
no,Oslo,Ski,2026-06-16,26.0,3,3,2569.3333333333335,0,9.0,0.083333333333333329,1.0
no,Oslo,Ski,2026-06-16,28.0,6,5,3763.0,0,11.099586909933279,0.34782608695652173,1.0
no,Oslo,Ski,2026-06-16,29.0,7,7,4629.2857142857147,0,6.9836245513037278,0.19230769230769232,0.97959183673469385
no,Oslo,Ski,2026-06-16,30.0,4,4,5665.75,0,9.5676491612977852,0.1388888888888889,0.94117647058823528
no,Oslo,Ski,2026-06-16,31.0,3,3,4952.333333333333,0,9.6,0.13333333333333333,0.93333333333333335
no,Oslo,Ski,2026-06-16,32.0,22,22,4178.0,0,11.670511237400486,0.25806451612903225,1.0
no,Oslo,Ski,2026-06-16,33.0,4,3,2804.0,0,17.756272658551776,0.16666666666666666,1.0
no,Oslo,Ski,2026-06-16,34.0,23,23,4016.7727272727275,0.043613985,15.072865714037563,0.2,0.97701149425287359
no,Oslo,Ski,2026-06-16,35.0,22,21,3597.9047619047619,0.021780848,15.575550917124794,0.26,0.97872340425531912
no,Oslo,Ski,2026-06-16,36.0,33,32,4812.3125,0.011614472,15.342139125617491,0.23484848484848486,0.99212598425196852
no,Oslo,Ski,2026-06-16,37.0,32,31,5086.2258064516127,0.012296342,12.708171125295431,0.30718954248366015,0.99315068493150682
no,Oslo,Ski,2026-06-16,38.0,6,6,4026.8333333333335,0,17.370158370025418,0.31818181818181818,1.0
no,Oslo,Ski,2026-06-16,39.0,19,17,5236.4705882352937,0.02289916,16.773111861511588,0.27027027027027029,1.0
no,Oslo,Ski,2026-06-16,41.0,34,32,5481.4375,0.123333533,19.767819322149251,0.19594594594594594,0.88732394366197187
no,Oslo,Ski,2026-06-16,42.0,10,9,5942.666666666667,0.09478673,17.836025234147375,0.1864406779661017,1.0
no,Oslo,Ski,2026-06-16,43.0,3,3,7695.0,0.389029536,19.07867934554973,0.22222222222222221,1.0
no,Oslo,Ski,2026-06-16,48.0,5,5,10052.8,0,14.16730522857446,0.3125,1.0
no,Oslo,Ski,2026-06-16,59.0,4,4,8769.75,0.133486389,21.713340369869194,0.066666666666666666,1.0
no,Oslo,Ski,2026-06-17,,3,3,3017.6666666666665,0,2.5503193855509694,0.09375,0.1875
no,Oslo,Ski,2026-06-17,27.0,2,2,2693.5,0,5.75,0.33333333333333331,1.0
no,Oslo,Ski,2026-06-17,28.0,18,18,2963.4444444444443,0.012826529,13.023270710383089,0.31521739130434784,0.9887640449438202
no,Oslo,Ski,2026-06-17,29.0,1,1,981.0,0.333333333,20.593842857167541,0.083333333333333329,1.0
no,Oslo,Ski,2026-06-17,30.0,15,15,3522.2,0,13.275023474372814,0.1981981981981982,1.0
no,Oslo,Ski,2026-06-17,31.0,28,27,4092.3571428571427,0,13.520073129134731,0.28155339805825241,0.979381443298969
no,Oslo,Ski,2026-06-17,32.0,14,14,4197.5714285714284,0,13.717887487687323,0.26785714285714285,1.0
no,Oslo,Ski,2026-06-17,33.0,16,16,5475.0625,0,12.142881158117406,0.27906976744186046,1.0
no,Oslo,Ski,2026-06-17,34.0,9,8,4929.5,0.014066496,17.477883447856172,0.18867924528301888,1.0
no,Oslo,Ski,2026-06-17,35.0,43,42,4790.1428571428569,0.006832532,14.375095844191454,0.3522012578616352,0.987012987012987
no,Oslo,Ski,2026-06-17,36.0,10,10,5089.4,0,16.68831849658223,0.16438356164383561,1.0
no,Oslo,Ski,2026-06-17,37.0,5,5,3925.8,0.096580407,15.362093534057742,0.055555555555555552,1.0
no,Oslo,Ski,2026-06-17,38.0,10,10,6574.3,0,15.027576897435136,0.30303030303030304,1.0
no,Oslo,Ski,2026-06-17,39.0,21,20,4777.25,0.126618195,17.355235759360525,0.17708333333333334,1.0
no,Oslo,Ski,2026-06-17,40.0,26,26,6405.1923076923076,0.114863086,16.18088467954615,0.23636363636363636,0.9875
no,Oslo,Ski,2026-06-17,41.0,7,7,4908.1428571428569,0.115974986,20.203971888920549,0.21052631578947367,0.94444444444444442
no,Oslo,Ski,2026-06-17,42.0,6,6,4867.833333333333,0,18.074570171567025,0.076923076923076927,1.0
no,Oslo,Ski,2026-06-17,43.0,7,7,6708.8571428571431,0.096014094,16.413272865342559,0.19298245614035087,0.96296296296296291
no,Oslo,Ski,2026-06-17,46.0,9,9,5898.666666666667,0.117721064,19.529056335682256,0.22222222222222221,1.0
no,Oslo,Ski,2026-06-17,47.0,15,15,5318.7333333333336,0.1242741,19.521955899438272,0.29545454545454547,0.97619047619047616
no,Oslo,Ski,2026-06-17,48.0,7,7,3118.1428571428573,0.425733768,22.209860100074774,0.125,1.0
no,Oslo,Ski,2026-06-17,49.0,2,2,4634.5,0.432900433,22.736396137794802,0.047619047619047616,1.0
no,Oslo,Ski,2026-06-17,52.0,7,7,7696.1428571428569,0.160117517,22.224111546029416,0.2857142857142857,1.0
no,Oslo,Ski,2026-06-18,,1,1,2773.0,0,0.0,0.13333333333333333,0.066666666666666666
no,Oslo,Ski,2026-06-18,22.0,1,1,3076.0,,12.449559208497488,0.16666666666666666,0.94117647058823528
no,Oslo,Ski,2026-06-18,23.0,7,7,1769.5714285714287,0,10.026496922294472,0.13157894736842105,0.972972972972973
no,Oslo,Ski,2026-06-18,24.0,3,3,3120.3333333333335,0,12.599315426980855,0.31034482758620691,1.0
no,Oslo,Ski,2026-06-18,25.0,4,4,3830.25,0,10.053664473937085,0.1,1.0
no,Oslo,Ski,2026-06-18,26.0,14,14,3050.1428571428573,0,9.5639857580153311,0.21818181818181817,0.97959183673469385
no,Oslo,Ski,2026-06-18,27.0,8,8,4141.375,0,10.755732371769168,0.29411764705882354,1.0
no,Oslo,Ski,2026-06-18,28.0,11,10,2523.0,0,14.533879504915214,0.34693877551020408,0.97777777777777775
no,Oslo,Ski,2026-06-18,29.0,4,4,3593.0,0,11.60218130749046,0.375,0.9642857142857143
no,Oslo,Ski,2026-06-18,30.0,13,12,5286.333333333333,0,10.379786048613925,0.26153846153846155,1.0
no,Oslo,Ski,2026-06-18,31.0,15,13,4669.0769230769229,0.070527265,13.319647246475913,0.15584415584415584,0.94736842105263153
no,Oslo,Ski,2026-06-18,32.0,31,31,5271.9354838709678,0,12.126401367100405,0.24561403508771928,0.99065420560747663
no,Oslo,Ski,2026-06-18,33.0,23,21,5349.333333333333,0.006735407,13.769519821599244,0.26666666666666666,0.98888888888888893
no,Oslo,Ski,2026-06-18,34.0,22,22,4717.181818181818,0,13.111171610153407,0.25490196078431371,1.0
no,Oslo,Ski,2026-06-18,35.0,33,32,4342.4193548387093,0.017604315,13.81234475378648,0.2792207792207792,0.98675496688741726
no,Oslo,Ski,2026-06-18,36.0,6,6,5980.166666666667,0.088166276,15.284902173523047,0.26666666666666666,1.0
no,Oslo,Ski,2026-06-18,37.0,17,17,4890.8235294117649,0,15.148306228357526,0.359375,1.0
no,Oslo,Ski,2026-06-18,38.0,1,1,15203.0,0,9.0,0.21052631578947367,1.0
no,Oslo,Ski,2026-06-18,39.0,4,4,10155.5,0,9.38593615556977,0.11627906976744186,0.97619047619047616
no,Oslo,Ski,2026-06-18,41.0,23,23,3717.478260869565,0.033139033,14.718777063802793,0.27173913043478259,0.98863636363636365
no,Oslo,Ski,2026-06-18,44.0,24,24,5299.5,0.194966814,18.700011044200323,0.30555555555555558,1.0
no,Oslo,Ski,2026-06-19,,3,3,2854.6666666666665,0.203966006,6.930794621090004,0.15,0.13513513513513514
no,Oslo,Ski,2026-06-19,22.0,2,2,1180.0,,13.550052517886117,0.14285714285714285,1.0
no,Oslo,Ski,2026-06-19,24.0,2,2,1948.5,,10.071428571428571,0.21428571428571427,1.0
no,Oslo,Ski,2026-06-19,25.0,7,7,2500.1428571428573,0,13.164241764548366,0.24444444444444444,1.0
no,Oslo,Ski,2026-06-19,27.0,3,3,4239.333333333333,,10.125,0.125,1.0
no,Oslo,Ski,2026-06-19,28.0,17,17,4253.7647058823532,0,9.4164669692302265,0.28333333333333333,1.0
no,Oslo,Ski,2026-06-19,29.0,5,3,4456.0,0,8.76965614090354,0.27272727272727271,1.0
no,Oslo,Ski,2026-06-19,30.0,34,33,4727.911764705882,0,11.558415016550276,0.26428571428571429,0.9850746268656716
no,Oslo,Ski,2026-06-19,31.0,4,4,5294.25,0,10.191771435319264,0.19230769230769232,1.0
no,Oslo,Ski,2026-06-19,32.0,22,22,4904.590909090909,0.022203245,12.006648406859062,0.26315789473684209,1.0
no,Oslo,Ski,2026-06-19,33.0,5,5,5432.2,0,12.88249306671359,0.2608695652173913,0.95454545454545459
no,Oslo,Ski,2026-06-19,34.0,24,22,4265.318181818182,0.033509379,14.634013328583961,0.22549019607843138,0.96938775510204078
no,Oslo,Ski,2026-06-19,35.0,22,22,4141.681818181818,0,16.118975605161275,0.208955223880597,1.0
no,Oslo,Ski,2026-06-19,36.0,61,60,5279.4666666666662,0.018788862,13.761459479863518,0.32673267326732675,0.98453608247422686
no,Oslo,Ski,2026-06-19,37.0,42,41,3901.9024390243903,0,16.1523388817199,0.25287356321839083,0.93939393939393945
no,Oslo,Ski,2026-06-19,39.0,2,2,7171.0,0,16.363182920197112,0.071428571428571425,0.92307692307692313
no,Oslo,Ski,2026-06-19,40.0,34,32,4854.606060606061,0.018411652,16.416177895740688,0.31159420289855072,0.99224806201550386
no,Oslo,Ski,2026-06-19,41.0,25,25,6145.36,0,15.799872741590798,0.30107526881720431,1.0
no,Oslo,Ski,2026-06-19,44.0,4,4,6187.25,0,17.823001237561751,0.36842105263157893,1.0
no,Oslo,Ski,2026-06-19,45.0,4,4,11115.75,0,15.926259923859172,0.21428571428571427,1.0
no,Oslo,Ski,2026-06-20,,3,3,8645.0,0,0.0,0.055555555555555552,0.0
no,Oslo,Ski,2026-06-20,21.0,2,2,9304.5,0,10.694664926935259,0.23809523809523808,1.0
no,Oslo,Ski,2026-06-20,24.0,4,4,2217.0,0,10.618497287406672,0.25,1.0
no,Oslo,Ski,2026-06-20,25.0,2,2,3919.0,0,11.522953797285549,0.088235294117647065,1.0
no,Oslo,Ski,2026-06-20,26.0,9,9,4614.666666666667,0,12.43788622859182,0.19696969696969696,0.93650793650793651
no,Oslo,Ski,2026-06-20,27.0,13,13,4921.3076923076924,0,9.03669098564572,0.2857142857142857,0.975609756097561
no,Oslo,Ski,2026-06-20,28.0,14,14,3480.6428571428573,0,10.459064246084154,0.2,1.0
no,Oslo,Ski,2026-06-20,29.0,39,39,4253.9230769230771,0,8.8746589415423749,0.27011494252873564,0.98224852071005919
no,Oslo,Ski,2026-06-20,30.0,41,40,5564.125,0,10.461541791195589,0.26701570680628273,0.98882681564245811
no,Oslo,Ski,2026-06-20,31.0,11,10,5647.727272727273,0,10.280741947752066,0.18867924528301888,0.98
no,Oslo,Ski,2026-06-20,32.0,49,48,4265.34693877551,0,9.64941264061644,0.32642487046632124,0.98888888888888893
no,Oslo,Ski,2026-06-20,33.0,39,37,4326.7105263157891,0,13.144284453236532,0.23287671232876711,0.9850746268656716
no,Oslo,Ski,2026-06-20,34.0,42,42,5567.2619047619046,0,11.813879072962225,0.28888888888888886,0.96875
no,Oslo,Ski,2026-06-20,35.0,25,25,5733.0,0,12.209316996821309,0.29347826086956524,1.0
no,Oslo,Ski,2026-06-20,36.0,17,17,5370.35294117647,0,14.158879789922088,0.21212121212121213,1.0
no,Oslo,Ski,2026-06-20,38.0,3,3,4339.333333333333,0.191208791,16.998574595573295,0.6,1.0
no,Oslo,Ski,2026-06-20,43.0,4,4,9357.5,0.116302187,18.438948764447957,0.25,1.0
no,Oslo,Ski,2026-06-20,46.0,8,6,6163.833333333333,0.16847558,20.650802535209241,0.27586206896551724,0.75
no,Oslo,Ski,2026-06-20,47.0,1,1,13987.0,0,11.782527629614622,0.11764705882352941,1.0
no,Oslo,Ski,2026-06-20,50.0,2,2,13757.5,0.078656854,16.562748780441744,0.2857142857142857,1.0
no,Oslo,Ski,2026-06-21,,3,1,8954.0,0,6.333333333333333,0.1111111111111111,
no,Oslo,Ski,2026-06-21,22.0,2,2,3017.5,0,8.9132913342025581,0.19047619047619047,
no,Oslo,Ski,2026-06-21,25.0,7,7,3539.7142857142858,0,8.9318351772007709,0.2413793103448276,
no,Oslo,Ski,2026-06-21,26.0,8,8,4504.5,0,8.869699308520314,0.30769230769230771,
no,Oslo,Ski,2026-06-21,27.0,23,23,4461.0,0,10.935307773912093,0.2608695652173913,
no,Oslo,Ski,2026-06-21,28.0,13,13,4232.8461538461543,0.037416054,9.2976119694445,0.28301886792452829,
no,Oslo,Ski,2026-06-21,29.0,5,5,3860.4,0.21471173,14.028888090571025,0.052631578947368418,
no,Oslo,Ski,2026-06-21,30.0,18,18,4444.8235294117649,0,10.129059970069237,0.20652173913043478,
no,Oslo,Ski,2026-06-21,31.0,10,10,6155.0,0,9.6179131597382366,0.33333333333333331,
no,Oslo,Ski,2026-06-21,32.0,25,25,3548.56,0,11.611303349252465,0.1951219512195122,
no,Oslo,Ski,2026-06-21,33.0,6,6,5857.166666666667,0,11.665312010377381,0.24,
no,Oslo,Ski,2026-06-21,34.0,37,37,4955.9444444444443,0.002737781,14.006927930323501,0.23976608187134502,
no,Oslo,Ski,2026-06-21,35.0,29,27,5132.37037037037,0.067375279,15.172546770528172,0.31690140845070425,
no,Oslo,Ski,2026-06-21,36.0,17,17,5857.588235294118,0,13.899531192317278,0.3,
no,Oslo,Ski,2026-06-21,37.0,32,32,4968.65625,0.01326243,15.568863274869964,0.30973451327433627,
no,Oslo,Ski,2026-06-21,38.0,9,9,3566.7777777777778,0.390654649,19.674333384730222,0.1875,
no,Oslo,Ski,2026-06-21,39.0,57,56,5025.8727272727274,0.096508907,16.921995409740553,0.3165829145728643,
no,Oslo,Ski,2026-06-21,40.0,7,7,6447.2857142857147,0,18.16914759991759,0.22222222222222221,
no,Oslo,Ski,2026-06-21,41.0,17,17,4674.8235294117649,0.049687155,19.668361858391542,0.30188679245283018,
no,Oslo,Ski,2026-06-21,42.0,19,18,4454.2777777777774,0.191374122,18.660900847176762,0.32926829268292684,
no,Oslo,Ski,2026-06-21,43.0,9,6,6169.5,0.328277356,21.010484115374815,0.26190476190476192,
no,Oslo,Ski,2026-06-21,45.0,29,28,6702.0357142857147,0.24439894,20.551471368505609,0.21551724137931033,
no,Oslo,Ski,2026-06-21,46.0,13,13,2987.6666666666665,0.301410712,22.48998519632066,0.30769230769230771,
no,Oslo,Ski,2026-06-21,49.0,19,18,5145.4736842105267,0.234217596,21.288997004811225,0.29508196721311475,
no,Oslo,Ski,2026-06-22,,4,4,4349.5,0,0.0,0.125,0.13333333333333333
no,Oslo,Ski,2026-06-22,17.0,3,3,403.66666666666669,0,9.3333333333333339,0.16666666666666666,1.0
no,Oslo,Ski,2026-06-22,19.0,2,2,1205.5,0,8.49124645599403,0.4,1.0
no,Oslo,Ski,2026-06-22,22.0,1,1,1634.0,,9.0,0.33333333333333331,1.0
no,Oslo,Ski,2026-06-22,23.0,2,2,3805.0,0,9.0,0.14285714285714285,1.0
no,Oslo,Ski,2026-06-22,24.0,10,10,2554.9,0,9.27548018648491,0.19117647058823528,1.0
no,Oslo,Ski,2026-06-22,25.0,3,3,3806.6666666666665,0,8.1627054589916188,0.15151515151515152,1.0
no,Oslo,Ski,2026-06-22,26.0,9,9,3647.5555555555557,0,8.9646633924311789,0.23076923076923078,0.98360655737704916
no,Oslo,Ski,2026-06-22,27.0,5,5,2416.6,0,9.0,0.16666666666666666,1.0
no,Oslo,Ski,2026-06-22,28.0,11,11,5212.545454545455,0,9.60966002725026,0.19444444444444445,1.0
no,Oslo,Ski,2026-06-22,29.0,21,21,4619.3809523809523,0,9.701223142475266,0.27966101694915252,0.9907407407407407
no,Oslo,Ski,2026-06-22,30.0,30,30,5782.4666666666662,0,8.7377547735390131,0.22222222222222221,0.97744360902255634
no,Oslo,Ski,2026-06-22,31.0,4,3,5346.0,0,9.0,0.063829787234042548,1.0
no,Oslo,Ski,2026-06-22,32.0,11,11,5534.181818181818,0,8.98540865718275,0.18181818181818182,1.0
no,Oslo,Ski,2026-06-22,33.0,7,7,5720.8571428571431,0.076438356,12.969718674389144,0.16216216216216217,1.0
no,Oslo,Ski,2026-06-22,34.0,1,1,2183.0,,9.0,0.071428571428571425,1.0
no,Oslo,Ski,2026-06-22,35.0,4,3,6937.25,0,8.3096613936889465,0.23809523809523808,1.0
no,Oslo,Ski,2026-06-22,37.0,4,4,8397.5,0.149932157,15.141760035712135,0.10256410256410256,0.94736842105263153
no,Oslo,Ski,2026-06-22,38.0,14,13,3729.3076923076924,0.235034888,19.810882484584507,0.2982456140350877,0.90740740740740744
no,Oslo,Ski,2026-06-22,40.0,13,13,4229.6923076923076,0,18.172489668186245,0.3125,1.0
no,Oslo,Ski,2026-06-22,42.0,2,1,6523.0,0,9.0,0.12903225806451613,1.0
no,Oslo,Ski,2026-06-22,43.0,16,14,6884.0625,0.128515625,19.224221146387041,0.25531914893617019,0.95454545454545459
no,Oslo,Ski,2026-06-22,44.0,5,5,7870.8,0.349763033,16.088862159848016,0.088235294117647065,1.0
no,Oslo,Ski,2026-06-22,45.0,11,11,6419.363636363636,0.1371315,17.172002918978261,0.25,0.96666666666666667
no,Oslo,Ski,2026-06-22,49.0,7,7,9068.0,0.105699482,18.814445637549042,0.25,1.0
no,Oslo,Ski,2026-06-23,24.0,1,1,1389.0,0,9.0,0.17647058823529413,1.0
no,Oslo,Ski,2026-06-23,27.0,6,6,3137.6666666666665,0.033707865,11.071480147971229,0.25,1.0
no,Oslo,Ski,2026-06-23,28.0,2,2,3135.5,0,9.375,0.25,1.0
no,Oslo,Ski,2026-06-23,30.0,3,3,7013.666666666667,0.115863142,10.556070053637852,0.086956521739130432,1.0
no,Oslo,Ski,2026-06-23,31.0,6,6,2755.0,0.187360595,15.58297628013953,0.1951219512195122,0.96296296296296291
no,Oslo,Ski,2026-06-23,32.0,17,16,3657.1176470588234,0,12.731924219527084,0.3,1.0
no,Oslo,Ski,2026-06-23,33.0,8,8,3944.0,0.01899402,12.717752216785422,0.20754716981132076,1.0
no,Oslo,Ski,2026-06-23,34.0,11,10,5811.2,0.05003358,15.337252255582777,0.23076923076923078,1.0
no,Oslo,Ski,2026-06-23,35.0,12,12,5038.0,0.034371328,15.927612102697276,0.20833333333333334,1.0
no,Oslo,Ski,2026-06-23,36.0,21,17,5978.833333333333,0.124002901,16.13046156095707,0.27184466019417475,0.95161290322580649
no,Oslo,Ski,2026-06-23,38.0,4,4,5812.75,0,15.287816622062607,0.07407407407407407,1.0
no,Oslo,Ski,2026-06-23,39.0,6,6,3977.1666666666665,0,14.758172414273288,0.15151515151515152,1.0
no,Oslo,Ski,2026-06-23,40.0,12,12,4569.416666666667,0.098453414,17.545404304495104,0.35714285714285715,1.0
no,Oslo,Ski,2026-06-23,41.0,27,24,6209.2307692307695,0.106360593,15.999952845711881,0.2978723404255319,0.98571428571428577
no,Oslo,Ski,2026-06-23,42.0,15,14,4056.0,0.105340161,19.332686320487042,0.25531914893617019,1.0
no,Oslo,Ski,2026-06-23,43.0,59,51,6586.0384615384619,0.117586562,17.669350693057389,0.19655172413793104,0.96808510638297873
no,Oslo,Ski,2026-06-23,44.0,5,5,8483.0,0.046132972,18.249829836569365,0.2,0.97142857142857142
no,Oslo,Ski,2026-06-23,45.0,6,6,3787.5,0,19.38353688568213,0.13043478260869565,1.0
no,Oslo,Ski,2026-06-23,46.0,11,11,6293.272727272727,0.154361202,19.026744862667748,0.16417910447761194,1.0
no,Oslo,Ski,2026-06-23,47.0,7,7,4516.2857142857147,0.321357943,22.093815709174894,0.35714285714285715,1.0
no,Oslo,Ski,2026-06-23,49.0,18,17,7108.0,0.122078893,18.717221144326526,0.2608695652173913,0.98148148148148151
no,Oslo,Ski,2026-06-23,52.0,3,3,9929.0,0,19.127377644699994,0.27272727272727271,1.0
no,Oslo,Ski,2026-06-24,,1,1,775.0,,,,
no,Oslo,Ski,2026-06-24,24.0,4,4,740.5,0,14.728124898265431,0.3,1.0
no,Oslo,Ski,2026-06-24,25.0,3,2,2851.0,0,9.3220543119885786,0.38461538461538464,1.0
no,Oslo,Ski,2026-06-24,26.0,2,2,4251.5,0,9.0,0.090909090909090912,1.0
no,Oslo,Ski,2026-06-24,27.0,9,9,4820.8888888888887,0,8.55404479524877,0.23880597014925373,1.0
no,Oslo,Ski,2026-06-24,28.0,5,5,3041.6,0,9.8471624662449777,0.14516129032258066,1.0
no,Oslo,Ski,2026-06-24,29.0,21,21,3953.0476190476193,0,9.51779849205935,0.1721311475409836,0.991304347826087
no,Oslo,Ski,2026-06-24,30.0,25,25,3440.28,0.024348453,13.038414776841149,0.2857142857142857,1.0
no,Oslo,Ski,2026-06-24,31.0,11,11,6142.090909090909,0,8.687150295839464,0.20253164556962025,0.97468354430379744
no,Oslo,Ski,2026-06-24,32.0,25,25,6896.12,0,9.87917118964976,0.17293233082706766,0.99193548387096775
no,Oslo,Ski,2026-06-24,33.0,7,7,3363.4285714285716,0.05796514,11.158373345032219,0.11842105263157894,0.98630136986301364
no,Oslo,Ski,2026-06-24,34.0,18,18,3534.1111111111113,0.087551622,14.578842140900065,0.3,0.987012987012987
no,Oslo,Ski,2026-06-24,36.0,16,16,4641.5625,0,16.216919800717736,0.32,0.97872340425531912
no,Oslo,Ski,2026-06-24,37.0,27,27,6232.1851851851852,0,11.889959568632154,0.30612244897959184,0.98913043478260865
no,Oslo,Ski,2026-06-24,38.0,11,10,4148.2,0.342121151,17.923404945750157,0.23076923076923078,0.97435897435897434
no,Oslo,Ski,2026-06-24,39.0,7,7,7105.8571428571431,0,14.179052007167531,0.076923076923076927,1.0
no,Oslo,Ski,2026-06-24,40.0,6,6,5899.833333333333,0.050124533,16.8974821884134,0.33333333333333331,1.0
no,Oslo,Ski,2026-06-24,42.0,10,10,4229.9,0.085632571,19.033598617729279,0.2857142857142857,1.0
no,Oslo,Ski,2026-06-24,43.0,7,7,5709.8571428571431,0.2003276,17.911692924867214,0.34482758620689657,0.9642857142857143
no,Oslo,Ski,2026-06-25,,2,2,3761.0,0,21.384615384615383,0.23076923076923078,0.30769230769230771
no,Oslo,Ski,2026-06-25,23.0,3,3,2800.3333333333335,0,8.4022738491925875,0.22727272727272727,1.0
no,Oslo,Ski,2026-06-25,26.0,9,8,4036.5,0,10.669015982182946,0.28947368421052633,0.972972972972973
no,Oslo,Ski,2026-06-25,27.0,6,6,2740.3333333333335,0.08586262,10.288432345810078,0.16129032258064516,0.98333333333333328
no,Oslo,Ski,2026-06-25,28.0,5,5,3190.6,0,9.98880718365055,0.093023255813953487,0.97435897435897434
no,Oslo,Ski,2026-06-25,29.0,10,9,2583.1111111111113,0.055057618,10.461195576817852,0.2608695652173913,1.0
no,Oslo,Ski,2026-06-25,30.0,14,14,4418.1428571428569,0,11.645813893223202,0.24637681159420291,0.95522388059701491
no,Oslo,Ski,2026-06-25,31.0,14,14,3561.0,0,10.600921034856123,0.325,0.97435897435897434
no,Oslo,Ski,2026-06-25,32.0,38,37,4550.2432432432433,0,12.597486930936455,0.30303030303030304,0.975609756097561
no,Oslo,Ski,2026-06-25,33.0,3,3,8689.6666666666661,0,10.12398616551534,0.16666666666666666,1.0
no,Oslo,Ski,2026-06-25,34.0,39,38,5480.8205128205127,0.015111613,15.033427968771374,0.22463768115942029,0.9609375
no,Oslo,Ski,2026-06-25,35.0,34,32,4423.333333333333,0,14.775303943473459,0.29411764705882354,1.0
no,Oslo,Ski,2026-06-25,36.0,7,7,4135.2857142857147,0,15.950804572097439,0.31428571428571428,1.0
no,Oslo,Ski,2026-06-25,37.0,12,12,4477.333333333333,0,14.39804451462529,0.26190476190476192,1.0
no,Oslo,Ski,2026-06-25,38.0,15,15,6448.9333333333334,0.052388463,15.702135989139828,0.21111111111111111,0.9885057471264368
no,Oslo,Ski,2026-06-25,39.0,6,5,4557.2,0.065217391,17.21022153947418,0.23529411764705882,1.0
no,Oslo,Ski,2026-06-25,40.0,17,17,6542.588235294118,0,13.985610346348018,0.27083333333333331,0.956989247311828
no,Oslo,Ski,2026-06-25,41.0,12,12,6092.833333333333,0,16.006704555445378,0.25,1.0
no,Oslo,Ski,2026-06-25,42.0,1,1,3242.0,0.336683417,22.564865197340154,0.0625,1.0
no,Oslo,Ski,2026-06-25,43.0,12,12,5217.333333333333,0,16.474246352403803,0.3783783783783784,1.0
no,Oslo,Ski,2026-06-25,46.0,4,4,4322.75,0.471706081,22.02885376079421,0.25,1.0
no,Oslo,Ski,2026-06-25,47.0,2,2,3319.0,0,27.445101858576443,0.22222222222222221,1.0
no,Oslo,Ski,2026-06-25,52.0,2,2,8274.0,0.227772228,21.420162164753144,0.058823529411764705,0.93333333333333335
no,Oslo,Ski,2026-06-25,53.0,6,6,6830.666666666667,0.140319716,21.275112524736198,0.36363636363636365,0.90909090909090906
no,Oslo,Ski,2026-06-25,58.0,2,2,10430.5,0.213619781,22.349038816325603,0.21052631578947367,1.0
no,Oslo,Ski,2026-06-26,,5,5,4304.2,0,0.0,0.125,0.16666666666666666
no,Oslo,Ski,2026-06-26,17.0,2,2,1531.5,0.191419142,9.0,0.058823529411764705,1.0
no,Oslo,Ski,2026-06-26,27.0,6,6,2236.5,0,9.3468168864150769,0.26923076923076922,0.96153846153846156
no,Oslo,Ski,2026-06-26,28.0,26,25,4941.6538461538457,0,8.9156779991769746,0.34126984126984128,0.97580645161290325
no,Oslo,Ski,2026-06-26,29.0,15,15,4193.9333333333334,0,9.8150677095661472,0.26984126984126983,1.0
no,Oslo,Ski,2026-06-26,30.0,19,19,3779.9473684210525,0,10.148920185732035,0.25806451612903225,1.0
no,Oslo,Ski,2026-06-26,31.0,21,19,4158.4285714285716,0.022771554,10.863838585453188,0.3493975903614458,0.96296296296296291
no,Oslo,Ski,2026-06-26,32.0,9,9,3721.3333333333335,0,13.052723033994162,0.32,1.0
no,Oslo,Ski,2026-06-26,33.0,55,55,4576.8909090909092,0,11.068566476401495,0.21757322175732219,0.9956521739130435
no,Oslo,Ski,2026-06-26,34.0,29,29,7039.8275862068967,0,9.1591330913761375,0.27272727272727271,0.98319327731092432
no,Oslo,Ski,2026-06-26,35.0,2,2,7191.0,0,8.1716725224532887,0.090909090909090912,1.0
no,Oslo,Ski,2026-06-26,36.0,12,12,6058.25,0.052173913,14.488942092321109,0.34482758620689657,0.98245614035087714
no,Oslo,Ski,2026-06-26,37.0,37,37,6173.4864864864867,0.03061491,14.256267356299764,0.32758620689655171,0.9732142857142857
no,Oslo,Ski,2026-06-26,38.0,28,28,3763.25,0,16.56914768107589,0.25842696629213485,0.98780487804878048
no,Oslo,Ski,2026-06-26,39.0,6,6,6625.166666666667,0.032423208,18.084839317481311,0.14705882352941177,0.91176470588235292
no,Oslo,Ski,2026-06-26,40.0,1,1,4157.0,0,0.0,0.16666666666666666,0.9375
no,Oslo,Ski,2026-06-26,41.0,7,7,7206.0,0,11.468383283927244,0.11320754716981132,0.97916666666666663
no,Oslo,Ski,2026-06-26,42.0,7,7,6490.2857142857147,0.126321448,16.155945923899864,0.14634146341463414,1.0
no,Oslo,Ski,2026-06-26,43.0,3,3,7782.0,0.341029024,20.994531318803602,0.17647058823529413,1.0
no,Oslo,Ski,2026-06-26,46.0,7,5,6971.2,0.131586207,20.433576156029428,0.19444444444444445,0.87878787878787878
no,Oslo,Ski,2026-06-27,,2,1,10230.5,0,0.0,0.052631578947368418,0.0
no,Oslo,Ski,2026-06-27,19.0,3,3,1966.3333333333333,0,8.6448341992893738,0.2,0.95
no,Oslo,Ski,2026-06-27,21.0,2,2,1061.5,0,9.5936061957253482,0.3125,1.0
no,Oslo,Ski,2026-06-27,22.0,9,9,3592.7777777777778,0,6.5533649715798976,0.3125,1.0
no,Oslo,Ski,2026-06-27,24.0,10,10,2956.2,0,8.1865067719676929,0.13953488372093023,1.0
no,Oslo,Ski,2026-06-27,25.0,14,14,3533.0,0,8.9850075621871159,0.29310344827586204,0.98113207547169812
no,Oslo,Ski,2026-06-27,26.0,7,7,3751.8571428571427,0,8.3307699110840172,0.24,0.91666666666666663
no,Oslo,Ski,2026-06-27,27.0,32,30,4032.2258064516127,0,7.996939575857902,0.3475177304964539,0.97014925373134331
no,Oslo,Ski,2026-06-27,28.0,11,10,4291.3,0,7.2228639042124954,0.21818181818181817,1.0
no,Oslo,Ski,2026-06-27,29.0,53,51,4768.0392156862745,0,8.1293382979733959,0.23857868020304568,0.97368421052631582
no,Oslo,Ski,2026-06-27,30.0,27,26,3929.7692307692309,0,10.74954615532967,0.21476510067114093,0.97872340425531912
no,Oslo,Ski,2026-06-27,31.0,12,11,4970.727272727273,0,7.6412712753921106,0.43478260869565216,0.97674418604651159
no,Oslo,Ski,2026-06-27,32.0,45,45,4960.4222222222224,0,9.98465053397384,0.25,0.96453900709219853
no,Oslo,Ski,2026-06-27,33.0,27,25,5197.1923076923076,0,8.8756019986543979,0.25688073394495414,1.0
no,Oslo,Ski,2026-06-27,35.0,34,34,5790.848484848485,0,12.683851911670958,0.26605504587155965,0.95370370370370372
no,Oslo,Ski,2026-06-27,36.0,10,10,4250.7,0,16.603308136196393,0.36666666666666664,0.86206896551724133
no,Oslo,Ski,2026-06-27,38.0,8,8,8486.875,0,11.572324611296921,0.15625,0.967741935483871
no,Oslo,Ski,2026-06-27,40.0,14,11,5908.272727272727,0.111040407,19.802976033647059,0.325,0.9
no,Oslo,Ski,2026-06-27,47.0,10,9,6490.1111111111113,0.178522099,22.518016828307186,0.23529411764705882,0.82352941176470584
no,Oslo,Ski,2026-06-28,,1,1,6850.0,0,,,
no,Oslo,Ski,2026-06-28,24.0,1,1,1336.0,0,6.6002219003098315,0.095238095238095233,0.8571428571428571
no,Oslo,Ski,2026-06-28,25.0,2,2,2559.0,,11.49831022988589,0.25,0.8125
no,Oslo,Ski,2026-06-28,26.0,16,16,3814.375,0,7.6210545481283454,0.2391304347826087,0.898876404494382
no,Oslo,Ski,2026-06-28,27.0,12,12,4317.75,0,8.4673903589497428,0.22222222222222221,1.0
no,Oslo,Ski,2026-06-28,28.0,7,7,4138.4285714285716,0,9.4615384615384617,0.26923076923076922,0.96
no,Oslo,Ski,2026-06-28,29.0,29,28,4985.7857142857147,0,10.635351310706417,0.24528301886792453,0.941747572815534
no,Oslo,Ski,2026-06-28,30.0,18,18,3630.5555555555557,0,10.207480758113867,0.34666666666666668,0.93333333333333335
no,Oslo,Ski,2026-06-28,31.0,29,29,4705.8965517241377,0,9.9910851634009585,0.25242718446601942,0.97029702970297027
no,Oslo,Ski,2026-06-28,32.0,43,40,4602.1463414634145,0.001844532,13.180949183407165,0.27522935779816515,0.98536585365853657
no,Oslo,Ski,2026-06-28,33.0,32,32,6523.9375,0,12.3009929353467,0.26016260162601629,0.97478991596638653
no,Oslo,Ski,2026-06-28,34.0,31,30,4527.4516129032254,0,11.950563098689489,0.28,0.907563025210084
no,Oslo,Ski,2026-06-28,35.0,59,58,5407.593220338983,0,13.718448414661683,0.28695652173913044,0.9866071428571429
no,Oslo,Ski,2026-06-28,36.0,33,31,6887.969696969697,0,9.6922001898959067,0.2810810810810811,0.98882681564245811
no,Oslo,Ski,2026-06-28,37.0,11,11,4874.272727272727,0,13.917184743025743,0.35416666666666669,0.9555555555555556
no,Oslo,Ski,2026-06-28,38.0,36,36,4748.5,0.004429472,15.605756783119707,0.34090909090909088,0.9296875
no,Oslo,Ski,2026-06-28,39.0,5,5,10055.8,0,14.033865956865055,0.42857142857142855,0.42857142857142855
no,Oslo,Ski,2026-06-28,40.0,20,19,6355.105263157895,0.050981873,18.885338817534951,0.23529411764705882,0.84848484848484851
no,Oslo,Ski,2026-06-28,41.0,28,26,5094.0384615384619,0.089241294,17.140143260978757,0.24175824175824176,0.91111111111111109
no,Oslo,Ski,2026-06-29,,5,4,7596.25,0,0.0,0.13636363636363635,0.045454545454545456
no,Oslo,Ski,2026-06-29,20.0,2,1,228.0,0,18.472766844428552,0.15789473684210525,1.0
no,Oslo,Ski,2026-06-29,27.0,1,1,5313.0,0,5.6440445062797009,0.125,1.0
no,Oslo,Ski,2026-06-29,28.0,2,2,888.0,0,16.245418089715056,0.125,1.0
no,Oslo,Ski,2026-06-29,32.0,16,14,3248.8571428571427,0.013012362,16.871060301835872,0.26785714285714285,0.98113207547169812
no,Oslo,Ski,2026-06-29,34.0,30,27,4327.8888888888887,0.112922465,15.841691282540959,0.21052631578947367,0.97810218978102192
no,Oslo,Ski,2026-06-29,36.0,9,8,2142.8888888888887,0.206373883,18.445248094636693,0.25,0.97142857142857142
no,Oslo,Ski,2026-06-29,38.0,9,8,3567.1111111111113,0.255978048,18.554135993763225,0.4,0.96969696969696972
no,Oslo,Ski,2026-06-29,39.0,30,28,4958.9642857142853,0.152101455,18.390887730397697,0.24113475177304963,0.96296296296296291
no,Oslo,Ski,2026-06-29,40.0,8,8,5570.875,0.152315914,18.014218178851216,0.19148936170212766,0.97826086956521741
no,Oslo,Ski,2026-06-29,41.0,13,13,4148.4615384615381,0.298061604,19.263091609163482,0.22619047619047619,1.0
no,Oslo,Ski,2026-06-29,42.0,4,4,3560.5,0.32208589,19.175323325604396,0.17647058823529413,1.0
no,Oslo,Ski,2026-06-29,43.0,18,14,5193.7333333333336,0.208210423,19.281216685311769,0.14166666666666666,0.94186046511627908
no,Oslo,Ski,2026-06-29,44.0,20,20,3063.55,0.315614618,21.786660609790072,0.10126582278481013,1.0
no,Oslo,Ski,2026-06-29,45.0,1,1,5325.0,0.262156448,20.177749752923621,0.0,1.0
no,Oslo,Ski,2026-06-29,46.0,5,5,8623.6,0.038086602,17.095047426338386,0.15625,1.0
no,Oslo,Ski,2026-06-29,47.0,7,7,5881.1428571428569,0.293113482,20.941616092920935,0.18518518518518517,0.98039215686274506
no,Oslo,Ski,2026-06-29,48.0,2,2,4381.5,0.293125,25.591338557106553,0.18181818181818182,1.0
no,Oslo,Ski,2026-06-29,49.0,11,11,4695.909090909091,0.164796847,19.800524113953571,0.21428571428571427,1.0
no,Oslo,Ski,2026-06-29,50.0,8,8,3959.75,0.436321439,23.616368327667963,0.1111111111111111,1.0
no,Oslo,Ski,2026-06-29,53.0,1,1,8639.0,0.16893733,23.02336184254029,0.14285714285714285,1.0
no,Oslo,Ski,2026-06-29,54.0,3,3,10588.666666666666,0.23930131,20.44762112356376,0.41860465116279072,1.0
no,Oslo,Ski,2026-06-29,61.0,1,1,10535.0,,27.677163503124323,0.090909090909090912,1.0
no,Oslo,Ski,2026-06-29,66.0,2,2,6499.0,0.259125964,29.061110294838105,0.23529411764705882,0.6875
no,Oslo,Ski,2026-06-30,,1,1,1634.0,,0.0,0.2,0.2
no,Oslo,Ski,2026-06-30,23.0,3,3,4933.333333333333,0,9.0,0.18181818181818182,0.94736842105263153
no,Oslo,Ski,2026-06-30,25.0,3,2,4389.0,0,9.0,0.083333333333333329,0.91666666666666663
no,Oslo,Ski,2026-06-30,28.0,4,4,8315.5,0,10.168990923386659,0.18421052631578946,0.97142857142857142
no,Oslo,Ski,2026-06-30,29.0,1,1,5246.0,0,9.6428571428571423,0.071428571428571425,0.9285714285714286
no,Oslo,Ski,2026-06-30,30.0,5,5,5478.4,0,10.788275900230149,0.2,1.0
no,Oslo,Ski,2026-06-30,31.0,10,10,3937.4,0,13.259813008996089,0.21276595744680851,1.0
no,Oslo,Ski,2026-06-30,33.0,23,22,6314.090909090909,0,11.685703424737181,0.18181818181818182,1.0
no,Oslo,Ski,2026-06-30,34.0,9,9,4963.1111111111113,0,12.429426074996629,0.20930232558139536,0.97435897435897434
no,Oslo,Ski,2026-06-30,36.0,27,26,3957.8461538461538,0.160409843,16.287912395161932,0.25,1.0
no,Oslo,Ski,2026-06-30,37.0,15,15,5345.0,0.10734898,13.719753162153742,0.25510204081632654,1.0
no,Oslo,Ski,2026-06-30,38.0,4,4,2527.25,0.140517241,20.665036004185946,0.22580645161290322,1.0
no,Oslo,Ski,2026-06-30,39.0,23,22,4939.5,0.202265114,19.401329921492486,0.21904761904761905,0.99019607843137258
no,Oslo,Ski,2026-06-30,40.0,3,3,2868.6666666666665,0.253228121,49.152479349063093,0.42857142857142855,0.7142857142857143
no,Oslo,Ski,2026-06-30,41.0,20,19,3274.6315789473683,0.258836035,18.649161706318946,0.19469026548672566,0.990909090909091
no,Oslo,Ski,2026-06-30,42.0,1,1,8134.0,0,13.333333333333334,0.16666666666666666,1.0
no,Oslo,Ski,2026-06-30,43.0,33,32,5765.424242424242,0.223718104,20.044005624066806,0.25899280575539568,0.99248120300751874
no,Oslo,Ski,2026-06-30,44.0,28,27,6119.0740740740739,0.192658162,20.135483899458364,0.25663716814159293,1.0
no,Oslo,Ski,2026-06-30,46.0,11,10,7553.2,0.243976822,21.790066209326554,0.21951219512195122,1.0
no,Oslo,Ski,2026-06-30,47.0,8,8,5611.25,0.222067039,21.541434014270621,0.18965517241379309,1.0
no,Oslo,Ski,2026-06-30,48.0,10,9,6115.2,0.22256761,20.993586325249979,0.31034482758620691,1.0
no,Oslo,Ski,2026-06-30,50.0,3,3,8633.6666666666661,0.222148541,20.023623636800629,0.18181818181818182,1.0
no,Oslo,Ski,2026-06-30,51.0,1,1,2183.0,,23.797684788501325,0.076923076923076927,1.0
no,Oslo,Ski,2026-06-30,52.0,6,6,4099.166666666667,0.207043757,22.164135047117206,0.15384615384615385,1.0
no,Oslo,Ski,2026-06-30,57.0,11,10,6908.909090909091,0.249091593,26.672769590404414,0.15789473684210525,0.972972972972973
no,Oslo,Ski,2026-06-30,59.0,5,5,6495.0,0.242793081,21.760309606065583,0.064516129032258063,0.96666666666666667
no,Oslo,Ski,2026-06-30,61.0,3,3,12594.666666666666,0.273530711,23.524097704701745,0.0625,1.0
no,Oslo,Ski,2026-06-30,80.0,2,2,14620.5,0.168257757,23.364166216369096,0.0,1.0